Date,open,high,low,close,volume
2015-01-01,585.25,585.25,580.0,581.25,52582
2015-01-05,592.0,592.0,589.0,589.0,60768
2015-01-06,587.5,591.75,587.5,591.75,76501
2015-01-07,581.0,581.0,579.5,579.5,63480
2015-01-08,571.5,571.5,566.0,567.0,74936
2015-01-09,570.75,573.5,563.75,563.75,84799
2015-01-12,565.0,565.0,555.5,555.5,109914
2015-01-13,559.25,559.25,548.0,548.0,101174
2015-01-14,538.0,538.75,537.0,537.75,111757
2015-01-15,533.25,537.75,532.75,532.75,92240
2015-01-16,532.0,532.75,532.0,532.75,79790
2015-01-20,536.0,537.0,532.75,537.0,94783
2015-01-21,542.5,542.5,536.0,536.75,77397
2015-01-22,536.0,564.25,533.75,533.75,68046
2015-01-23,535.0,535.25,530.0,530.0,95295
2015-01-26,526.25,526.25,519.5,520.5,88151
2015-01-27,524.0,524.0,518.75,519.0,73259
2015-01-28,513.75,513.75,505.25,505.25,141254
2015-01-29,509.5,509.5,507.75,507.75,130056
2015-01-30,502.0,507.75,502.0,502.75,111001
2015-02-02,496.5,496.5,492.25,492.75,102766
2015-02-03,511.75,513.75,511.75,513.75,110704
2015-02-04,512.0,512.0,511.0,511.0,109407
2015-02-05,520.0,526.5,520.0,525.75,152041
2015-02-06,519.75,527.75,519.75,527.0,150095
2015-02-09,529.0,529.75,527.0,529.75,144202
2015-02-10,525.0,525.0,521.0,521.75,171283
2015-02-11,521.5,526.75,520.75,525.75,195606
2015-02-12,519.75,523.75,519.75,519.75,196173
2015-02-13,529.5,529.5,519.75,529.25,177100
2015-02-17,531.75,531.75,529.25,531.75,134871
2015-02-18,523.5,531.75,523.0,523.75,151421
2015-02-19,522.5,522.5,519.5,519.5,126332
2015-02-20,511.25,511.25,507.0,507.0,175272
2015-02-23,508.75,508.75,503.5,504.0,129089
2015-02-24,507.25,507.25,503.5,503.75,97167
2015-02-25,497.5,498.0,497.25,497.25,88076
2015-02-26,498.25,501.0,498.25,500.5,101557
2015-02-27,513.0,513.0,512.0,513.0,97701
2015-03-02,500.25,500.75,499.75,500.0,86693
2015-03-03,506.0,506.0,500.0,506.0,87523
2015-03-04,496.0,496.0,496.0,496.0,194061
2015-03-05,481.5,481.5,480.5,480.5,169585
2015-03-06,482.25,483.0,480.5,482.5,133577
2015-03-09,490.5,490.5,490.0,490.0,102867
2015-03-10,493.0,494.0,493.0,493.25,83303
2015-03-11,497.25,500.0,497.25,499.0,95170
2015-03-12,507.0,507.25,499.0,507.25,119350
2015-03-13,501.0,507.25,501.0,502.0,93256
2015-03-16,514.5,515.0,502.0,514.0,90997
2015-03-17,504.0,514.0,503.5,503.5,85633
2015-03-18,511.0,512.0,510.75,510.75,66279
2015-03-19,512.0,512.5,510.75,512.0,92869
2015-03-20,530.0,530.5,512.0,530.0,100657
2015-03-23,534.5,534.5,530.0,534.0,81157
2015-03-24,523.5,534.0,523.25,523.5,92787
2015-03-25,520.5,520.5,519.0,519.0,72851
2015-03-26,499.0,499.5,499.0,499.25,130167
2015-03-27,504.5,509.0,504.5,507.75,92736
2015-03-30,530.0,531.0,530.0,530.25,140682
2015-03-31,527.0,527.0,511.5,511.75,182604
2015-04-01,529.0,529.0,528.0,528.5,137529
2015-04-02,533.5,536.25,528.5,536.25,161339
2015-04-06,528.5,528.5,527.75,527.75,89629
2015-04-07,526.0,527.75,526.0,526.0,149280
2015-04-08,526.75,526.75,526.25,526.25,178530
2015-04-09,517.5,523.75,517.5,517.5,170145
2015-04-10,522.25,524.0,522.25,524.0,193916
2015-04-13,503.5,503.5,500.0,500.25,212334
2015-04-14,496.5,500.25,496.5,496.5,205588
2015-04-15,489.0,496.5,489.0,489.0,176182
2015-04-16,490.75,491.0,490.5,490.75,174708
2015-04-17,488.75,490.75,488.0,489.25,129422
2015-04-20,498.25,498.25,489.25,498.25,139471
2015-04-21,501.0,503.5,499.0,500.25,144535
2015-04-22,499.0,500.25,499.0,499.0,90963
2015-04-23,502.5,504.5,501.25,501.25,116269
2015-04-24,491.75,491.75,488.5,488.5,119562
2015-04-27,486.75,486.75,473.0,473.25,126626
2015-04-28,468.5,476.5,468.5,476.25,143821
2015-04-29,484.0,484.0,483.5,483.5,99739
2015-04-30,473.5,474.0,473.25,474.0,115257
2015-05-01,474.0,474.0,473.5,474.0,72771
2015-05-04,473.0,474.0,472.75,472.75,64807
2015-05-05,466.5,472.75,466.5,466.5,78326
2015-05-06,479.25,479.25,466.5,479.25,104011
2015-05-07,473.0,473.0,472.75,472.75,92827
2015-05-08,476.0,482.0,476.0,481.5,60797
2015-05-11,481.5,481.5,481.0,481.0,83793
2015-05-12,480.5,481.0,480.5,480.5,156151
2015-05-13,486.0,486.0,481.5,481.5,104176
2015-05-14,501.5,515.0,501.5,514.25,204175
2015-05-15,510.5,514.25,509.75,511.0,138473
2015-05-18,526.5,528.5,521.75,521.75,131792
2015-05-19,513.0,513.0,507.25,510.25,124238
2015-05-20,506.0,513.5,506.0,513.0,140273
2015-05-21,517.5,522.0,517.5,522.0,134636
2015-05-22,514.5,516.0,514.5,515.25,120736
2015-05-26,506.75,506.75,492.75,493.5,154096
2015-05-27,487.5,493.5,487.5,487.75,179894
2015-05-28,488.75,488.75,486.5,488.75,148317
2015-05-29,476.0,478.0,476.0,477.0,138994
2015-06-01,495.0,495.0,493.25,493.75,138257
2015-06-02,497.75,512.5,497.75,512.5,150083
2015-06-03,518.25,518.25,509.0,510.75,184528
2015-06-04,513.0,523.75,513.0,523.75,169708
2015-06-05,518.0,523.75,517.0,517.0,264195
2015-06-08,528.0,528.0,517.0,528.0,186683
2015-06-09,532.5,532.5,528.0,532.25,208690
2015-06-10,536.5,536.5,512.5,513.5,293031
2015-06-11,503.0,504.25,502.5,504.25,180704
2015-06-12,503.0,503.75,503.0,503.75,111192
2015-06-15,495.0,495.25,495.0,495.25,164928
2015-06-16,494.75,494.75,494.5,494.5,137921
2015-06-17,497.0,497.0,496.5,497.0,136973
2015-06-18,494.0,497.0,493.25,493.25,152083
2015-06-19,492.5,493.25,492.5,492.5,142972
2015-06-22,506.0,506.0,492.5,506.0,123519
2015-06-23,509.0,527.0,509.0,527.0,180792
2015-06-24,523.0,527.0,521.0,523.25,161215
2015-06-25,533.0,539.0,533.0,538.0,144508
2015-06-26,566.0,568.0,538.0,568.0,351063
2015-06-29,582.0,583.5,568.0,583.5,274573
2015-06-30,616.0,618.0,583.5,615.75,230154
2015-07-01,580.0,588.5,580.0,588.5,217128
2015-07-02,591.0,591.0,588.0,590.5,129481
2015-07-06,595.5,595.5,590.5,595.5,157758
2015-07-07,585.25,585.25,585.25,585.25,142682
2015-07-08,577.5,577.5,577.5,577.5,109901
2015-07-09,578.0,578.0,578.0,578.0,110369
2015-07-10,576.0,576.0,576.0,576.0,136348
2015-07-13,575.75,575.75,575.75,575.75,109679
2015-07-14,571.0,571.0,571.0,571.0,110706
2015-07-15,566.75,566.75,566.75,566.75,122836
2015-07-16,562.25,562.25,562.25,562.25,113171
2015-07-17,554.0,554.0,554.0,554.0,108879
2015-07-20,532.75,532.75,532.75,532.75,111977
2015-07-21,524.75,524.75,524.75,524.75,121588
2015-07-22,516.75,516.75,516.75,516.75,125877
2015-07-23,521.5,521.5,521.5,521.5,87719
2015-07-24,511.75,511.75,511.75,511.75,87061
2015-07-27,502.5,502.5,502.5,502.5,110072
2015-07-28,510.75,510.75,510.75,510.75,145281
2015-07-29,496.25,496.25,496.25,496.25,125604
2015-07-30,496.5,496.5,496.5,496.5,129412
2015-07-31,499.25,499.25,499.25,499.25,139864
2015-08-03,499.0,499.0,499.0,499.0,108709
2015-08-04,493.5,493.5,493.5,493.5,124616
2015-08-05,502.0,502.0,502.0,502.0,137650
2015-08-06,507.0,507.0,507.0,507.0,184709
2015-08-07,510.5,510.5,510.5,510.5,169407
2015-08-10,525.5,525.5,525.5,525.5,173507
2015-08-11,512.25,512.25,512.25,512.25,190585
2015-08-12,497.25,497.25,497.25,497.25,214086
2015-08-13,509.0,509.0,509.0,509.0,155478
2015-08-14,511.75,511.75,511.75,511.75,116641
2015-08-17,504.5,504.5,504.5,504.5,106025
2015-08-18,498.75,498.75,498.75,498.75,107318
2015-08-19,500.0,500.0,500.0,500.0,123151
2015-08-20,511.25,511.25,511.25,511.25,120281
2015-08-21,504.0,504.0,504.0,504.0,112203
2015-08-24,508.0,508.0,508.0,508.0,137137
2015-08-25,499.5,499.5,499.5,499.5,147261
2015-08-26,494.25,494.25,494.25,494.25,107696
2015-08-27,489.75,489.75,489.75,489.75,187854
2015-08-28,483.75,483.75,483.75,483.75,122057
2015-08-31,485.0,485.0,485.0,485.0,115196
2015-09-01,486.25,486.25,486.25,486.25,116020
2015-09-02,479.0,479.0,479.0,479.0,144539
2015-09-03,465.25,465.25,465.25,465.25,143511
2015-09-04,467.75,467.75,467.75,467.75,71888
2015-09-08,475.0,475.0,475.0,475.0,77711
2015-09-09,472.25,472.25,472.25,472.25,88894
2015-09-10,478.0,478.0,478.0,478.0,61817
2015-09-11,485.0,485.0,485.0,485.0,104178
2015-09-14,501.25,501.25,501.25,501.25,104345
2015-09-15,494.75,494.75,494.75,494.75,82786
2015-09-16,488.25,488.25,488.25,488.25,78984
2015-09-17,481.5,481.5,481.5,481.5,59429
2015-09-18,486.75,486.75,486.75,486.75,58287
2015-09-21,496.75,496.75,496.75,496.75,94951
2015-09-22,495.5,495.5,495.5,495.5,75709
2015-09-23,507.5,507.5,507.5,507.5,114096
2015-09-24,497.25,497.25,497.25,497.25,70272
2015-09-25,507.75,507.75,507.75,507.75,77764
2015-09-28,505.5,505.5,505.5,505.5,88857
2015-09-29,503.75,503.75,503.75,503.75,62261
2015-09-30,512.75,512.75,512.75,512.75,143065
2015-10-01,518.25,518.25,518.25,518.25,149247
2015-10-02,513.25,513.25,513.25,513.25,92069
2015-10-05,515.5,515.5,515.5,515.5,70417
2015-10-06,526.25,526.25,526.25,526.25,93470
2015-10-07,516.75,516.75,516.75,516.75,96887
2015-10-08,511.5,511.5,511.5,511.5,100030
2015-10-09,509.25,509.25,509.25,509.25,104864
2015-10-12,506.75,506.75,506.75,506.75,59958
2015-10-13,519.0,519.0,519.0,519.0,97590
2015-10-14,508.25,508.25,508.25,508.25,82441
2015-10-15,502.5,502.5,502.5,502.5,55672
2015-10-16,492.25,492.25,492.25,492.25,132999
2015-10-19,485.75,485.75,485.75,485.75,108186
2015-10-20,491.25,491.25,491.25,491.25,70339
2015-10-21,494.75,494.75,494.75,494.75,68654
2015-10-22,490.75,490.75,490.75,490.75,76798
2015-10-23,490.5,490.5,490.5,490.5,121515
2015-10-26,509.0,509.0,509.0,509.0,161251
2015-10-27,509.25,509.25,509.25,509.25,139982
2015-10-28,506.0,506.0,506.0,506.0,118696
2015-10-29,515.0,515.0,515.0,515.0,164621
2015-10-30,522.0,522.0,522.0,522.0,156281
2015-11-02,508.0,508.0,508.0,508.0,117758
2015-11-03,516.5,516.5,516.5,516.5,112968
2015-11-04,526.25,526.25,526.25,526.25,189061
2015-11-05,526.25,526.25,526.25,526.25,218983
2015-11-06,523.25,523.25,523.25,523.25,182210
2015-11-09,501.75,501.75,501.75,501.75,236825
2015-11-10,490.75,490.75,490.75,490.75,243810
2015-11-11,497.5,497.5,497.5,497.5,181891
2015-11-12,500.25,500.25,500.25,500.25,175132
2015-11-13,497.75,497.75,497.75,497.75,105611
2015-11-16,495.5,495.5,495.5,495.5,88201
2015-11-17,487.0,487.0,487.0,487.0,185212
2015-11-18,485.0,485.0,485.0,485.0,149698
2015-11-19,492.25,492.25,492.25,492.25,128139
2015-11-20,490.0,490.0,490.0,490.0,106933
2015-11-23,497.75,497.75,497.75,497.75,146977
2015-11-24,488.5,488.5,488.5,488.5,135576
2015-11-25,487.5,487.5,487.5,487.5,139828
2015-11-27,479.0,479.0,479.0,479.0,98738
2015-11-30,475.5,475.5,475.5,475.5,200809
2015-12-01,471.5,471.5,471.5,471.5,107422
2015-12-02,467.25,467.25,467.25,467.25,101666
2015-12-03,478.75,478.75,478.75,478.75,99127
2015-12-04,484.5,484.5,484.5,484.5,75021
2015-12-07,482.75,482.75,482.75,482.75,123862
2015-12-08,481.5,481.5,481.5,481.5,72431
2015-12-09,489.75,489.75,489.75,489.75,83884
2015-12-10,495.5,495.5,495.5,495.5,76121
2015-12-11,490.5,490.5,490.5,490.5,63308
2015-12-14,493.5,493.5,493.5,493.5,52475
2015-12-15,494.25,494.25,494.25,494.25,68615
2015-12-16,483.5,483.5,483.5,483.5,79794
2015-12-17,484.0,484.0,484.0,484.0,100120
2015-12-18,486.75,486.75,486.75,486.75,96925
2015-12-21,479.0,479.0,479.0,479.0,63191
2015-12-22,471.75,471.75,471.75,471.75,65769
2015-12-23,469.5,469.5,469.5,469.5,59233
2015-12-24,467.5,467.5,467.5,467.5,32379
2015-12-28,466.5,466.5,466.5,466.5,46064
2015-12-29,475.75,475.75,475.75,475.75,52742
2015-12-30,469.75,469.75,469.75,469.75,54270
2015-12-31,470.0,470.0,470.0,470.0,36603
2014-01-15,627.25,638.5,627.25,627.25,7
2014-01-16,630.0,630.0,627.25,630.0,17
2014-01-17,621.25,630.0,621.25,621.25,6
2014-01-21,617.75,621.25,617.75,617.75,14
2014-01-22,615.25,617.75,615.25,615.25,18
2014-01-23,618.25,618.25,615.25,618.25,15
2014-01-24,615.0,618.25,615.0,615.0,23
2014-01-27,615.5,615.5,615.0,615.5,15
2014-01-28,616.5,616.5,615.5,616.5,2
2014-01-29,602.0,616.5,602.0,602.0,6
2014-01-30,603.5,603.5,602.0,603.5,0
2014-01-31,607.25,607.25,603.5,607.25,2
2014-02-03,614.0,614.0,607.25,614.0,0
2014-02-04,632.5,632.5,614.0,632.5,6
2014-02-05,636.75,636.75,632.5,636.75,8
2014-02-06,630.5,636.75,630.5,630.5,2
2014-02-07,627.25,630.5,627.25,627.25,2
2014-02-10,632.5,632.5,627.25,632.5,0
2014-02-11,634.75,634.75,632.5,634.75,6
2014-02-12,632.25,634.75,632.25,632.25,10
2014-02-13,638.75,638.75,632.25,638.75,4
2014-02-14,637.5,638.75,637.5,637.5,14
2014-02-18,647.0,647.0,637.5,647.0,12
2014-02-19,652.5,652.5,647.0,652.5,16
2014-02-20,653.25,653.25,652.5,653.25,14
2014-02-21,646.0,653.25,646.0,646.0,1
2014-02-24,658.5,658.5,646.0,658.5,2
2014-02-25,659.75,659.75,658.5,659.75,30
2014-02-26,654.5,659.75,654.5,654.5,4
2014-02-27,639.25,654.5,639.25,639.25,52
2014-02-28,651.25,651.25,639.25,651.25,21
2014-03-03,670.5,670.5,651.25,670.5,84
2014-03-04,676.75,676.75,670.5,676.75,78
2014-03-05,677.0,677.0,676.75,677.0,17
2014-03-06,681.75,681.75,677.0,681.75,75
2014-03-07,686.25,686.25,681.75,686.25,181
2014-03-10,676.75,686.25,676.75,676.75,55
2014-03-11,692.5,692.5,676.75,692.5,102
2014-03-12,712.0,712.0,692.5,712.0,75
2014-03-13,704.5,712.0,704.5,704.5,60
2014-03-14,715.25,715.25,704.5,715.25,42
2014-03-17,702.75,715.25,702.75,702.75,28
2014-03-18,720.5,720.5,702.75,720.5,12
2014-03-19,732.5,732.5,720.5,732.5,96
2014-03-20,720.25,732.5,720.25,720.25,62
2014-03-21,713.75,720.25,713.75,713.75,14
2014-03-24,727.5,727.5,713.75,727.5,56
2014-03-25,727.5,727.5,727.5,727.5,28
2014-03-26,727.25,727.5,727.25,727.25,54
2014-03-27,731.75,731.75,727.25,731.75,61
2014-03-28,720.5,731.75,720.5,720.5,12
2014-03-31,720.0,720.5,720.0,720.0,29
2014-04-01,722.75,722.75,720.0,722.75,7
2014-04-02,715.5,722.75,715.5,715.5,56
2014-04-03,723.75,723.75,715.5,723.75,14
2014-04-04,723.0,723.75,723.0,723.0,45
2014-04-07,730.25,730.25,723.0,730.25,78
2014-04-08,734.25,734.25,730.25,734.25,113
2014-04-09,722.5,734.25,722.5,722.5,95
2014-04-10,716.75,722.5,716.75,716.75,18
2014-04-11,717.25,717.25,716.75,717.25,0
2014-04-14,728.25,728.25,717.25,728.25,36
2014-04-15,744.0,744.0,728.25,744.0,146
2014-04-16,730.0,744.0,730.0,730.0,49
2014-04-17,731.0,731.0,730.0,731.0,17
2014-04-21,710.0,731.0,710.0,710.0,86
2014-04-22,718.75,718.75,710.0,718.75,15
2014-04-23,722.5,722.5,718.75,722.5,1
2014-04-24,734.25,734.25,722.5,734.25,23
2014-04-25,742.0,742.0,734.25,742.0,560
2014-04-28,743.25,743.25,742.0,743.25,41
2014-04-29,748.75,748.75,743.25,748.75,110
2014-04-30,754.75,754.75,748.75,754.75,131
2014-05-01,744.25,754.75,744.25,744.25,148
2014-05-02,749.25,749.25,744.25,749.25,206
2014-05-05,755.25,755.25,749.25,755.25,297
2014-05-06,766.75,766.75,755.25,766.75,171
2014-05-07,769.75,769.75,766.75,769.75,215
2014-05-08,768.0,769.75,768.0,768.0,154
2014-05-09,764.5,768.0,764.5,764.5,133
2014-05-12,763.5,764.5,763.5,763.5,217
2014-05-13,761.25,763.5,761.25,761.25,420
2014-05-14,752.0,761.25,752.0,752.0,426
2014-05-15,736.25,752.0,736.25,736.25,244
2014-05-16,730.75,736.25,730.75,730.75,295
2014-05-19,732.0,732.0,730.75,732.0,232
2014-05-20,728.5,732.0,728.5,728.5,269
2014-05-21,729.5,729.5,728.5,729.5,407
2014-05-22,728.5,729.5,728.5,728.5,214
2014-05-23,724.5,728.5,724.5,724.5,74
2014-05-27,712.75,724.5,712.75,712.75,137
2014-05-28,712.5,712.75,712.5,712.5,213
2014-05-29,707.0,712.5,707.0,707.0,176
2014-05-30,706.75,707.0,706.75,706.75,74
2014-06-02,702.25,706.75,702.25,702.25,76
2014-06-03,696.0,702.25,696.0,696.0,230
2014-06-04,696.25,696.25,696.0,696.25,81
2014-06-05,690.5,696.25,690.5,690.5,110
2014-06-06,706.5,706.5,690.5,706.5,204
2014-06-09,705.0,706.5,705.0,705.0,439
2014-06-10,697.25,705.0,697.25,697.25,351
2014-06-11,684.5,697.25,684.5,684.5,54
2014-06-12,675.75,684.5,675.75,675.75,83
2014-06-13,673.75,675.75,673.75,673.75,247
2014-06-16,667.75,673.75,667.75,667.75,161
2014-06-17,670.0,670.0,667.75,670.0,47
2014-06-18,676.5,676.5,670.0,676.5,95
2014-06-19,682.0,682.0,676.5,682.0,180
2014-06-20,674.0,682.0,674.0,674.0,61
2014-06-23,679.25,679.25,674.0,679.25,314
2014-06-24,673.5,679.25,673.5,673.5,614
2014-06-25,675.25,675.25,673.5,675.25,163
2014-06-26,667.5,675.25,667.5,667.5,106
2014-06-27,675.75,675.75,667.5,675.75,125
2014-06-30,663.75,675.75,663.75,663.75,107
2014-07-01,666.5,666.5,663.75,666.5,270
2014-07-02,670.75,670.75,666.5,670.75,339
2014-07-03,672.5,672.5,670.75,672.5,218
2014-07-07,652.0,672.5,652.0,652.0,122
2014-07-08,654.0,654.0,652.0,654.0,254
2014-07-09,648.0,654.0,648.0,648.0,391
2014-07-10,640.75,648.0,640.75,640.75,367
2014-07-11,622.0,640.75,622.0,622.0,367
2014-07-14,634.5,634.5,622.0,634.5,232
2014-07-15,636.5,636.5,634.5,636.5,146
2014-07-16,637.0,637.0,636.5,637.0,146
2014-07-17,646.5,646.5,637.0,646.5,248
2014-07-18,631.0,646.5,631.0,631.0,198
2014-07-21,632.75,632.75,631.0,632.75,193
2014-07-22,628.75,632.75,628.75,628.75,228
2014-07-23,635.25,635.25,628.75,635.25,148
2014-07-24,628.25,635.25,628.25,628.25,205
2014-07-25,636.0,636.0,628.25,636.0,273
2014-07-28,633.75,636.0,633.75,633.75,91
2014-07-29,622.0,633.75,622.0,622.0,413
2014-07-30,625.0,625.0,622.0,625.0,131
2014-07-31,622.5,625.0,622.5,622.5,124
2014-08-01,622.0,622.5,622.0,622.0,202
2014-08-04,629.75,629.75,622.0,629.75,413
2014-08-05,638.5,638.5,629.75,638.5,227
2014-08-06,647.25,647.25,638.5,647.25,1269
2014-08-07,643.75,647.25,643.75,643.75,196
2014-08-08,631.25,643.75,631.25,631.25,405
2014-08-11,625.75,631.25,625.75,625.75,146
2014-08-12,619.25,625.75,619.25,619.25,581
2014-08-13,616.75,619.25,616.75,616.75,276
2014-08-14,622.0,622.0,616.75,622.0,97
2014-08-15,630.75,630.75,622.0,630.75,241
2014-08-18,621.0,630.75,621.0,621.0,212
2014-08-19,623.0,623.0,621.0,623.0,278
2014-08-20,613.75,623.0,613.75,613.75,107
2014-08-21,615.25,615.25,613.75,615.25,64
2014-08-22,621.0,621.0,615.25,621.0,142
2014-08-25,616.75,621.0,616.75,616.75,115
2014-08-26,618.25,618.25,616.75,618.25,602
2014-08-27,621.75,621.75,618.25,621.75,396
2014-08-28,627.0,627.0,621.75,627.0,308
2014-08-29,623.25,627.0,623.25,623.25,595
2014-09-02,616.0,623.25,616.0,616.0,177
2014-09-03,604.5,616.0,604.5,604.5,615
2014-09-04,599.25,604.5,599.25,599.25,270
2014-09-05,600.5,600.5,599.25,600.5,546
2014-09-08,599.25,600.5,599.25,599.25,161
2014-09-09,591.5,599.25,591.5,591.5,263
2014-09-10,584.25,591.5,584.25,584.25,190
2014-09-11,572.75,584.25,572.75,572.75,291
2014-09-12,565.75,572.75,565.75,565.75,205
2014-09-15,565.25,565.75,565.25,565.25,119
2014-09-16,561.0,565.25,561.0,561.0,432
2014-09-17,565.0,565.0,561.0,565.0,271
2014-09-18,555.25,565.0,555.25,555.25,179
2014-09-19,541.75,555.25,541.75,541.75,219
2014-09-22,538.25,541.75,538.25,538.25,793
2014-09-23,534.5,538.25,534.5,534.5,311
2014-09-24,535.5,535.5,534.5,535.5,1077
2014-09-25,531.0,535.5,531.0,531.0,902
2014-09-26,530.25,531.0,530.25,530.25,550
2014-09-29,534.5,534.5,530.25,534.5,280
2014-09-30,531.75,534.5,531.75,531.75,569
2014-10-01,537.5,537.5,531.75,537.5,940
2014-10-02,541.25,541.25,537.5,541.25,1670
2014-10-03,541.5,541.5,541.25,541.5,520
2014-10-06,548.75,548.75,541.5,548.75,680
2014-10-07,561.5,561.5,548.75,561.5,582
2014-10-08,562.0,562.0,561.5,562.0,262
2014-10-09,547.5,562.0,547.5,547.5,5623
2014-10-10,550.5,550.5,547.5,550.5,761
2014-10-13,556.75,556.75,550.5,556.75,508
2014-10-14,562.0,562.0,556.75,562.0,602
2014-10-15,557.0,562.0,557.0,557.0,538
2014-10-16,566.5,566.5,557.0,566.5,635
2014-10-17,564.25,566.5,564.25,564.25,599
2014-10-20,562.25,564.25,562.25,562.25,330
2014-10-21,568.75,568.75,562.25,568.75,875
2014-10-22,571.75,571.75,568.75,571.75,479
2014-10-23,577.25,577.25,571.75,577.25,658
2014-10-24,568.5,577.25,568.5,568.5,507
2014-10-27,574.0,574.0,568.5,574.0,764
2014-10-28,582.75,582.75,574.0,582.75,623
2014-10-29,588.5,588.5,588.5,588.5,801
2014-10-30,587.5,588.5,587.5,587.5,802
2014-10-31,583.0,587.5,583.0,583.0,723
2014-11-03,586.75,586.75,583.0,586.75,1326
2014-11-04,578.0,586.75,578.0,578.0,1780
2014-11-05,572.75,578.0,572.75,572.75,1619
2014-11-06,569.0,572.75,569.0,569.0,1484
2014-11-07,563.25,569.0,563.25,563.25,1965
2014-11-10,564.25,564.25,563.25,564.25,2576
2014-11-11,567.0,567.0,564.25,567.0,759
2014-11-12,581.5,582.25,581.5,582.25,1393
2014-11-13,589.0,589.0,582.25,589.0,1051
2014-11-14,595.5,595.5,589.0,595.5,1266
2014-11-17,587.25,595.5,587.25,587.25,967
2014-11-18,584.25,587.25,584.25,584.25,755
2014-11-19,574.25,584.25,574.25,574.25,364
2014-11-20,585.0,585.0,574.25,585.0,695
2014-11-21,586.0,586.0,585.0,586.0,638
2014-11-24,583.0,586.0,583.0,583.0,277
2014-11-25,589.5,589.5,583.0,589.5,697
2014-11-26,592.75,592.75,589.5,592.75,755
2014-11-28,606.25,606.25,592.75,606.25,1306
2014-12-01,630.0,632.75,606.25,632.75,1384
2014-12-02,629.25,632.75,629.25,629.25,2128
2014-12-03,616.25,629.25,616.25,616.25,1498
2014-12-04,617.25,617.25,616.25,617.25,1907
2014-12-05,620.5,620.5,617.25,620.5,1121
2014-12-08,621.75,621.75,620.5,621.75,1165
2014-12-09,611.0,621.75,611.0,611.0,1589
2014-12-10,608.5,611.0,608.5,608.5,1754
2014-12-11,622.25,622.25,608.5,622.25,1056
2014-12-12,627.0,627.0,622.25,627.0,3556
2014-12-15,638.75,638.75,627.0,638.75,1856
2014-12-16,643.0,643.0,638.75,643.0,3510
2014-12-17,663.5,663.5,643.0,663.5,3060
2014-12-18,670.0,670.0,663.5,670.0,7793
2014-12-19,650.75,670.0,650.75,650.75,5403
2014-12-22,646.25,650.75,646.25,646.25,3086
2014-12-23,653.75,653.75,646.25,653.75,2409
2014-12-24,633.25,653.75,633.25,633.25,767
2014-12-26,633.75,633.75,633.25,633.75,630
2014-12-29,637.5,637.5,633.75,637.5,1025
2014-12-30,625.25,637.5,625.25,625.25,1394
2014-12-31,614.75,625.25,614.75,614.75,1368
2015-01-02,606.75,614.75,606.75,606.75,1397
2015-01-05,612.25,612.25,606.75,612.25,1662
2015-01-06,615.5,615.5,612.25,615.5,2826
2015-01-07,605.0,615.5,605.0,605.0,1682
2015-01-08,594.25,605.0,594.25,594.25,2243
2015-01-09,589.75,594.25,589.75,589.75,1647
2015-01-12,582.25,589.75,582.25,582.25,2463
2015-01-13,576.25,582.25,576.25,576.25,3767
2015-01-14,564.25,576.25,564.25,564.25,4591
2015-01-15,559.25,564.25,559.25,559.25,2829
2015-01-16,557.75,559.25,557.75,557.75,2065
2015-01-20,563.75,563.75,557.75,563.75,2428
2015-01-21,562.5,563.75,562.5,562.5,1753
2015-01-22,560.25,562.5,560.25,560.25,1577
2015-01-23,555.75,560.25,555.75,555.75,2811
2015-01-26,549.25,555.75,549.25,549.25,2168
2015-01-27,549.0,549.25,549.0,549.0,2544
2015-01-28,537.25,549.0,537.25,537.25,6247
2015-01-29,537.75,537.75,537.25,537.75,2658
2015-01-30,532.25,537.75,532.25,532.25,3377
2015-02-02,523.25,532.25,523.25,523.25,4334
2015-02-03,543.75,543.75,523.25,543.75,2404
2015-02-04,539.5,543.75,539.5,539.5,3579
2015-02-05,549.0,549.0,539.5,549.0,3320
2015-02-06,550.75,550.75,549.0,550.75,3395
2015-02-09,553.25,553.25,550.75,553.25,2731
2015-02-10,547.5,553.25,547.5,547.5,4014
2015-02-11,548.0,548.0,547.5,548.0,4020
2015-02-12,543.25,548.0,543.25,543.25,5026
2015-02-13,552.5,552.5,543.25,552.5,5093
2015-02-17,555.75,555.75,552.5,555.75,2563
2015-02-18,546.25,555.75,546.25,546.25,3789
2015-02-19,542.0,546.25,542.0,542.0,4165
2015-02-20,531.75,542.0,531.75,531.75,6449
2015-02-23,530.0,530.25,530.0,530.0,4376
2015-02-24,530.0,530.0,530.0,530.0,3282
2015-02-25,524.0,530.0,524.0,524.0,5919
2015-02-26,527.0,527.0,524.0,527.0,4205
2015-02-27,538.5,538.5,527.0,538.5,3936
2015-03-02,526.5,538.5,526.5,526.5,3353
2015-03-03,532.5,532.5,526.5,532.5,4681
2015-03-04,529.5,529.5,528.5,528.5,13293
2015-03-05,514.5,515.0,514.5,515.0,13900
2015-03-06,513.25,513.5,510.25,510.25,10795
2015-03-09,518.5,518.5,510.25,518.5,6829
2015-03-10,521.75,521.75,518.5,521.75,3768
2015-03-11,524.75,524.75,521.75,524.75,5803
2015-03-12,531.5,531.5,524.75,531.5,8514
2015-03-13,526.0,531.5,526.0,526.0,4436
2015-03-16,539.25,539.25,526.0,539.25,3950
2015-03-17,530.75,539.25,530.75,530.75,5617
2015-03-18,538.5,538.5,530.75,538.5,3665
2015-03-19,539.0,539.0,538.5,538.5,6656
2015-03-20,556.0,556.0,538.5,556.0,2772
2015-03-23,560.25,560.25,556.0,560.25,3212
2015-03-24,552.0,560.25,552.0,552.0,5331
2015-03-25,548.0,552.0,548.0,548.0,4143
2015-03-26,529.0,529.0,528.75,528.75,4938
2015-03-27,535.0,535.0,528.75,535.0,3888
2015-03-30,555.25,555.25,535.0,555.25,6858
2015-03-31,537.25,555.25,537.25,537.25,12902
2015-04-01,551.5,552.0,551.5,552.0,5839
2015-04-02,558.25,558.25,552.0,558.25,9335
2015-04-06,551.5,551.5,550.0,550.0,3661
2015-04-07,554.25,554.25,546.75,546.75,6846
2015-04-08,546.5,546.75,546.5,546.5,6288
2015-04-09,540.0,546.5,540.0,540.0,5795
2015-04-10,546.5,546.5,540.0,546.5,3730
2015-04-13,523.5,546.5,523.5,523.5,7480
2015-04-14,520.25,523.5,520.25,520.25,10534
2015-04-15,513.0,520.25,512.75,512.75,9130
2015-04-16,514.75,514.75,512.75,514.75,10526
2015-04-17,513.25,514.75,513.25,513.25,9782
2015-04-20,518.5,522.0,518.5,522.0,4776
2015-04-21,524.25,524.25,522.0,524.25,10559
2015-04-22,523.5,524.25,523.5,523.5,6615
2015-04-23,527.25,527.25,523.5,527.25,10754
2015-04-24,515.0,527.25,515.0,515.0,8052
2015-04-27,500.25,515.0,500.25,500.25,11402
2015-04-28,503.25,503.25,500.25,503.25,13003
2015-04-29,511.5,511.5,503.25,511.5,8660
2015-04-30,502.25,511.5,502.25,502.25,13272
2015-05-01,496.0,500.75,496.0,500.75,7814
2015-05-04,498.25,500.75,498.25,498.25,9817
2015-05-05,491.25,498.25,491.25,491.25,10167
2015-05-06,504.0,504.0,491.25,504.0,11722
2015-05-07,497.75,504.0,497.75,497.75,14278
2015-05-08,506.25,506.25,497.75,506.25,10581
2015-05-11,505.0,506.25,505.0,505.0,12488
2015-05-12,504.5,505.0,504.5,504.5,20415
2015-05-13,498.0,504.5,497.25,504.5,15393
2015-05-14,536.25,536.25,504.5,536.25,23041
2015-05-15,532.0,536.25,532.0,532.0,18010
2015-05-18,543.5,543.5,532.0,543.5,17819
2015-05-19,533.5,543.5,533.5,533.5,14161
2015-05-20,533.5,533.5,533.5,533.5,23860
2015-05-21,542.5,542.5,533.5,542.5,18373
2015-05-22,537.0,542.5,537.0,537.0,18972
2015-05-26,515.75,537.0,515.75,515.75,20890
2015-05-27,506.75,515.75,506.75,506.75,26280
2015-05-28,509.5,509.5,506.75,509.5,23510
2015-05-29,497.0,509.5,497.0,497.0,18804
2015-06-01,512.25,512.75,512.25,512.75,15290
2015-06-02,530.75,530.75,512.75,530.75,16700
2015-06-03,528.5,530.75,528.5,528.5,25010
2015-06-04,540.0,543.0,540.0,543.0,22375
2015-06-05,533.0,543.0,533.0,533.0,37409
2015-06-08,546.0,546.0,533.0,546.0,18841
2015-06-09,552.0,552.0,546.0,552.0,32952
2015-06-10,535.0,552.0,535.0,535.0,34762
2015-06-11,528.5,528.5,525.5,525.5,23953
2015-06-12,524.75,525.5,524.75,524.75,14231
2015-06-15,509.75,524.75,509.75,509.75,21534
2015-06-16,508.25,509.75,508.25,508.25,17297
2015-06-17,510.75,510.75,508.25,510.75,14674
2015-06-18,507.25,510.75,507.25,507.25,21601
2015-06-19,506.25,507.25,506.25,506.25,16553
2015-06-22,519.5,519.5,506.25,519.5,18907
2015-06-23,539.0,539.0,539.0,539.0,27995
2015-06-24,535.0,539.0,535.0,535.0,24053
2015-06-25,548.5,548.5,535.0,548.5,21786
2015-06-26,574.0,576.0,548.5,576.0,66509
2015-06-29,590.75,590.75,576.0,590.75,54957
2015-06-30,622.0,622.0,590.75,622.0,50843
2015-07-01,596.75,622.0,596.75,596.75,58570
2015-07-02,599.25,599.25,596.75,599.25,31774
2015-07-06,591.25,603.75,591.25,603.75,43036
2015-07-07,592.75,592.75,592.75,592.75,38832
2015-07-08,584.75,584.75,584.75,584.75,34573
2015-07-09,586.0,586.0,586.0,586.0,33950
2015-07-10,583.5,583.5,583.5,583.5,39419
2015-07-13,582.0,582.0,582.0,582.0,36043
2015-07-14,576.5,576.5,576.5,576.5,32592
2015-07-15,574.5,574.5,574.5,574.5,38759
2015-07-16,571.0,571.0,571.0,571.0,37752
2015-07-17,563.5,563.5,563.5,563.5,33566
2015-07-20,542.5,542.5,542.5,542.5,37592
2015-07-21,533.25,533.25,533.25,533.25,37319
2015-07-22,524.5,524.5,524.5,524.5,37709
2015-07-23,528.75,528.75,528.75,528.75,25482
2015-07-24,519.75,519.75,519.75,519.75,22970
2015-07-27,511.75,511.75,511.75,511.75,38304
2015-07-28,520.25,520.25,520.25,520.25,50520
2015-07-29,505.25,505.25,505.25,505.25,41727
2015-07-30,504.25,504.25,504.25,504.25,47287
2015-07-31,504.75,504.75,504.75,504.75,50499
2015-08-03,505.0,505.0,505.0,505.0,37222
2015-08-04,500.25,500.25,500.25,500.25,40604
2015-08-05,507.25,507.25,507.25,507.25,45747
2015-08-06,511.25,511.25,511.25,511.25,65611
2015-08-07,515.75,515.75,515.75,515.75,62833
2015-08-10,529.5,529.5,529.5,529.5,65568
2015-08-11,512.25,512.25,512.25,512.25,78264
2015-08-12,497.25,497.25,497.25,497.25,92547
2015-08-13,509.0,509.0,509.0,509.0,67233
2015-08-14,511.75,511.75,511.75,511.75,52354
2015-08-17,504.5,504.5,504.5,504.5,49475
2015-08-18,498.75,498.75,498.75,498.75,54986
2015-08-19,500.0,500.0,500.0,500.0,61932
2015-08-20,511.25,511.25,511.25,511.25,65085
2015-08-21,504.0,504.0,504.0,504.0,59936
2015-08-24,508.0,508.0,508.0,508.0,83197
2015-08-25,499.5,499.5,499.5,499.5,91360
2015-08-26,494.25,494.25,494.25,494.25,66035
2015-08-27,489.75,489.75,489.75,489.75,114153
2015-08-28,483.75,483.75,483.75,483.75,76471
2015-08-31,485.0,485.0,485.0,485.0,71578
2015-09-01,486.25,486.25,486.25,486.25,73628
2015-09-02,479.0,479.0,479.0,479.0,78632
2015-09-03,465.25,465.25,465.25,465.25,87277
2015-09-04,467.75,467.75,467.75,467.75,48305
2015-09-08,475.0,475.0,475.0,475.0,53342
2015-09-09,472.25,472.25,472.25,472.25,57830
2015-09-10,478.0,478.0,478.0,478.0,41878
2015-09-11,485.0,485.0,485.0,485.0,75842
2015-09-14,501.25,501.25,501.25,501.25,80355
2015-09-15,494.75,494.75,494.75,494.75,58317
2015-09-16,488.25,488.25,488.25,488.25,57613
2015-09-17,481.5,481.5,481.5,481.5,41222
2015-09-18,486.75,486.75,486.75,486.75,44517
2015-09-21,496.75,496.75,496.75,496.75,67083
2015-09-22,495.5,495.5,495.5,495.5,51729
2015-09-23,507.5,507.5,507.5,507.5,76320
2015-09-24,497.25,497.25,497.25,497.25,55079
2015-09-25,507.75,507.75,507.75,507.75,59650
2015-09-28,505.5,505.5,505.5,505.5,67309
2015-09-29,503.75,503.75,503.75,503.75,46925
2015-09-30,512.75,512.75,512.75,512.75,103544
2015-10-01,518.25,518.25,518.25,518.25,95783
2015-10-02,513.25,513.25,513.25,513.25,62642
2015-10-05,515.5,515.5,515.5,515.5,51397
2015-10-06,526.25,526.25,526.25,526.25,68615
2015-10-07,516.75,516.75,516.75,516.75,68717
2015-10-08,511.5,511.5,511.5,511.5,68794
2015-10-09,509.25,509.25,509.25,509.25,80570
2015-10-12,506.75,506.75,506.75,506.75,43655
2015-10-13,519.0,519.0,519.0,519.0,68044
2015-10-14,508.25,508.25,508.25,508.25,56488
2015-10-15,502.5,502.5,502.5,502.5,40391
2015-10-16,492.25,492.25,492.25,492.25,91068
2015-10-19,485.75,485.75,485.75,485.75,71086
2015-10-20,491.25,491.25,491.25,491.25,46451
2015-10-21,494.75,494.75,494.75,494.75,42879
2015-10-22,490.75,490.75,490.75,490.75,50127
2015-10-23,490.5,490.5,490.5,490.5,71235
2015-10-26,509.0,509.0,509.0,509.0,108092
2015-10-27,509.25,509.25,509.25,509.25,82173
2015-10-28,506.0,506.0,506.0,506.0,71717
2015-10-29,515.0,515.0,515.0,515.0,94994
2015-10-30,522.0,522.0,522.0,522.0,85681
2015-11-02,508.0,508.0,508.0,508.0,70898
2015-11-03,516.5,516.5,516.5,516.5,64386
2015-11-04,526.25,526.25,526.25,526.25,112473
2015-11-05,526.25,526.25,526.25,526.25,115823
2015-11-06,523.25,523.25,523.25,523.25,91783
2015-11-09,501.75,501.75,501.75,501.75,131560
2015-11-10,490.75,490.75,490.75,490.75,133293
2015-11-11,494.75,494.75,494.75,494.75,83843
2015-11-12,498.0,498.0,498.0,498.0,87359
2015-11-13,495.75,495.75,495.75,495.75,50136
2015-11-16,494.0,494.0,494.0,494.0,41435
2015-11-17,487.5,487.5,487.5,487.5,73394
2015-11-18,483.25,483.25,483.25,483.25,49902
2015-11-19,490.75,490.75,490.75,490.75,42704
2015-11-20,488.5,488.5,488.5,488.5,39212
2015-11-23,495.0,495.0,495.0,495.0,40480
2015-11-24,484.25,484.25,484.25,484.25,32158
2015-11-25,479.25,479.25,479.25,479.25,38901
2015-11-27,465.75,465.75,465.75,465.75,22654
2015-11-30,460.0,460.0,460.0,460.0,9457
2015-12-01,456.5,456.5,456.5,456.5,1375
2015-12-02,452.25,452.25,452.25,452.25,794
2015-12-03,464.75,464.75,464.75,464.75,419
2015-12-04,471.25,471.25,471.25,471.25,328
2015-12-07,470.25,470.25,470.25,470.25,284
2015-12-08,470.75,470.75,470.75,470.75,134
2015-12-09,478.0,478.0,478.0,478.0,36
2015-12-10,484.5,484.5,484.5,484.5,32
2015-12-11,482.75,482.75,482.75,482.75,46
2015-12-14,487.75,487.75,487.75,487.75,0
2013-06-17,751.5,754.0,751.5,751.5,0
2013-06-18,758.25,758.25,751.5,758.25,2
2013-06-19,775.75,775.75,758.25,775.75,33
2013-06-20,765.25,775.75,765.25,765.25,12
2013-06-21,761.25,765.25,761.25,761.25,0
2013-06-24,744.25,761.25,744.25,744.25,10
2013-06-25,743.5,744.25,743.5,743.5,0
2013-06-26,737.75,743.5,737.75,737.75,0
2013-06-27,733.25,737.75,733.25,733.25,0
2013-06-28,715.5,733.25,715.5,715.5,0
2013-07-01,719.25,719.25,715.5,719.25,0
2013-07-02,717.5,719.25,717.5,717.5,12
2013-07-03,717.5,717.5,717.5,717.5,0
2013-07-05,708.25,717.5,708.25,708.25,0
2013-07-08,709.0,709.0,708.25,709.0,5
2013-07-09,723.0,723.0,709.0,723.0,0
2013-07-10,725.75,725.75,723.0,725.75,0
2013-07-11,728.5,728.5,725.75,728.5,4
2013-07-12,724.75,728.5,724.75,724.75,0
2013-07-15,717.25,724.75,717.25,717.25,1
2013-07-16,718.25,718.25,717.25,718.25,0
2013-07-17,718.5,718.5,718.25,718.5,0
2013-07-18,715.25,718.5,715.25,715.25,0
2013-07-19,716.25,716.25,715.25,716.25,0
2013-07-22,713.0,716.25,713.0,713.0,0
2013-07-23,706.75,713.0,706.75,706.75,0
2013-07-24,702.25,706.75,702.25,702.25,0
2013-07-25,700.25,702.25,700.25,700.25,0
2013-07-26,697.75,700.25,697.75,697.75,0
2013-07-29,699.5,699.5,697.75,699.5,2
2013-07-30,703.0,703.0,699.5,703.0,0
2013-07-31,713.0,713.0,703.0,713.0,6
2013-08-01,707.5,713.0,707.5,707.5,0
2013-08-02,703.75,707.5,703.75,703.75,1
2013-08-05,690.5,703.75,690.5,690.5,1
2013-08-06,696.75,696.75,690.5,696.75,0
2013-08-07,693.25,696.75,693.25,693.25,2
2013-08-08,692.25,693.25,692.25,692.25,0
2013-08-09,692.5,692.5,692.25,692.5,2
2013-08-12,697.75,697.75,692.5,697.75,0
2013-08-13,689.5,697.75,689.5,689.5,0
2013-08-14,688.0,689.5,688.0,688.0,0
2013-08-15,693.0,693.0,688.0,693.0,0
2013-08-16,690.75,693.0,690.75,690.75,2
2013-08-19,698.0,698.0,690.75,698.0,0
2013-08-20,691.0,698.0,691.0,691.0,0
2013-08-21,692.0,692.0,691.0,692.0,0
2013-08-22,684.75,692.0,684.75,684.75,0
2013-08-23,689.5,689.5,684.75,689.5,2
2013-08-26,707.75,707.75,689.5,707.75,2
2013-08-27,705.0,707.75,705.0,705.0,5
2013-08-28,700.75,705.0,700.75,700.75,0
2013-08-29,694.75,700.75,694.75,694.75,0
2013-08-30,695.5,695.5,694.75,695.5,0
2013-09-03,689.0,695.5,689.0,689.0,0
2013-09-04,691.75,691.75,689.0,691.75,4
2013-09-05,684.25,691.75,684.25,684.25,0
2013-09-06,691.0,691.0,684.25,691.0,0
2013-09-09,683.75,691.0,683.75,683.75,1
2013-09-10,684.75,684.75,683.75,684.75,0
2013-09-11,684.75,684.75,684.75,684.75,12
2013-09-12,690.5,690.5,684.75,690.5,54
2013-09-13,680.5,690.5,680.5,680.5,0
2013-09-16,675.5,680.5,675.5,675.5,5
2013-09-17,677.0,677.0,675.5,677.0,42
2013-09-18,679.0,679.0,677.0,679.0,1
2013-09-19,690.75,690.75,679.0,690.75,5
2013-09-20,684.25,690.75,684.25,684.25,0
2013-09-23,688.75,688.75,684.25,688.75,4
2013-09-24,692.75,692.75,688.75,692.75,2
2013-09-25,702.5,702.5,692.75,702.5,2
2013-09-26,708.0,708.0,702.5,708.0,0
2013-09-27,707.0,708.0,707.0,707.0,32
2013-09-30,698.5,707.0,698.5,698.5,0
2013-10-01,699.0,699.0,698.5,699.0,2
2013-10-02,704.25,704.25,699.0,704.25,8
2013-10-03,716.25,716.25,704.25,716.25,2
2013-10-04,716.0,716.25,716.0,716.0,3
2013-10-07,721.75,721.75,716.0,721.75,0
2013-10-08,719.5,721.75,719.5,719.5,17
2013-10-09,717.5,719.5,717.5,717.5,15
2013-10-10,711.25,717.5,711.25,711.25,22
2013-10-11,714.25,714.25,711.25,714.25,4
2013-10-14,716.25,716.25,714.25,716.25,0
2013-10-15,708.75,716.25,708.75,708.75,14
2013-10-16,705.5,708.75,705.5,705.5,2
2013-10-17,705.5,705.5,705.5,705.5,9
2013-10-18,718.5,718.5,705.5,718.5,13
2013-10-21,716.25,718.5,716.25,716.25,8
2013-10-22,718.5,718.5,716.25,718.5,9
2013-10-23,720.75,720.75,718.5,720.75,6
2013-10-24,723.75,723.75,720.75,723.75,4
2013-10-25,723.75,723.75,723.75,723.75,0
2013-10-28,713.5,723.75,713.5,713.5,9
2013-10-29,713.25,713.5,713.25,713.25,0
2013-10-30,709.5,713.25,709.5,709.5,0
2013-10-31,708.75,709.5,708.75,708.75,0
2013-11-01,709.25,709.25,708.75,709.25,2
2013-11-04,704.75,709.25,704.75,704.75,0
2013-11-05,697.75,704.75,697.75,697.75,15
2013-11-06,693.75,697.75,693.75,693.75,14
2013-11-07,696.0,696.0,693.75,696.0,0
2013-11-08,696.0,696.0,696.0,696.0,2
2013-11-11,693.0,696.0,693.0,693.0,22
2013-11-12,689.25,693.0,689.25,689.25,4
2013-11-13,686.75,689.25,686.75,686.75,0
2013-11-14,684.25,686.75,684.25,684.25,0
2013-11-15,681.75,684.25,681.75,681.75,0
2013-11-18,677.75,681.75,677.75,677.75,4
2013-11-19,684.25,684.25,677.75,684.25,5
2013-11-20,679.5,684.25,679.5,679.5,1
2013-11-21,680.25,680.25,679.5,680.25,0
2013-11-22,683.0,683.0,680.25,683.0,6
2013-11-25,685.5,685.5,683.0,685.5,2
2013-11-26,681.75,685.5,681.75,681.75,0
2013-11-27,688.0,688.0,681.75,688.0,0
2013-11-29,693.75,693.75,688.0,693.75,16
2013-12-02,686.25,693.75,686.25,686.25,12
2013-12-03,689.75,689.75,686.25,689.75,0
2013-12-04,687.25,689.75,687.25,687.25,10
2013-12-05,679.0,687.25,679.0,679.0,3
2013-12-06,680.5,680.5,679.0,680.5,4
2013-12-09,680.25,680.5,680.25,680.25,19
2013-12-10,671.75,680.25,671.75,671.75,6
2013-12-11,677.75,677.75,671.75,677.75,8
2013-12-12,672.75,677.75,672.75,672.75,8
2013-12-13,668.5,672.75,668.5,668.5,2
2013-12-16,660.25,668.5,660.25,660.25,3
2013-12-17,658.75,660.25,658.75,658.75,8
2013-12-18,654.25,658.75,654.25,654.25,30
2013-12-19,652.75,654.25,652.75,652.75,18
2013-12-20,655.5,655.5,652.75,655.5,20
2013-12-23,651.0,655.5,651.0,651.0,0
2013-12-24,649.25,651.0,649.25,649.25,0
2013-12-26,649.75,649.75,649.25,649.75,0
2013-12-27,652.75,652.75,649.75,652.75,2
2013-12-30,645.0,652.75,645.0,645.0,0
2013-12-31,649.75,649.75,645.0,649.75,0
2014-01-02,642.0,649.75,642.0,642.0,0
2014-01-03,646.75,646.75,642.0,646.75,19
2014-01-06,646.75,646.75,646.75,646.75,3
2014-01-07,642.5,646.75,642.5,642.5,14
2014-01-08,630.5,642.5,630.5,630.5,36
2014-01-09,627.75,630.5,627.75,627.75,13
2014-01-10,615.25,627.75,615.25,615.25,19
2014-01-13,621.75,621.75,615.25,621.75,0
2014-01-14,626.25,626.25,621.75,626.25,22
2014-01-15,614.75,626.25,614.75,614.75,15
2014-01-16,618.75,618.75,614.75,618.75,6
2014-01-17,611.0,618.75,611.0,611.0,2
2014-01-21,609.25,611.0,609.25,609.25,1
2014-01-22,607.5,609.25,607.5,607.5,8
2014-01-23,613.5,613.5,607.5,613.5,20
2014-01-24,609.5,613.5,609.5,609.5,0
2014-01-27,607.5,609.5,607.5,607.5,11
2014-01-28,607.75,607.75,607.5,607.75,1
2014-01-29,591.75,607.75,591.75,591.75,29
2014-01-30,591.75,591.75,591.75,591.75,29
2014-01-31,595.75,595.75,591.75,595.75,13
2014-02-03,602.5,602.5,595.75,602.5,0
2014-02-04,622.5,622.5,602.5,622.5,69
2014-02-05,626.0,626.0,622.5,626.0,14
2014-02-06,619.0,626.0,619.0,619.0,17
2014-02-07,616.0,619.0,616.0,616.0,12
2014-02-10,621.75,621.75,616.0,621.75,13
2014-02-11,625.5,625.5,621.75,625.5,10
2014-02-12,622.75,625.5,622.75,622.75,5
2014-02-13,629.25,629.25,622.75,629.25,0
2014-02-14,630.0,630.0,629.25,630.0,21
2014-02-18,639.75,639.75,630.0,639.75,11
2014-02-19,647.0,647.0,639.75,647.0,31
2014-02-20,647.75,647.75,647.0,647.75,8
2014-02-21,640.25,647.75,640.25,640.25,4
2014-02-24,652.75,652.75,640.25,652.75,42
2014-02-25,655.25,655.25,652.75,655.25,13
2014-02-26,644.5,655.25,644.5,644.5,40
2014-02-27,630.5,644.5,630.5,630.5,105
2014-02-28,643.25,643.25,630.5,643.25,32
2014-03-03,664.75,664.75,643.25,664.75,193
2014-03-04,675.5,675.5,664.75,675.5,67
2014-03-05,673.5,675.5,673.5,673.5,55
2014-03-06,677.0,677.0,673.5,677.0,74
2014-03-07,684.5,684.5,677.0,684.5,96
2014-03-10,673.5,684.5,673.5,673.5,54
2014-03-11,690.25,690.25,673.5,690.25,56
2014-03-12,712.75,712.75,690.25,712.75,158
2014-03-13,703.5,712.75,703.5,703.5,57
2014-03-14,713.25,713.25,703.5,713.25,89
2014-03-17,702.5,713.25,702.5,702.5,181
2014-03-18,717.5,717.5,702.5,717.5,28
2014-03-19,736.5,736.5,717.5,736.5,140
2014-03-20,725.0,736.5,725.0,725.0,63
2014-03-21,717.0,725.0,717.0,717.0,31
2014-03-24,734.0,734.0,717.0,734.0,136
2014-03-25,733.0,734.0,733.0,733.0,47
2014-03-26,726.75,733.0,726.75,726.75,31
2014-03-27,736.75,736.75,726.75,736.75,211
2014-03-28,721.5,736.75,721.5,721.5,197
2014-03-31,724.5,724.5,721.5,724.5,181
2014-04-01,720.75,724.5,720.75,720.75,261
2014-04-02,709.5,720.75,709.5,709.5,270
2014-04-03,717.5,717.5,709.5,717.5,127
2014-04-04,716.5,717.5,716.5,716.5,424
2014-04-07,725.75,725.75,716.5,725.75,174
2014-04-08,730.75,730.75,725.75,730.75,168
2014-04-09,720.0,730.75,720.0,720.0,196
2014-04-10,713.5,720.0,713.5,713.5,142
2014-04-11,712.25,713.5,712.25,712.25,171
2014-04-14,727.75,727.75,712.25,727.75,293
2014-04-15,749.0,749.0,727.75,749.0,148
2014-04-16,734.5,749.0,734.5,734.5,263
2014-04-17,738.25,738.25,734.5,738.25,206
2014-04-21,713.5,738.25,713.5,713.5,364
2014-04-22,721.75,721.75,713.5,721.75,178
2014-04-23,723.25,723.25,721.75,723.25,115
2014-04-24,736.25,736.25,723.25,736.25,254
2014-04-25,747.25,747.25,736.25,747.25,279
2014-04-28,746.75,747.25,746.75,746.75,141
2014-04-29,752.25,752.25,746.75,752.25,79
2014-04-30,759.25,759.25,752.25,759.25,256
2014-05-01,747.25,759.25,747.25,747.25,236
2014-05-02,755.0,755.0,747.25,755.0,453
2014-05-05,765.5,765.5,755.0,765.5,312
2014-05-06,776.25,776.25,765.5,776.25,264
2014-05-07,776.5,776.5,776.25,776.5,166
2014-05-08,773.5,776.5,773.5,773.5,169
2014-05-09,762.5,773.5,762.5,762.5,1174
2014-05-12,757.75,762.5,757.75,757.75,888
2014-05-13,753.25,757.75,753.25,753.25,293
2014-05-14,737.5,753.25,737.5,737.5,580
2014-05-15,724.0,737.5,724.0,724.0,232
2014-05-16,720.25,724.0,720.25,720.25,178
2014-05-19,722.0,722.0,720.25,722.0,260
2014-05-20,719.0,722.0,719.0,719.0,157
2014-05-21,716.75,719.0,716.75,716.75,808
2014-05-22,712.75,716.75,712.75,712.75,427
2014-05-23,707.5,712.75,707.5,707.5,363
2014-05-27,697.5,707.5,697.5,697.5,363
2014-05-28,694.5,697.5,694.5,694.5,167
2014-05-29,688.25,694.5,688.25,688.25,240
2014-05-30,686.0,688.25,686.0,686.0,421
2014-06-02,681.0,686.0,681.0,681.0,419
2014-06-03,672.5,681.0,672.5,672.5,1319
2014-06-04,673.75,673.75,672.5,673.75,657
2014-06-05,665.0,673.75,665.0,665.0,939
2014-06-06,680.5,680.5,665.0,680.5,478
2014-06-09,679.25,680.5,679.25,679.25,426
2014-06-10,671.0,679.25,671.0,671.0,564
2014-06-11,658.5,671.0,658.5,658.5,469
2014-06-12,651.75,658.5,651.75,651.75,212
2014-06-13,646.25,651.75,646.25,646.25,556
2014-06-16,640.75,646.25,640.75,640.75,411
2014-06-17,643.5,643.5,640.75,643.5,396
2014-06-18,647.5,649.5,647.5,649.25,434
2014-06-19,654.5,654.5,649.25,654.5,1007
2014-06-20,645.75,654.5,645.75,645.75,1553
2014-06-23,647.25,647.25,645.75,647.25,1995
2014-06-24,639.25,647.25,639.25,639.25,1009
2014-06-25,641.5,641.5,639.25,641.5,427
2014-06-26,636.25,641.5,636.25,636.25,1394
2014-06-27,644.5,644.5,636.25,644.5,1237
2014-06-30,632.25,644.5,632.25,632.25,749
2014-07-01,631.75,632.25,631.75,631.75,1580
2014-07-02,637.0,637.0,631.75,637.0,1024
2014-07-03,642.25,642.25,637.0,642.25,668
2014-07-07,618.5,642.25,618.5,618.5,1309
2014-07-08,618.25,618.5,618.25,618.25,874
2014-07-09,613.0,618.25,613.0,613.0,2070
2014-07-10,606.0,613.0,606.0,606.0,2735
2014-07-11,584.5,606.0,584.5,585.75,1848
2014-07-14,597.5,597.5,585.75,597.5,1456
2014-07-15,597.0,597.5,597.0,597.0,523
2014-07-16,598.0,598.0,597.0,598.0,1355
2014-07-17,609.0,609.0,598.0,609.0,2543
2014-07-18,592.75,609.0,592.75,592.75,1047
2014-07-21,592.5,592.75,592.5,592.5,1151
2014-07-22,588.25,592.5,588.25,588.25,1123
2014-07-23,593.75,593.75,588.25,593.75,1575
2014-07-24,588.25,593.75,588.25,588.25,1825
2014-07-25,596.25,596.25,588.25,596.25,671
2014-07-28,594.75,596.25,594.75,594.75,723
2014-07-29,583.5,594.75,583.5,583.5,1829
2014-07-30,586.75,586.75,583.5,586.75,1335
2014-07-31,586.0,586.75,586.0,586.0,860
2014-08-01,587.0,587.0,586.0,587.0,1593
2014-08-04,595.75,595.75,587.0,595.75,2903
2014-08-05,604.75,604.75,595.75,604.75,1821
2014-08-06,619.75,620.0,617.75,617.75,1829
2014-08-07,611.5,617.75,611.5,611.5,3129
2014-08-08,597.5,611.5,597.5,597.5,2454
2014-08-11,593.75,597.5,593.75,593.75,2756
2014-08-12,583.75,593.75,583.75,583.75,1930
2014-08-13,578.75,583.75,578.75,578.75,3669
2014-08-14,585.75,585.75,578.75,585.75,2012
2014-08-15,595.25,595.25,585.75,595.25,3351
2014-08-18,584.75,595.25,584.75,584.75,1864
2014-08-19,587.5,587.5,584.75,587.5,2587
2014-08-20,580.0,587.5,580.0,580.0,2158
2014-08-21,582.0,582.0,580.0,582.0,2464
2014-08-22,589.25,589.25,582.0,589.25,3245
2014-08-25,584.25,589.25,584.25,584.25,2755
2014-08-26,587.5,587.5,584.25,587.5,3337
2014-08-27,588.5,593.0,588.5,593.0,2139
2014-08-28,600.75,600.75,593.0,600.75,2520
2014-08-29,592.25,600.75,592.25,592.25,2786
2014-09-02,584.0,592.25,584.0,584.0,2322
2014-09-03,569.75,584.0,569.75,569.75,6093
2014-09-04,562.75,569.75,562.75,562.75,3920
2014-09-05,564.75,564.75,562.75,564.75,3127
2014-09-08,562.5,564.75,562.5,562.5,2163
2014-09-09,555.0,562.5,555.0,555.0,2961
2014-09-10,547.5,555.0,547.5,547.5,5143
2014-09-11,537.25,547.5,537.25,537.25,4524
2014-09-12,530.75,537.25,530.75,530.75,6299
2014-09-15,529.25,530.75,529.25,529.25,2211
2014-09-16,524.0,529.25,524.0,524.0,2032
2014-09-17,527.25,527.25,524.0,527.25,2111
2014-09-18,517.25,527.25,517.25,517.25,2296
2014-09-19,502.5,517.25,502.5,502.5,3771
2014-09-22,499.0,502.5,499.0,499.0,8075
2014-09-23,496.75,499.0,496.75,496.75,6212
2014-09-24,501.0,501.0,496.75,501.0,9406
2014-09-25,497.0,501.0,497.0,497.0,7090
2014-09-26,497.0,497.0,497.0,497.0,3462
2014-09-29,502.75,502.75,497.0,502.75,2215
2014-09-30,498.0,498.75,498.0,498.75,4538
2014-10-01,501.25,501.25,498.75,501.25,4658
2014-10-02,504.75,504.75,501.25,504.75,5889
2014-10-03,505.25,505.25,504.75,505.25,4234
2014-10-06,512.25,512.25,505.25,512.25,4399
2014-10-07,525.5,525.5,512.25,525.5,6629
2014-10-08,526.0,526.0,525.5,526.0,5558
2014-10-09,511.75,526.0,511.75,511.75,7140
2014-10-10,515.25,515.25,511.75,515.25,9907
2014-10-13,522.5,522.5,515.25,522.5,7330
2014-10-14,521.25,528.0,521.25,528.0,3639
2014-10-15,525.0,528.0,525.0,525.0,3685
2014-10-16,535.5,535.5,525.0,535.5,3097
2014-10-17,534.5,535.5,534.5,534.5,2541
2014-10-20,532.5,534.5,532.5,532.5,2354
2014-10-21,540.5,540.5,532.5,540.5,4213
2014-10-22,543.75,543.75,540.5,543.75,3166
2014-10-23,548.0,548.0,543.75,548.0,2333
2014-10-24,538.75,548.0,538.75,538.75,5893
2014-10-27,544.0,544.0,538.75,544.0,4903
2014-10-28,552.5,552.5,544.0,552.5,4789
2014-10-29,558.0,558.0,558.0,558.0,6202
2014-10-30,557.0,558.0,557.0,557.0,5426
2014-10-31,553.25,557.0,545.5,553.25,6668
2014-11-03,557.25,557.25,553.25,557.25,5526
2014-11-04,548.0,557.25,548.0,548.0,5439
2014-11-05,543.0,548.0,543.0,543.0,6037
2014-11-06,539.5,543.0,539.5,539.5,4853
2014-11-07,534.0,539.5,534.0,534.0,7607
2014-11-10,535.0,535.0,534.0,535.0,11769
2014-11-11,538.25,538.25,535.0,538.25,15120
2014-11-12,555.25,555.25,538.25,555.25,23126
2014-11-13,562.5,562.5,555.25,562.5,15826
2014-11-14,569.5,569.5,562.5,569.5,11043
2014-11-17,560.75,569.5,560.75,560.75,5741
2014-11-18,557.75,560.75,557.75,557.75,7683
2014-11-19,547.25,557.75,547.25,547.25,5417
2014-11-20,559.25,559.25,547.25,559.25,10413
2014-11-21,559.5,560.5,559.25,560.5,13677
2014-11-24,557.5,557.5,557.0,557.0,9115
2014-11-25,564.75,564.75,557.0,564.75,9702
2014-11-26,569.25,569.25,564.75,569.25,9722
2014-11-28,584.5,584.5,569.25,584.5,8922
2014-12-01,612.5,612.5,584.5,612.5,15420
2014-12-02,609.0,609.0,608.75,608.75,13374
2014-12-03,600.0,600.0,594.5,595.25,10067
2014-12-04,595.0,595.25,595.0,595.0,13832
2014-12-05,599.0,599.0,595.0,599.0,10337
2014-12-08,602.0,602.0,599.0,602.0,11446
2014-12-09,590.0,602.0,589.5,589.5,15711
2014-12-10,585.0,589.5,585.0,585.0,12360
2014-12-11,600.25,600.25,585.0,600.25,14574
2014-12-12,610.5,610.5,608.0,608.75,18125
2014-12-15,620.5,621.25,608.75,621.25,11418
2014-12-16,626.25,626.25,621.25,626.25,18156
2014-12-17,650.75,650.75,626.25,650.75,19296
2014-12-18,656.75,656.75,650.75,656.75,29219
2014-12-19,635.0,656.75,635.0,635.0,14304
2014-12-22,629.25,635.0,629.25,629.25,15648
2014-12-23,638.5,638.5,629.25,638.5,5808
2014-12-24,615.25,638.5,615.25,615.25,5541
2014-12-26,615.5,615.5,613.5,614.75,3067
2014-12-29,619.0,619.0,614.75,619.0,4626
2014-12-30,606.0,619.0,606.0,606.0,6324
2014-12-31,594.5,606.0,594.5,594.5,7612
2015-01-02,581.5,586.75,581.5,586.75,5974
2015-01-05,593.75,593.75,586.75,593.75,8431
2015-01-06,596.0,596.0,593.75,596.0,10640
2015-01-07,584.0,596.0,584.0,584.0,7846
2015-01-08,572.0,584.0,572.0,572.0,10569
2015-01-09,569.5,569.5,567.75,567.75,15949
2015-01-12,560.0,567.75,560.0,560.0,16014
2015-01-13,560.25,560.25,552.0,552.0,17318
2015-01-14,540.75,552.0,540.75,540.75,17723
2015-01-15,535.75,540.75,535.75,535.75,13312
2015-01-16,534.75,535.75,534.75,534.75,12317
2015-01-20,539.75,539.75,534.75,539.75,16219
2015-01-21,540.0,541.25,540.0,540.0,11837
2015-01-22,537.25,540.0,537.25,537.25,11320
2015-01-23,532.75,537.25,532.75,532.75,21530
2015-01-26,524.25,532.75,524.25,524.25,20011
2015-01-27,523.0,524.25,523.0,523.0,15165
2015-01-28,514.5,514.5,510.25,510.25,26202
2015-01-29,513.0,513.5,512.5,512.5,33548
2015-01-30,536.75,536.75,506.0,506.75,23602
2015-02-02,498.0,498.0,497.0,497.25,22879
2015-02-03,517.0,517.75,497.25,517.75,21176
2015-02-04,514.0,517.75,514.0,514.0,21849
2015-02-05,526.0,528.0,526.0,527.25,35967
2015-02-06,529.0,529.0,527.25,529.0,42068
2015-02-09,530.5,530.5,530.0,530.25,49321
2015-02-10,521.0,522.25,521.0,522.25,59152
2015-02-11,523.75,523.75,522.25,523.75,71975
2015-02-12,519.75,523.75,519.75,519.75,76766
2015-02-13,529.5,529.5,519.75,529.25,65729
2015-02-17,531.75,531.75,529.25,531.75,50224
2015-02-18,523.5,531.75,523.0,523.75,61184
2015-02-19,522.5,522.5,519.5,519.5,52418
2015-02-20,511.25,511.25,507.0,507.0,75767
2015-02-23,508.75,508.75,503.5,504.0,66912
2015-02-24,507.25,507.25,503.5,503.75,56254
2015-02-25,497.5,498.0,497.25,497.25,49819
2015-02-26,498.25,501.0,498.25,500.5,61630
2015-02-27,513.0,513.0,512.0,513.0,67257
2015-03-02,500.25,500.75,499.75,500.0,57543
2015-03-03,506.0,506.0,500.0,506.0,57834
2015-03-04,496.0,496.0,496.0,496.0,94618
2015-03-05,481.5,481.5,480.5,480.5,87945
2015-03-06,482.25,483.0,480.5,482.5,65181
2015-03-09,490.5,490.5,490.0,490.0,56022
2015-03-10,493.0,494.0,493.0,493.25,52483
2015-03-11,497.25,500.0,497.25,499.0,53452
2015-03-12,507.0,507.25,499.0,507.25,70579
2015-03-13,501.0,507.25,501.0,502.0,57249
2015-03-16,514.5,515.0,502.0,514.0,59482
2015-03-17,504.0,514.0,503.5,503.5,51560
2015-03-18,511.0,512.0,510.75,510.75,44511
2015-03-19,512.0,512.5,510.75,512.0,55533
2015-03-20,530.0,530.5,512.0,530.0,70791
2015-03-23,534.5,534.5,530.0,534.0,58101
2015-03-24,523.5,534.0,523.25,523.5,57560
2015-03-25,520.5,520.5,519.0,519.0,46777
2015-03-26,499.0,499.5,499.0,499.25,84097
2015-03-27,504.5,509.0,504.5,507.75,55820
2015-03-30,530.0,531.0,530.0,530.25,88442
2015-03-31,527.0,527.0,511.5,511.75,103920
2015-04-01,529.0,529.0,528.0,528.5,83997
2015-04-02,533.5,536.25,528.5,536.25,93322
2015-04-06,528.5,528.5,527.75,527.75,53328
2015-04-07,526.0,527.75,526.0,526.0,81410
2015-04-08,526.75,526.75,526.25,526.25,91366
2015-04-09,519.0,526.25,518.75,518.75,92579
2015-04-10,526.0,526.5,518.75,526.5,97676
2015-04-13,502.25,526.5,501.5,502.25,105802
2015-04-14,497.0,502.25,497.0,497.0,89811
2015-04-15,491.25,491.25,490.75,490.75,74272
2015-04-16,493.5,494.5,493.5,494.5,69497
2015-04-17,494.5,494.5,494.5,494.5,45430
2015-04-20,498.75,498.75,494.5,498.75,50204
2015-04-21,500.75,500.75,498.75,500.75,44517
2015-04-22,499.0,500.0,498.75,498.75,25143
2015-04-23,497.75,498.75,497.75,497.75,31255
2015-04-24,488.75,488.75,485.5,486.0,29515
2015-04-27,470.25,486.0,470.25,470.25,19322
2015-04-28,471.5,471.5,470.25,471.5,17459
2015-04-29,473.25,477.25,473.0,477.25,13223
2015-04-30,467.0,477.25,467.0,467.0,2722
2015-05-01,465.5,470.0,465.5,470.0,688
2015-05-04,469.25,470.0,469.25,469.25,451
2015-05-05,464.0,469.25,464.0,464.0,280
2015-05-06,475.75,475.75,464.0,475.75,197
2015-05-07,465.75,475.75,465.75,465.75,176
2015-05-08,476.5,476.5,465.75,476.5,142
2015-05-11,476.25,476.5,476.25,476.25,30
2015-05-12,479.25,479.25,476.25,479.25,194
2015-05-13,481.0,481.0,479.25,481.0,37
2015-05-14,501.75,501.75,481.0,501.75,6
2013-10-15,702.75,711.25,702.75,702.75,0
2013-10-16,698.0,702.75,698.0,698.0,0
2013-10-17,698.75,698.75,698.0,698.75,0
2013-10-18,710.0,710.0,698.75,710.0,0
2013-10-21,707.0,710.0,707.0,707.0,0
2013-10-22,711.75,711.75,707.0,711.75,1
2013-10-23,714.5,714.5,711.75,714.5,4
2013-10-24,719.5,719.5,714.5,719.5,0
2013-10-25,719.75,719.75,719.5,719.75,0
2013-10-28,711.25,719.75,711.25,711.25,0
2013-10-29,711.25,711.25,711.25,711.25,0
2013-10-30,707.75,711.25,707.75,707.75,0
2013-10-31,707.25,707.75,707.25,707.25,0
2013-11-01,707.75,707.75,707.25,707.75,0
2013-11-04,703.0,707.75,703.0,703.0,0
2013-11-05,697.75,703.0,697.75,697.75,0
2013-11-06,692.5,697.75,692.5,692.5,0
2013-11-07,695.5,695.5,692.5,695.5,1
2013-11-08,694.25,695.5,694.25,694.25,0
2013-11-11,693.5,694.25,693.5,693.5,0
2013-11-12,688.75,693.5,688.75,688.75,0
2013-11-13,687.0,688.75,687.0,687.0,0
2013-11-14,684.75,687.0,684.75,684.75,0
2013-11-15,680.75,684.75,680.75,680.75,0
2013-11-18,677.25,680.75,677.25,677.25,0
2013-11-19,683.0,683.0,677.25,683.0,0
2013-11-20,678.25,683.0,678.25,678.25,0
2013-11-21,678.75,678.75,678.25,678.75,0
2013-11-22,682.5,682.5,678.75,682.5,0
2013-11-25,685.25,685.25,682.5,685.25,0
2013-11-26,682.25,685.25,682.25,682.25,0
2013-11-27,688.0,688.0,682.25,688.0,0
2013-11-29,692.0,692.0,688.0,692.0,0
2013-12-02,685.25,692.0,685.25,685.25,0
2013-12-03,688.25,688.25,685.25,688.25,0
2013-12-04,685.75,688.25,685.75,685.75,2
2013-12-05,678.0,685.75,678.0,678.0,0
2013-12-06,679.5,679.5,678.0,679.5,2
2013-12-09,680.25,680.25,679.5,680.25,0
2013-12-10,673.75,680.25,673.75,673.75,5
2013-12-11,679.0,679.0,673.75,679.0,0
2013-12-12,670.75,679.0,670.75,670.75,0
2013-12-13,666.25,670.75,666.25,666.25,0
2013-12-16,658.5,666.25,658.5,658.5,0
2013-12-17,657.0,658.5,657.0,657.0,0
2013-12-18,654.0,657.0,654.0,654.0,0
2013-12-19,653.25,654.0,653.25,653.25,0
2013-12-20,656.5,656.5,653.25,656.5,2
2013-12-23,652.0,656.5,652.0,652.0,0
2013-12-24,650.5,652.0,650.5,650.5,0
2013-12-26,650.5,650.5,650.5,650.5,0
2013-12-27,653.5,653.5,650.5,653.5,0
2013-12-30,646.75,653.5,646.75,646.75,0
2013-12-31,652.0,652.0,646.75,652.0,0
2014-01-02,643.0,652.0,643.0,643.0,0
2014-01-03,643.75,643.75,643.0,643.75,0
2014-01-06,644.25,644.25,643.75,644.25,0
2014-01-07,642.0,644.25,642.0,642.0,0
2014-01-08,631.5,642.0,631.5,631.5,0
2014-01-09,630.5,631.5,630.5,630.5,0
2014-01-10,618.75,630.5,618.75,618.75,3
2014-01-13,626.5,626.5,618.75,626.5,0
2014-01-14,629.5,629.5,626.5,629.5,0
2014-01-15,618.0,629.5,618.0,618.0,0
2014-01-16,621.0,621.0,618.0,621.0,2
2014-01-17,612.0,621.0,612.0,612.0,2
2014-01-21,609.5,612.0,609.5,609.5,0
2014-01-22,606.5,609.5,606.5,606.5,3
2014-01-23,609.75,609.75,606.5,609.75,0
2014-01-24,606.75,609.75,606.75,606.75,2
2014-01-27,606.25,606.75,606.25,606.25,0
2014-01-28,607.0,607.0,606.25,607.0,0
2014-01-29,592.75,607.0,592.75,592.75,0
2014-01-30,594.5,594.5,592.75,594.5,0
2014-01-31,598.25,598.25,594.5,598.25,0
2014-02-03,604.75,604.75,598.25,604.75,0
2014-02-04,623.25,623.25,604.75,623.25,0
2014-02-05,628.25,628.25,623.25,628.25,4
2014-02-06,621.75,628.25,621.75,621.75,0
2014-02-07,618.5,621.75,618.5,618.5,0
2014-02-10,623.5,623.5,618.5,623.5,0
2014-02-11,626.0,626.0,623.5,626.0,0
2014-02-12,622.75,626.0,622.75,622.75,0
2014-02-13,629.25,629.25,622.75,629.25,0
2014-02-14,629.0,629.25,629.0,629.0,0
2014-02-18,638.25,638.25,629.0,638.25,0
2014-02-19,644.0,644.0,638.25,644.0,6
2014-02-20,644.75,644.75,644.0,644.75,0
2014-02-21,637.0,644.75,637.0,637.0,0
2014-02-24,649.75,649.75,637.0,649.75,0
2014-02-25,650.75,650.75,649.75,650.75,3
2014-02-26,645.75,650.75,645.75,645.75,2
2014-02-27,630.0,645.75,630.0,630.0,0
2014-02-28,642.0,642.0,630.0,642.0,0
2014-03-03,661.0,661.0,642.0,661.0,10
2014-03-04,668.5,668.5,661.0,668.5,7
2014-03-05,668.5,668.5,668.5,668.5,0
2014-03-06,673.25,673.25,668.5,673.25,7
2014-03-07,678.25,678.25,673.25,678.25,11
2014-03-10,669.75,678.25,669.75,669.75,1
2014-03-11,684.75,684.75,669.75,684.75,3
2014-03-12,704.25,704.25,684.75,704.25,8
2014-03-13,696.5,704.25,696.5,696.5,22
2014-03-14,706.25,706.25,696.5,706.25,9
2014-03-17,694.25,706.25,694.25,694.25,1
2014-03-18,712.25,712.25,694.25,712.25,7
2014-03-19,724.25,724.25,712.25,724.25,34
2014-03-20,712.75,724.25,712.75,712.75,9
2014-03-21,706.0,712.75,706.0,706.0,5
2014-03-24,720.25,720.25,706.0,720.25,2
2014-03-25,719.75,720.25,719.75,719.75,10
2014-03-26,719.5,719.75,719.5,719.5,1
2014-03-27,724.5,724.5,719.5,724.5,4
2014-03-28,713.25,724.5,713.25,713.25,2
2014-03-31,711.0,713.25,711.0,711.0,7
2014-04-01,714.25,714.25,711.0,714.25,4
2014-04-02,707.25,714.25,707.25,707.25,2
2014-04-03,716.0,716.0,707.25,716.0,0
2014-04-04,715.0,716.0,715.0,715.0,2
2014-04-07,722.75,722.75,715.0,722.75,7
2014-04-08,726.0,726.0,722.75,726.0,32
2014-04-09,714.5,726.0,714.5,714.5,39
2014-04-10,707.5,714.5,707.5,707.5,14
2014-04-11,708.0,708.0,707.5,708.0,0
2014-04-14,720.0,720.0,708.0,720.0,0
2014-04-15,736.75,736.75,720.0,736.75,11
2014-04-16,721.75,736.75,721.75,721.75,28
2014-04-17,722.75,722.75,721.75,722.75,0
2014-04-21,702.0,722.75,702.0,702.0,1
2014-04-22,710.5,710.5,702.0,710.5,0
2014-04-23,714.25,714.25,710.5,714.25,0
2014-04-24,726.25,726.25,714.25,726.25,5
2014-04-25,734.75,734.75,726.25,734.75,2
2014-04-28,736.0,736.0,734.75,736.0,25
2014-04-29,741.5,741.5,736.0,741.5,36
2014-04-30,748.25,748.25,741.5,748.25,25
2014-05-01,737.75,748.25,737.75,737.75,53
2014-05-02,743.25,743.25,737.75,743.25,15
2014-05-05,750.0,750.0,743.25,750.0,65
2014-05-06,760.0,760.0,750.0,760.0,45
2014-05-07,763.0,763.0,760.0,763.0,19
2014-05-08,761.0,763.0,761.0,761.0,10
2014-05-09,756.75,761.0,756.75,756.75,2
2014-05-12,755.5,756.75,755.5,755.5,49
2014-05-13,753.75,755.5,753.75,753.75,15
2014-05-14,740.25,753.75,740.25,740.25,65
2014-05-15,727.25,740.25,727.25,727.25,54
2014-05-16,723.0,727.25,723.0,723.0,47
2014-05-19,724.5,724.5,723.0,724.5,23
2014-05-20,721.75,724.5,721.75,721.75,18
2014-05-21,723.0,723.0,721.75,723.0,96
2014-05-22,720.25,723.0,720.25,720.25,18
2014-05-23,715.75,720.25,715.75,715.75,24
2014-05-27,704.5,715.75,704.5,704.5,24
2014-05-28,703.0,704.5,703.0,703.0,27
2014-05-29,698.0,703.0,698.0,698.0,20
2014-05-30,698.0,698.0,698.0,698.0,33
2014-06-02,693.0,698.0,693.0,693.0,34
2014-06-03,686.25,693.0,686.25,686.25,42
2014-06-04,686.75,686.75,686.25,686.75,27
2014-06-05,680.0,686.75,680.0,680.0,30
2014-06-06,696.5,696.5,680.0,696.5,70
2014-06-09,695.25,696.5,695.25,695.25,20
2014-06-10,685.0,695.25,685.0,685.0,33
2014-06-11,673.5,685.0,673.5,673.5,84
2014-06-12,664.0,673.5,664.0,664.0,3
2014-06-13,660.75,664.0,660.75,660.75,30
2014-06-16,655.0,660.75,655.0,655.0,13
2014-06-17,657.5,657.5,655.0,657.5,2
2014-06-18,663.75,663.75,657.5,663.75,0
2014-06-19,669.0,669.0,663.75,669.0,4
2014-06-20,661.75,669.0,661.75,661.75,5
2014-06-23,667.5,667.5,661.75,667.5,75
2014-06-24,661.5,667.5,661.5,661.5,471
2014-06-25,662.75,662.75,661.5,662.75,107
2014-06-26,656.0,662.75,656.0,656.0,55
2014-06-27,665.0,665.0,656.0,665.0,101
2014-06-30,653.0,665.0,653.0,653.0,100
2014-07-01,655.0,655.0,653.0,655.0,234
2014-07-02,659.25,659.25,655.0,659.25,637
2014-07-03,662.25,662.25,659.25,662.25,70
2014-07-07,641.0,662.25,641.0,641.0,132
2014-07-08,642.5,642.5,641.0,642.5,82
2014-07-09,635.0,642.5,635.0,635.0,144
2014-07-10,627.25,635.0,627.25,627.25,150
2014-07-11,608.0,627.25,608.0,608.0,145
2014-07-14,620.5,620.5,608.0,620.5,83
2014-07-15,621.5,621.5,620.5,621.5,218
2014-07-16,621.75,621.75,621.5,621.75,143
2014-07-17,632.25,632.25,621.75,632.25,90
2014-07-18,616.25,632.25,616.25,616.25,310
2014-07-21,617.75,617.75,616.25,617.75,71
2014-07-22,614.0,617.75,614.0,614.0,46
2014-07-23,619.5,619.5,614.0,619.5,59
2014-07-24,613.0,619.5,613.0,613.0,83
2014-07-25,620.5,620.5,613.0,620.5,65
2014-07-28,618.0,620.5,618.0,618.0,80
2014-07-29,606.5,618.0,606.5,606.5,227
2014-07-30,609.5,609.5,606.5,609.5,77
2014-07-31,607.5,609.5,607.5,607.5,72
2014-08-01,607.5,607.5,607.5,607.5,148
2014-08-04,615.25,615.25,607.5,615.25,187
2014-08-05,623.75,623.75,615.25,623.75,116
2014-08-06,634.0,634.0,623.75,634.0,441
2014-08-07,629.75,634.0,629.75,629.75,161
2014-08-08,616.25,629.75,616.25,616.25,245
2014-08-11,611.75,616.25,611.75,611.75,90
2014-08-12,604.75,611.75,604.75,604.75,176
2014-08-13,601.25,604.75,601.25,601.25,251
2014-08-14,607.25,607.25,601.25,607.25,91
2014-08-15,615.75,615.75,607.25,615.75,149
2014-08-18,606.0,615.75,606.0,606.0,192
2014-08-19,608.5,608.5,606.0,608.5,132
2014-08-20,599.5,608.5,599.5,599.5,29
2014-08-21,600.25,600.25,599.5,600.25,68
2014-08-22,605.75,605.75,600.25,605.75,104
2014-08-25,602.5,605.75,602.5,602.5,87
2014-08-26,604.75,604.75,602.5,604.75,164
2014-08-27,608.75,608.75,604.75,608.75,213
2014-08-28,613.5,613.5,608.75,613.5,93
2014-08-29,608.0,613.5,608.0,608.0,180
2014-09-02,600.75,608.0,600.75,600.75,108
2014-09-03,588.5,600.75,588.5,588.5,503
2014-09-04,583.5,588.5,583.5,583.5,528
2014-09-05,584.5,584.5,583.5,584.5,248
2014-09-08,583.5,584.5,583.5,583.5,165
2014-09-09,576.0,583.5,576.0,576.0,67
2014-09-10,569.25,576.0,569.25,569.25,285
2014-09-11,557.25,569.25,557.25,557.25,474
2014-09-12,550.0,557.25,550.0,550.0,402
2014-09-15,549.25,550.0,549.25,549.25,140
2014-09-16,544.75,549.25,544.75,544.75,227
2014-09-17,548.5,548.5,544.75,548.5,193
2014-09-18,538.25,548.5,538.25,538.25,122
2014-09-19,525.0,538.25,525.0,525.0,663
2014-09-22,522.25,525.0,522.25,522.25,1761
2014-09-23,517.5,522.25,517.5,517.5,308
2014-09-24,519.75,519.75,517.5,519.75,940
2014-09-25,515.0,519.75,515.0,515.0,263
2014-09-26,515.0,515.0,515.0,515.0,226
2014-09-29,518.75,518.75,515.0,518.75,294
2014-09-30,515.5,518.75,515.5,515.5,466
2014-10-01,520.75,520.75,515.5,520.75,156
2014-10-02,525.25,525.25,520.75,525.25,625
2014-10-03,525.5,525.5,525.25,525.5,454
2014-10-06,533.25,533.25,525.5,533.25,545
2014-10-07,545.5,545.5,533.25,545.5,447
2014-10-08,545.5,545.5,545.5,545.5,120
2014-10-09,530.75,545.5,530.75,530.75,849
2014-10-10,534.0,534.0,530.75,534.0,475
2014-10-13,540.75,540.75,534.0,540.75,344
2014-10-14,546.25,546.25,540.75,546.25,230
2014-10-15,542.25,546.25,542.25,542.25,276
2014-10-16,552.25,552.25,542.25,552.25,358
2014-10-17,550.75,552.25,550.75,550.75,326
2014-10-20,549.0,550.75,549.0,549.0,213
2014-10-21,556.75,556.75,549.0,556.75,401
2014-10-22,559.5,559.5,556.75,559.5,279
2014-10-23,564.75,564.75,559.5,564.75,343
2014-10-24,555.75,564.75,555.75,555.75,335
2014-10-27,561.75,561.75,555.75,561.75,926
2014-10-28,570.75,570.75,561.75,570.75,737
2014-10-29,576.0,576.0,576.0,576.0,1041
2014-10-30,575.25,576.0,575.25,575.25,738
2014-10-31,570.5,575.25,570.5,570.5,289
2014-11-03,573.5,573.5,570.5,573.5,458
2014-11-04,564.75,573.5,564.75,564.75,488
2014-11-05,559.75,564.75,559.75,559.75,657
2014-11-06,555.5,559.75,555.5,555.5,1534
2014-11-07,549.25,555.5,549.25,549.25,676
2014-11-10,551.0,551.0,549.25,551.0,559
2014-11-11,554.0,554.0,551.0,554.0,1081
2014-11-12,569.0,570.25,569.0,570.25,1406
2014-11-13,577.5,577.5,570.25,577.5,1977
2014-11-14,584.25,584.25,577.5,584.25,899
2014-11-17,576.0,584.25,576.0,576.0,877
2014-11-18,573.0,576.0,573.0,573.0,1317
2014-11-19,562.25,573.0,562.25,562.25,1001
2014-11-20,573.25,573.25,562.25,573.25,2109
2014-11-21,574.5,574.5,573.25,574.5,784
2014-11-24,571.25,574.5,571.25,571.25,861
2014-11-25,577.75,577.75,571.25,577.75,1011
2014-11-26,581.75,581.75,577.75,581.75,755
2014-11-28,596.5,596.5,581.75,596.5,289
2014-12-01,623.5,623.5,596.5,623.5,1214
2014-12-02,619.75,623.5,619.75,619.75,2023
2014-12-03,605.75,619.75,605.75,605.75,1176
2014-12-04,606.0,606.0,605.75,606.0,915
2014-12-05,610.0,610.0,606.0,610.0,936
2014-12-08,611.25,611.25,610.0,611.25,1816
2014-12-09,600.5,611.25,600.5,600.5,891
2014-12-10,596.75,600.5,596.75,596.75,3204
2014-12-11,610.0,610.0,596.75,610.0,871
2014-12-12,615.75,615.75,610.0,615.75,2414
2014-12-15,627.75,627.75,615.75,627.75,1517
2014-12-16,632.5,632.5,627.75,632.5,2325
2014-12-17,654.0,654.0,641.75,654.0,2928
2014-12-18,660.75,660.75,654.0,660.75,4361
2014-12-19,641.25,660.75,641.25,641.25,2487
2014-12-22,637.5,641.25,637.5,637.5,1215
2014-12-23,645.75,645.75,637.5,645.75,1302
2014-12-24,624.0,645.75,624.0,624.0,762
2014-12-26,623.25,624.0,623.25,623.25,328
2014-12-29,627.25,627.25,623.25,627.25,685
2014-12-30,614.75,627.25,614.75,614.75,1004
2014-12-31,604.75,614.75,604.75,604.75,563
2015-01-02,596.25,604.75,596.25,596.25,413
2015-01-05,602.75,602.75,596.25,602.75,321
2015-01-06,605.25,605.25,602.75,605.25,1449
2015-01-07,594.75,605.25,594.75,594.75,492
2015-01-08,583.25,594.75,583.25,583.25,1474
2015-01-09,579.0,583.25,579.0,579.0,1110
2015-01-12,571.25,579.0,571.25,571.25,1712
2015-01-13,565.0,571.25,565.0,565.0,2451
2015-01-14,552.5,565.0,552.5,552.5,2094
2015-01-15,547.5,552.5,547.5,547.5,2792
2015-01-16,546.0,547.5,546.0,546.0,967
2015-01-20,552.25,552.25,546.0,552.25,865
2015-01-21,551.25,552.25,551.25,551.25,1417
2015-01-22,548.5,551.25,548.5,548.5,1023
2015-01-23,544.25,548.5,544.25,544.25,1636
2015-01-26,537.25,544.25,537.25,537.25,1724
2015-01-27,537.25,537.25,537.25,537.25,2063
2015-01-28,524.75,537.25,524.75,524.75,3847
2015-01-29,525.25,525.25,524.75,525.25,1032
2015-01-30,519.75,525.25,519.75,519.75,1806
2015-02-02,510.5,519.75,510.5,510.5,2120
2015-02-03,529.0,531.0,510.5,531.0,2700
2015-02-04,527.0,531.0,527.0,527.0,2239
2015-02-05,536.5,536.5,527.0,536.5,2712
2015-02-06,538.75,538.75,536.5,538.75,2436
2015-02-09,541.0,541.0,538.75,541.0,2849
2015-02-10,534.25,541.0,534.25,534.25,3049
2015-02-11,534.5,534.5,534.25,534.5,2918
2015-02-12,529.75,534.5,529.75,529.75,3012
2015-02-13,539.75,539.75,529.75,539.75,2454
2015-02-17,543.0,543.0,539.75,543.0,2083
2015-02-18,534.0,543.0,534.0,534.0,2514
2015-02-19,529.75,534.0,529.75,529.75,3555
2015-02-20,519.75,529.75,519.75,519.75,5113
2015-02-23,517.25,519.75,517.25,517.25,3988
2015-02-24,516.75,517.25,516.75,516.75,2335
2015-02-25,510.5,516.75,510.5,510.5,2898
2015-02-26,513.25,513.25,510.5,513.25,3424
2015-02-27,525.0,525.0,513.25,525.0,3957
2015-03-02,512.25,525.0,512.25,512.25,5063
2015-03-03,518.25,518.25,512.25,518.25,3100
2015-03-04,512.75,518.25,512.75,512.75,12819
2015-03-05,498.75,512.75,498.75,498.75,16624
2015-03-06,495.5,498.75,495.5,495.5,14579
2015-03-09,504.0,504.0,495.5,504.0,9641
2015-03-10,507.0,507.0,504.0,507.0,6097
2015-03-11,511.0,511.0,507.0,511.0,8187
2015-03-12,518.5,518.5,511.0,518.5,8289
2015-03-13,512.5,518.5,512.5,512.5,6252
2015-03-16,526.0,526.0,512.5,526.0,4238
2015-03-17,516.5,526.0,516.5,516.5,5740
2015-03-18,524.0,524.0,516.5,524.0,3314
2015-03-19,524.75,524.75,524.0,524.75,6193
2015-03-20,542.75,542.75,524.75,542.75,3405
2015-03-23,547.0,547.0,542.75,547.0,2783
2015-03-24,537.5,547.0,537.5,537.5,6041
2015-03-25,533.25,537.5,533.25,533.25,2877
2015-03-26,528.0,528.0,514.25,514.25,4530
2015-03-27,521.0,521.0,514.25,521.0,4497
2015-03-30,542.25,542.25,521.0,542.25,6234
2015-03-31,522.5,542.25,522.5,522.5,9819
2015-04-01,538.0,538.0,522.5,538.0,6381
2015-04-02,544.25,544.25,538.0,544.25,7078
2015-04-06,536.5,544.25,536.5,536.5,5885
2015-04-07,533.5,536.5,533.5,533.5,10008
2015-04-08,532.25,533.5,532.25,532.25,8712
2015-04-09,525.5,532.25,525.5,525.5,7246
2015-04-10,527.75,532.5,527.75,532.5,10249
2015-04-13,509.25,532.5,509.25,509.25,11514
2015-04-14,505.5,509.25,505.5,505.5,11030
2015-04-15,498.0,505.5,498.0,498.0,12149
2015-04-16,499.25,499.25,498.0,499.25,9800
2015-04-17,497.75,499.25,497.75,497.75,9083
2015-04-20,507.0,507.0,497.75,507.0,7256
2015-04-21,509.0,509.0,507.0,509.0,10913
2015-04-22,507.75,509.0,507.75,507.75,8493
2015-04-23,510.5,510.5,507.75,510.5,13198
2015-04-24,498.0,510.5,498.0,498.0,12036
2015-04-27,482.5,498.0,482.5,482.5,12076
2015-04-28,485.75,485.75,482.5,485.75,14827
2015-04-29,493.25,493.25,485.75,493.25,10311
2015-04-30,483.75,493.25,483.75,483.75,18495
2015-05-01,482.75,483.75,482.75,482.75,12805
2015-05-04,481.25,482.75,481.25,481.25,9152
2015-05-05,474.75,481.25,474.75,474.75,11844
2015-05-06,487.25,487.25,474.75,487.25,14697
2015-05-07,480.75,487.25,480.75,480.75,15531
2015-05-08,489.25,489.25,480.75,489.25,10941
2015-05-11,488.0,489.25,488.0,488.0,18848
2015-05-12,487.5,488.0,487.5,487.5,27588
2015-05-13,479.25,488.0,479.25,488.0,17222
2015-05-14,521.0,521.0,488.0,521.0,28180
2015-05-15,517.5,521.0,517.5,517.5,18087
2015-05-18,529.0,529.25,517.5,529.25,21192
2015-05-19,518.5,529.25,518.5,518.5,22331
2015-05-20,520.0,520.0,518.5,520.0,28578
2015-05-21,529.5,529.5,520.0,529.5,19565
2015-05-22,523.0,529.5,523.0,523.0,17920
2015-05-26,501.0,523.0,501.0,501.0,25459
2015-05-27,492.75,501.0,492.75,492.75,38809
2015-05-28,494.5,494.5,492.75,494.5,37110
2015-05-29,482.0,494.5,482.0,482.25,35033
2015-06-01,498.0,498.75,482.25,498.75,28272
2015-06-02,517.25,517.25,498.75,517.25,31890
2015-06-03,515.0,517.25,515.0,515.0,36495
2015-06-04,527.5,529.25,515.0,529.25,41537
2015-06-05,521.5,529.25,521.5,521.5,70142
2015-06-08,534.0,534.0,521.5,534.0,60386
2015-06-09,538.75,538.75,534.0,538.75,57318
2015-06-10,521.25,538.75,521.25,521.25,97649
2015-06-11,511.5,521.25,511.5,511.5,54754
2015-06-12,510.0,511.5,510.0,510.5,33351
2015-06-15,495.0,495.25,495.0,495.25,53589
2015-06-16,494.75,494.75,494.5,494.5,49004
2015-06-17,497.0,497.0,496.5,497.0,48540
2015-06-18,494.0,497.0,493.25,493.25,62731
2015-06-19,492.5,493.25,492.5,492.5,63604
2015-06-22,506.0,506.0,492.5,506.0,55148
2015-06-23,509.0,527.0,509.0,527.0,83987
2015-06-24,523.0,527.0,521.0,523.25,82354
2015-06-25,533.0,539.0,533.0,538.0,75368
2015-06-26,566.0,568.0,538.0,568.0,176120
2015-06-29,582.0,583.5,568.0,583.5,152061
2015-06-30,616.0,618.0,583.5,615.75,150145
2015-07-01,580.0,588.5,580.0,588.5,131618
2015-07-02,591.0,591.0,588.0,590.5,84312
2015-07-06,595.5,595.5,590.5,595.5,96341
2015-07-07,585.25,585.25,585.25,585.25,88994
2015-07-08,577.5,577.5,577.5,577.5,61359
2015-07-09,578.0,578.0,578.0,578.0,64575
2015-07-10,576.0,576.0,576.0,576.0,82840
2015-07-13,575.75,575.75,575.75,575.75,57597
2015-07-14,571.0,571.0,571.0,571.0,63921
2015-07-15,566.75,566.75,566.75,566.75,73106
2015-07-16,562.25,562.25,562.25,562.25,62170
2015-07-17,554.0,554.0,554.0,554.0,66022
2015-07-20,532.75,532.75,532.75,532.75,64326
2015-07-21,524.75,524.75,524.75,524.75,71225
2015-07-22,516.75,516.75,516.75,516.75,71935
2015-07-23,521.5,521.5,521.5,521.5,53193
2015-07-24,511.75,511.75,511.75,511.75,55254
2015-07-27,502.5,502.5,502.5,502.5,61326
2015-07-28,510.75,510.75,510.75,510.75,78774
2015-07-29,496.25,496.25,496.25,496.25,68770
2015-07-30,496.5,496.5,496.5,496.5,69188
2015-07-31,499.25,499.25,499.25,499.25,64474
2015-08-03,499.0,499.0,499.0,499.0,56799
2015-08-04,493.5,493.5,493.5,493.5,63486
2015-08-05,502.0,502.0,502.0,502.0,67497
2015-08-06,507.0,507.0,507.0,507.0,89887
2015-08-07,510.5,510.5,510.5,510.5,82793
2015-08-10,525.5,525.5,525.5,525.5,89220
2015-08-11,507.25,507.25,507.25,507.25,95677
2015-08-12,492.25,492.25,492.25,492.25,103263
2015-08-13,503.25,503.25,503.25,503.25,71663
2015-08-14,506.5,506.5,506.5,506.5,50412
2015-08-17,500.5,500.5,500.5,500.5,42118
2015-08-18,494.25,494.25,494.25,494.25,38650
2015-08-19,496.25,496.25,496.25,496.25,39649
2015-08-20,506.25,506.25,506.25,506.25,39146
2015-08-21,499.5,499.5,499.5,499.5,36214
2015-08-24,503.25,503.25,503.25,503.25,38298
2015-08-25,495.0,495.0,495.0,495.0,29852
2015-08-26,489.75,489.75,489.75,489.75,24807
2015-08-27,484.25,484.25,484.25,484.25,40564
2015-08-28,477.0,477.0,477.0,477.0,20907
2015-08-31,482.5,482.5,482.5,482.5,5907
2015-09-01,484.0,484.0,484.0,484.0,1851
2015-09-02,473.0,473.0,473.0,473.0,2241
2015-09-03,456.5,456.5,456.5,456.5,1373
2015-09-04,457.75,457.75,457.75,457.75,467
2015-09-08,465.25,465.25,465.25,465.25,219
2015-09-09,462.0,462.0,462.0,462.0,164
2015-09-10,468.0,468.0,468.0,468.0,128
2015-09-11,475.5,475.5,475.5,475.5,123
2015-09-14,485.75,485.75,485.75,485.75,57
2013-04-15,763.0,780.25,763.0,763.0,0
2013-04-16,769.75,769.75,763.0,769.75,0
2013-04-17,768.5,769.75,768.5,768.5,2
2013-04-18,766.75,768.5,766.75,766.75,0
2013-04-19,766.75,766.75,766.75,766.75,0
2013-04-22,767.5,767.5,766.75,767.5,0
2013-04-23,758.5,767.5,758.5,758.5,1
2013-04-24,755.0,758.5,755.0,755.0,0
2013-04-25,767.75,767.75,755.0,767.75,0
2013-04-26,757.25,767.75,757.25,757.25,0
2013-04-29,778.0,778.0,757.25,778.0,6
2013-04-30,790.5,790.5,778.0,790.5,13
2013-05-01,783.0,790.5,783.0,783.0,6
2013-05-02,790.0,790.0,783.0,790.0,11
2013-05-03,782.5,790.0,782.5,782.5,0
2013-05-06,772.25,782.5,772.25,772.25,0
2013-05-07,779.5,779.5,772.25,779.5,0
2013-05-08,777.25,779.5,777.25,777.25,0
2013-05-09,792.25,792.25,777.25,792.25,4
2013-05-10,774.5,792.25,774.5,774.5,0
2013-05-13,777.25,777.25,774.5,777.25,19
2013-05-14,777.75,777.75,777.25,777.75,0
2013-05-15,762.5,777.75,762.5,762.5,4
2013-05-16,758.75,762.5,758.75,758.75,4
2013-05-17,754.0,758.75,754.0,754.0,0
2013-05-20,754.25,754.25,754.0,754.25,0
2013-05-21,749.75,754.25,749.75,749.75,4
2013-05-22,756.5,756.5,749.75,756.5,5
2013-05-23,763.25,763.25,756.5,763.25,15
2013-05-24,758.25,763.25,758.25,758.25,1
2013-05-28,760.25,760.25,758.25,760.25,9
2013-05-29,774.5,774.5,760.25,774.5,0
2013-05-30,771.25,774.5,771.25,771.25,7
2013-05-31,778.75,778.75,771.25,778.75,24
2013-06-03,784.75,784.75,778.75,784.75,4
2013-06-04,784.0,784.75,784.0,784.0,11
2013-06-05,770.75,784.0,770.75,770.75,42
2013-06-06,767.75,770.75,767.75,767.75,61
2013-06-07,768.5,768.5,767.75,768.5,90
2013-06-10,767.25,768.5,767.25,767.25,0
2013-06-11,772.5,772.5,767.25,772.5,0
2013-06-12,755.0,772.5,755.0,755.0,13
2013-06-13,756.75,756.75,755.0,756.75,29
2013-06-14,752.5,756.75,752.5,752.5,0
2013-06-17,750.0,752.5,750.0,750.0,44
2013-06-18,756.75,756.75,750.0,756.75,7
2013-06-19,774.25,774.25,756.75,774.25,100
2013-06-20,763.75,774.25,763.75,763.75,58
2013-06-21,759.75,763.75,759.75,759.75,20
2013-06-24,742.75,759.75,742.75,742.75,49
2013-06-25,742.0,742.75,742.0,742.0,2
2013-06-26,736.25,742.0,736.25,736.25,7
2013-06-27,731.75,736.25,731.75,731.75,36
2013-06-28,714.0,731.75,714.0,714.0,4
2013-07-01,717.75,717.75,714.0,717.75,0
2013-07-02,719.5,719.5,717.75,719.5,26
2013-07-03,718.25,719.5,718.25,718.25,3
2013-07-05,709.0,718.25,709.0,709.0,0
2013-07-08,709.5,709.5,709.0,709.5,11
2013-07-09,723.5,723.5,709.5,723.5,0
2013-07-10,726.25,726.25,723.5,726.25,0
2013-07-11,730.75,730.75,726.25,730.75,11
2013-07-12,727.0,730.75,727.0,727.0,0
2013-07-15,719.5,727.0,719.5,719.5,3
2013-07-16,720.5,720.5,719.5,720.5,0
2013-07-17,717.75,720.5,717.75,717.75,15
2013-07-18,714.5,717.75,714.5,714.5,54
2013-07-19,715.5,715.5,714.5,715.5,29
2013-07-22,712.25,715.5,712.25,712.25,2
2013-07-23,706.0,712.25,706.0,706.0,2
2013-07-24,701.5,706.0,701.5,701.5,34
2013-07-25,699.5,701.5,699.5,699.5,0
2013-07-26,697.0,699.5,697.0,697.0,44
2013-07-29,698.25,698.25,697.0,698.25,64
2013-07-30,701.0,701.0,698.25,701.0,95
2013-07-31,709.25,709.25,701.0,709.25,22
2013-08-01,704.25,709.25,704.25,704.25,18
2013-08-02,702.25,704.25,702.25,702.25,31
2013-08-05,689.75,702.25,689.75,689.75,5
2013-08-06,696.0,696.0,689.75,696.0,0
2013-08-07,693.0,696.0,693.0,693.0,5
2013-08-08,692.0,693.0,692.0,692.0,22
2013-08-09,691.0,692.0,691.0,691.0,2
2013-08-12,697.25,697.25,691.0,697.25,3
2013-08-13,689.0,697.25,689.0,689.0,19
2013-08-14,687.25,689.0,687.25,687.25,0
2013-08-15,693.0,693.0,687.25,693.0,0
2013-08-16,690.25,693.0,690.25,690.25,25
2013-08-19,697.5,697.5,690.25,697.5,1
2013-08-20,690.75,697.5,690.75,690.75,0
2013-08-21,691.75,691.75,690.75,691.75,5
2013-08-22,685.25,691.75,685.25,685.25,16
2013-08-23,690.0,690.0,685.25,690.0,7
2013-08-26,707.75,707.75,690.0,707.75,43
2013-08-27,705.0,707.75,705.0,705.0,38
2013-08-28,700.75,705.0,700.75,700.75,3
2013-08-29,695.0,700.75,695.0,695.0,1
2013-08-30,695.75,695.75,695.0,695.75,1
2013-09-03,688.5,695.75,688.5,688.5,0
2013-09-04,689.0,689.0,688.5,689.0,7
2013-09-05,682.25,689.0,682.25,682.25,0
2013-09-06,688.25,688.25,682.25,688.25,2
2013-09-09,682.75,688.25,682.75,682.75,1
2013-09-10,682.75,682.75,682.75,682.75,0
2013-09-11,683.0,683.0,682.75,683.0,42
2013-09-12,688.5,688.5,683.0,688.5,64
2013-09-13,678.0,688.5,678.0,678.0,29
2013-09-16,673.5,678.0,673.5,673.5,75
2013-09-17,673.5,673.5,673.5,673.5,64
2013-09-18,677.25,677.25,673.5,677.25,14
2013-09-19,688.25,688.25,677.25,688.25,18
2013-09-20,681.5,688.25,681.5,681.5,52
2013-09-23,686.75,686.75,681.5,686.75,6
2013-09-24,690.75,690.75,686.75,690.75,2
2013-09-25,700.0,700.0,690.75,700.0,9
2013-09-26,705.0,705.0,700.0,705.0,4
2013-09-27,704.75,705.0,704.75,704.75,68
2013-09-30,696.75,704.75,696.75,696.75,69
2013-10-01,699.0,699.0,696.75,699.0,18
2013-10-02,704.25,704.25,699.0,704.25,20
2013-10-03,716.25,716.25,704.25,716.25,61
2013-10-04,716.0,716.25,716.0,716.0,60
2013-10-07,721.25,721.25,716.0,721.25,18
2013-10-08,720.5,721.25,720.5,720.5,28
2013-10-09,718.0,720.5,718.0,718.0,39
2013-10-10,712.25,718.0,712.25,712.25,42
2013-10-11,715.25,715.25,712.25,715.25,28
2013-10-14,717.25,717.25,715.25,717.25,4
2013-10-15,710.5,717.25,710.5,710.5,34
2013-10-16,706.0,710.5,706.0,706.0,23
2013-10-17,706.25,706.25,706.0,706.25,137
2013-10-18,719.25,719.25,706.25,719.25,80
2013-10-21,717.5,719.25,717.5,717.5,75
2013-10-22,720.75,720.75,717.5,720.75,36
2013-10-23,722.5,722.5,720.75,722.5,11
2013-10-24,724.25,724.25,722.5,724.25,6
2013-10-25,724.5,724.5,724.25,724.5,2
2013-10-28,713.0,724.5,713.0,713.0,15
2013-10-29,713.0,713.0,713.0,713.0,0
2013-10-30,709.0,713.0,709.0,709.0,0
2013-10-31,708.25,709.0,708.25,708.25,18
2013-11-01,709.75,709.75,708.25,709.75,13
2013-11-04,704.5,709.75,704.5,704.5,14
2013-11-05,697.25,704.5,697.25,697.25,44
2013-11-06,694.0,697.25,694.0,694.0,32
2013-11-07,695.75,695.75,694.0,695.75,28
2013-11-08,696.25,696.25,695.75,696.25,186
2013-11-11,692.5,696.25,692.5,692.5,38
2013-11-12,689.0,692.5,689.0,689.0,24
2013-11-13,686.5,689.0,686.5,686.5,239
2013-11-14,684.0,686.5,684.0,684.0,7
2013-11-15,681.5,684.0,681.5,681.5,102
2013-11-18,677.0,681.5,677.0,677.0,11
2013-11-19,683.25,683.25,677.0,683.25,26
2013-11-20,678.5,683.25,678.5,678.5,10
2013-11-21,679.5,679.5,678.5,679.5,1
2013-11-22,682.75,682.75,679.5,682.75,15
2013-11-25,685.0,685.0,682.75,685.0,8
2013-11-26,681.25,685.0,681.25,681.25,10
2013-11-27,688.0,688.0,681.25,688.0,13
2013-11-29,694.25,694.25,688.0,694.25,50
2013-12-02,687.0,694.25,687.0,687.0,38
2013-12-03,691.0,691.0,687.0,691.0,9
2013-12-04,687.5,691.0,687.5,687.5,110
2013-12-05,679.25,687.5,679.25,679.25,12
2013-12-06,680.25,680.25,679.25,680.25,22
2013-12-09,679.5,680.25,679.5,679.5,238
2013-12-10,670.75,679.5,670.75,670.75,144
2013-12-11,676.25,676.25,670.75,676.25,38
2013-12-12,672.5,676.25,672.5,672.5,99
2013-12-13,667.75,672.5,667.75,667.75,19
2013-12-16,659.75,667.75,659.75,659.75,639
2013-12-17,658.25,659.75,658.25,658.25,70
2013-12-18,653.0,658.25,653.0,653.0,377
2013-12-19,651.75,653.0,651.75,651.75,41
2013-12-20,655.0,655.0,651.75,655.0,169
2013-12-23,650.25,655.0,650.25,650.25,31
2013-12-24,648.25,650.25,648.25,648.25,12
2013-12-26,649.0,649.0,648.25,649.0,6
2013-12-27,652.0,652.0,649.0,652.0,54
2013-12-30,644.0,652.0,644.0,644.0,41
2013-12-31,648.75,648.75,644.0,648.75,24
2014-01-02,640.75,648.75,640.75,640.75,81
2014-01-03,646.25,646.25,640.75,646.25,324
2014-01-06,646.25,646.25,646.25,646.25,69
2014-01-07,643.0,646.25,643.0,643.0,62
2014-01-08,630.5,643.0,630.5,630.5,72
2014-01-09,626.75,630.5,626.75,626.75,110
2014-01-10,614.0,626.75,614.0,614.0,682
2014-01-13,620.25,620.25,614.0,620.25,81
2014-01-14,624.75,624.75,620.25,624.75,70
2014-01-15,612.5,624.75,612.5,612.5,300
2014-01-16,617.0,617.0,612.5,617.0,66
2014-01-17,608.75,617.0,608.75,608.75,1034
2014-01-21,607.75,608.75,607.75,607.75,426
2014-01-22,606.25,607.75,606.25,606.25,349
2014-01-23,613.5,613.5,606.25,613.5,247
2014-01-24,609.25,613.5,609.25,609.25,181
2014-01-27,606.5,609.25,606.5,606.5,156
2014-01-28,607.25,607.25,606.5,607.25,47
2014-01-29,589.75,607.25,589.75,589.75,384
2014-01-30,590.0,590.0,589.75,590.0,344
2014-01-31,592.75,592.75,590.0,592.75,218
2014-02-03,600.0,600.0,592.75,600.0,389
2014-02-04,621.25,621.25,600.0,621.25,276
2014-02-05,624.0,624.0,621.25,624.0,175
2014-02-06,617.0,624.0,617.0,617.0,58
2014-02-07,614.25,617.0,614.25,614.25,288
2014-02-10,620.75,620.75,614.25,620.75,108
2014-02-11,624.25,624.25,620.75,624.25,129
2014-02-12,621.5,624.25,621.5,621.5,83
2014-02-13,628.25,628.25,621.5,628.25,53
2014-02-14,630.25,630.25,628.25,630.25,243
2014-02-18,641.0,641.0,630.25,641.0,138
2014-02-19,646.75,646.75,641.0,646.75,108
2014-02-20,647.25,647.25,646.75,647.25,151
2014-02-21,639.25,647.25,639.25,639.25,138
2014-02-24,650.75,650.75,639.25,650.75,94
2014-02-25,653.75,653.75,650.75,653.75,240
2014-02-26,640.75,653.75,640.75,640.75,208
2014-02-27,625.5,640.75,625.5,625.5,474
2014-02-28,638.75,638.75,625.5,638.75,475
2014-03-03,662.25,662.25,638.75,662.25,1264
2014-03-04,673.5,673.5,662.25,673.5,763
2014-03-05,672.0,673.5,672.0,672.0,1113
2014-03-06,675.25,675.25,672.0,675.25,304
2014-03-07,683.75,683.75,675.25,683.75,1119
2014-03-10,671.5,683.75,671.5,671.5,1178
2014-03-11,689.25,689.25,671.5,689.25,602
2014-03-12,712.0,712.0,689.25,712.0,757
2014-03-13,714.0,714.0,702.0,702.0,548
2014-03-14,712.75,712.75,702.0,712.75,497
2014-03-17,701.5,712.75,701.5,701.5,397
2014-03-18,717.25,717.25,701.5,717.25,743
2014-03-19,737.25,737.25,717.25,737.25,858
2014-03-20,725.75,737.25,725.75,725.75,1235
2014-03-21,717.5,725.75,717.5,717.5,810
2014-03-24,737.75,737.75,717.5,737.75,921
2014-03-25,733.75,737.75,733.75,733.75,332
2014-03-26,725.75,733.75,725.75,725.75,823
2014-03-27,738.75,738.75,725.75,738.75,551
2014-03-28,723.75,738.75,723.75,723.75,966
2014-03-31,725.5,725.5,723.75,725.5,675
2014-04-01,717.75,725.5,717.75,717.75,1119
2014-04-02,705.0,717.75,705.0,705.0,1306
2014-04-03,712.25,712.25,705.0,712.25,966
2014-04-04,709.0,712.25,709.0,709.0,1476
2014-04-07,718.0,718.0,709.0,718.0,2046
2014-04-08,723.75,723.75,718.0,723.75,2000
2014-04-09,712.75,723.75,712.75,712.75,1897
2014-04-10,706.0,712.75,706.0,706.0,1412
2014-04-11,704.25,706.0,704.25,704.25,909
2014-04-14,721.0,721.0,704.25,721.0,1031
2014-04-15,743.5,743.5,721.0,743.5,1568
2014-04-16,729.0,743.5,729.0,729.0,965
2014-04-17,733.5,733.5,729.0,733.5,733
2014-04-21,711.25,733.5,711.25,711.25,908
2014-04-22,716.75,716.75,711.25,716.75,744
2014-04-23,718.75,718.75,716.75,718.75,305
2014-04-24,734.0,734.0,732.75,732.75,686
2014-04-25,742.75,742.75,732.75,742.75,1068
2014-04-28,742.25,742.75,742.25,742.25,542
2014-04-29,748.25,748.25,742.25,748.25,384
2014-04-30,754.25,754.25,748.25,754.25,1021
2014-05-01,741.75,754.25,741.75,741.75,2092
2014-05-02,749.25,749.25,741.75,749.25,1199
2014-05-05,761.0,761.0,749.25,761.0,3007
2014-05-06,772.0,772.0,761.0,772.0,2332
2014-05-07,771.25,772.0,771.25,771.25,1695
2014-05-08,769.25,771.25,769.25,769.25,1104
2014-05-09,758.25,769.25,758.25,758.25,6570
2014-05-12,752.25,758.25,752.25,752.25,2248
2014-05-13,747.25,752.25,747.25,747.25,1494
2014-05-14,729.75,747.25,729.75,729.75,4227
2014-05-15,717.0,729.75,717.0,717.0,2471
2014-05-16,713.5,717.0,713.5,713.5,1492
2014-05-19,714.25,714.25,713.5,714.25,907
2014-05-20,711.5,714.25,711.5,711.5,2825
2014-05-21,708.75,711.5,708.75,708.75,4833
2014-05-22,705.25,708.75,705.25,705.25,5530
2014-05-23,699.25,705.25,699.25,699.25,3220
2014-05-27,689.5,699.25,689.5,689.5,2944
2014-05-28,686.75,689.5,686.75,686.75,2522
2014-05-29,679.75,686.75,679.75,679.75,2225
2014-05-30,677.25,679.75,677.25,677.25,4753
2014-06-02,672.0,677.25,672.0,672.0,3592
2014-06-03,663.25,672.0,663.25,663.25,4341
2014-06-04,664.0,664.0,663.25,664.0,2193
2014-06-05,655.0,664.0,655.0,655.0,3240
2014-06-06,669.75,669.75,655.0,669.75,4445
2014-06-09,668.0,669.75,668.0,668.0,4846
2014-06-10,658.0,668.0,658.0,658.0,2858
2014-06-11,646.5,658.0,646.5,646.5,5418
2014-06-12,640.0,646.5,640.0,640.0,3104
2014-06-13,635.0,640.0,635.0,635.0,4197
2014-06-16,628.75,629.25,628.75,629.25,2871
2014-06-17,630.5,631.5,630.5,631.5,3929
2014-06-18,637.25,639.5,636.75,636.75,3104
2014-06-19,642.75,642.75,636.75,642.75,3590
2014-06-20,634.5,642.75,634.5,634.5,3258
2014-06-23,634.5,634.5,634.5,634.5,8401
2014-06-24,625.25,634.5,625.25,625.25,5410
2014-06-25,628.0,628.0,625.25,628.0,4301
2014-06-26,623.5,624.25,623.5,624.25,11240
2014-06-27,627.75,632.25,627.75,632.25,5341
2014-06-30,619.25,632.25,619.25,619.25,7005
2014-07-01,617.75,619.25,617.75,617.75,7123
2014-07-02,621.75,621.75,617.75,621.75,5938
2014-07-03,627.0,627.5,627.0,627.5,5694
2014-07-07,603.5,603.5,603.25,603.25,4081
2014-07-08,602.5,602.75,602.5,602.75,4907
2014-07-09,596.0,602.75,596.0,597.5,6780
2014-07-10,591.5,597.5,591.5,591.5,9485
2014-07-11,567.5,569.5,567.5,569.5,7820
2014-07-14,576.0,581.75,575.5,581.75,5837
2014-07-15,582.0,582.0,581.75,582.0,3669
2014-07-16,583.5,583.5,582.0,583.5,3620
2014-07-17,595.0,595.0,594.75,594.75,8555
2014-07-18,579.0,579.0,577.75,577.75,4791
2014-07-21,576.5,577.25,576.5,577.25,6465
2014-07-22,572.5,577.25,572.5,572.5,8593
2014-07-23,577.75,577.75,572.5,577.75,5539
2014-07-24,572.0,572.75,572.0,572.75,8720
2014-07-25,581.5,581.5,572.75,581.5,6392
2014-07-28,580.25,581.5,580.25,580.25,4693
2014-07-29,568.25,580.25,568.25,568.25,12039
2014-07-30,572.75,572.75,568.25,572.75,8852
2014-07-31,572.25,572.75,572.25,572.25,10247
2014-08-01,574.0,574.0,572.25,574.0,11101
2014-08-04,583.5,583.5,574.0,583.5,12089
2014-08-05,590.5,592.5,590.5,592.5,6767
2014-08-06,607.75,607.75,605.5,605.5,11245
2014-08-07,599.0,605.5,599.0,599.0,14466
2014-08-08,585.25,599.0,585.25,585.25,12910
2014-08-11,581.0,585.25,581.0,581.25,14844
2014-08-12,570.0,570.75,570.0,570.75,13239
2014-08-13,565.75,570.75,565.75,565.75,13881
2014-08-14,573.0,573.0,565.75,573.0,7200
2014-08-15,583.5,583.5,573.0,583.5,9950
2014-08-18,573.75,583.5,573.75,573.75,7012
2014-08-19,577.25,577.25,573.75,577.25,7537
2014-08-20,568.75,577.25,568.75,568.75,7483
2014-08-21,572.25,572.25,568.75,572.25,11130
2014-08-22,580.25,580.25,572.25,580.25,11590
2014-08-25,574.25,580.25,574.25,574.25,8766
2014-08-26,577.0,577.0,574.25,577.0,11585
2014-08-27,582.5,582.5,577.0,582.5,7593
2014-08-28,591.25,591.25,582.5,591.25,9200
2014-08-29,582.0,591.25,582.0,582.5,6597
2014-09-02,573.5,582.5,573.5,573.5,7299
2014-09-03,556.5,573.5,556.5,556.5,22175
2014-09-04,550.0,556.5,550.0,550.0,11693
2014-09-05,552.5,553.0,552.5,553.0,13321
2014-09-08,550.75,553.0,550.75,550.75,9222
2014-09-09,544.0,550.75,544.0,544.0,11516
2014-09-10,536.0,544.0,536.0,536.0,11851
2014-09-11,526.0,526.25,526.0,526.25,15576
2014-09-12,520.0,526.25,520.0,520.0,12345
2014-09-15,518.25,520.0,518.25,518.25,10167
2014-09-16,512.75,518.25,512.75,512.75,12507
2014-09-17,515.5,516.25,515.5,516.25,7326
2014-09-18,505.75,516.25,505.75,505.75,9440
2014-09-19,494.25,494.25,490.5,491.0,16942
2014-09-22,489.5,491.0,489.5,489.5,30006
2014-09-23,487.5,489.5,487.5,488.25,23174
2014-09-24,492.25,492.25,492.25,492.25,31800
2014-09-25,487.75,492.25,487.75,487.75,24332
2014-09-26,488.0,488.0,487.5,487.5,11353
2014-09-29,488.0,494.0,488.0,494.0,10115
2014-09-30,486.5,490.5,486.25,490.5,20394
2014-10-01,492.0,492.25,491.5,492.25,13975
2014-10-02,498.75,498.75,496.0,496.0,16400
2014-10-03,496.5,497.0,496.5,497.0,14659
2014-10-06,503.5,503.5,497.0,503.5,12356
2014-10-07,518.25,518.25,503.5,518.25,24538
2014-10-08,519.25,519.25,518.25,519.25,15059
2014-10-09,504.0,505.25,504.0,505.25,18924
2014-10-10,509.5,509.5,505.25,509.5,24767
2014-10-13,517.0,517.0,509.5,517.0,16145
2014-10-14,515.0,521.25,515.0,521.25,11222
2014-10-15,518.0,518.0,517.0,518.0,15249
2014-10-16,528.75,528.75,518.0,528.75,14025
2014-10-17,528.0,528.75,528.0,528.0,13874
2014-10-20,526.25,528.0,526.25,526.25,11004
2014-10-21,533.0,533.0,533.0,533.0,21237
2014-10-22,540.5,540.5,536.0,536.0,20041
2014-10-23,540.25,540.25,536.0,540.25,13414
2014-10-24,537.5,537.5,531.0,531.0,17778
2014-10-27,536.0,536.5,531.0,536.5,16691
2014-10-28,544.5,544.5,536.5,544.5,14402
2014-10-29,551.0,551.0,551.0,551.0,17653
2014-10-30,554.0,554.0,549.0,549.0,24676
2014-10-31,545.5,545.75,545.5,545.75,24011
2014-11-03,551.5,551.5,550.5,550.75,23717
2014-11-04,542.0,550.75,542.0,542.0,19737
2014-11-05,536.25,542.0,536.25,536.25,28752
2014-11-06,535.0,535.0,532.0,532.0,21134
2014-11-07,526.25,532.0,526.25,526.25,39180
2014-11-10,527.25,527.25,526.25,527.25,57207
2014-11-11,524.0,530.75,524.0,530.75,78073
2014-11-12,547.5,548.0,547.0,548.0,108130
2014-11-13,556.0,556.0,548.0,556.0,86256
2014-11-14,562.5,562.75,556.0,562.75,54797
2014-11-17,555.0,555.0,553.5,553.75,39657
2014-11-18,550.5,551.0,550.5,551.0,40530
2014-11-19,541.0,551.0,541.0,541.0,54799
2014-11-20,552.5,553.0,541.0,552.5,59988
2014-11-21,551.0,556.0,551.0,553.5,60972
2014-11-24,549.0,550.0,548.5,549.5,58768
2014-11-25,557.75,557.75,549.5,557.75,49675
2014-11-26,561.5,562.75,553.5,562.75,53883
2014-11-28,573.0,580.0,572.75,578.5,68864
2014-12-01,583.0,608.0,583.0,606.75,91685
2014-12-02,602.25,603.25,602.25,603.25,93598
2014-12-03,590.0,590.0,588.5,589.5,64404
2014-12-04,589.75,589.75,589.5,589.75,61220
2014-12-05,594.0,595.5,594.0,594.0,51537
2014-12-08,602.75,602.75,595.5,598.0,56499
2014-12-09,587.0,587.0,585.75,585.75,59312
2014-12-10,581.75,582.0,581.75,581.75,54888
2014-12-11,595.5,597.5,595.5,597.5,76314
2014-12-12,605.0,606.5,597.5,606.5,72039
2014-12-15,619.0,619.0,619.0,619.0,65785
2014-12-16,623.0,623.25,619.0,623.25,93302
2014-12-17,629.75,649.0,629.75,648.5,103230
2014-12-18,656.5,656.5,653.5,655.25,102121
2014-12-19,631.5,633.5,631.5,632.25,68685
2014-12-22,638.75,639.0,625.75,625.75,53792
2014-12-23,632.5,635.75,632.25,635.5,31415
2014-12-24,615.5,615.5,611.0,611.5,38221
2014-12-26,612.0,612.0,609.5,610.75,21009
2014-12-29,610.25,615.5,610.25,615.5,29593
2014-12-30,603.5,603.5,601.0,602.0,34044
2014-12-31,591.0,591.0,588.5,589.75,37572
2015-01-02,585.25,585.25,580.0,581.25,38997
2015-01-05,592.0,592.0,589.0,589.0,45078
2015-01-06,587.5,591.75,587.5,591.75,52463
2015-01-07,581.0,581.0,579.5,579.5,46079
2015-01-08,571.5,571.5,566.0,567.0,49560
2015-01-09,570.75,573.5,563.75,563.75,54780
2015-01-12,565.0,565.0,555.5,555.5,74233
2015-01-13,559.25,559.25,548.0,548.0,61834
2015-01-14,538.0,538.75,537.0,537.75,66809
2015-01-15,533.25,537.75,532.75,532.75,59519
2015-01-16,532.0,532.75,532.0,532.75,54200
2015-01-20,536.0,537.0,532.75,537.0,62926
2015-01-21,542.5,542.5,536.0,536.75,50807
2015-01-22,536.0,564.25,533.75,533.75,44525
2015-01-23,535.0,535.25,530.0,530.0,57432
2015-01-26,526.25,526.25,519.5,520.5,52607
2015-01-27,524.0,524.0,518.75,519.0,40915
2015-01-28,513.75,513.75,505.25,505.25,78409
2015-01-29,509.5,509.5,507.75,507.75,76823
2015-01-30,502.0,507.75,502.0,502.75,67223
2015-02-02,496.5,496.5,492.25,492.75,58166
2015-02-03,511.75,513.75,511.75,513.75,71013
2015-02-04,512.0,512.0,511.0,511.0,64767
2015-02-05,520.0,526.5,520.0,525.75,84138
2015-02-06,519.75,527.75,519.75,527.0,85342
2015-02-09,529.0,529.75,527.0,529.75,77084
2015-02-10,525.0,525.0,521.0,521.75,86985
2015-02-11,521.5,526.75,520.75,525.75,96606
2015-02-12,521.25,525.75,521.25,521.25,92568
2015-02-13,533.0,533.0,521.25,533.0,85848
2015-02-17,536.0,536.0,533.0,534.75,62801
2015-02-18,525.5,528.0,525.0,527.75,63119
2015-02-19,536.75,536.75,527.75,527.75,45850
2015-02-20,521.75,522.0,510.0,510.25,59446
2015-02-23,505.75,510.25,505.75,505.75,32153
2015-02-24,505.75,505.75,505.75,505.75,18575
2015-02-25,498.0,505.75,497.75,497.75,12524
2015-02-26,503.25,503.25,497.75,503.25,13499
2015-02-27,517.5,517.5,503.25,517.5,2654
2015-03-02,508.0,517.5,508.0,508.0,2490
2015-03-03,506.25,508.75,506.25,508.75,1527
2015-03-04,494.0,508.75,493.5,493.5,1558
2015-03-05,481.25,493.5,481.25,481.25,609
2015-03-06,485.75,485.75,481.25,485.75,305
2015-03-09,494.25,494.25,485.75,494.25,54
2015-03-10,496.5,496.5,494.25,496.5,83
2015-03-11,502.5,503.5,502.5,503.0,26
2015-03-12,513.25,513.25,503.0,513.25,29
2015-03-13,508.75,513.25,508.75,508.75,25
2013-08-15,688.75,688.75,683.25,688.75,2
2013-08-16,683.5,688.75,683.5,683.5,6
2013-08-19,689.75,689.75,683.5,689.75,7
2013-08-20,684.25,689.75,684.25,684.25,0
2013-08-21,685.25,685.25,684.25,685.25,5
2013-08-22,678.5,685.25,678.5,678.5,15
2013-08-23,683.25,683.25,678.5,683.25,17
2013-08-26,703.5,703.5,683.25,703.5,44
2013-08-27,701.5,703.5,701.5,701.5,11
2013-08-28,695.5,701.5,695.5,695.5,23
2013-08-29,690.5,695.5,690.5,690.5,10
2013-08-30,690.25,690.5,690.25,690.25,10
2013-09-03,685.25,690.25,685.25,685.25,0
2013-09-04,688.0,688.0,685.25,688.0,5
2013-09-05,680.5,688.0,680.5,680.5,4
2013-09-06,687.25,687.25,680.5,687.25,1
2013-09-09,680.0,687.25,680.0,680.0,2
2013-09-10,683.0,683.0,680.0,683.0,6
2013-09-11,683.25,683.25,683.0,683.25,24
2013-09-12,690.5,690.5,683.25,690.5,63
2013-09-13,680.0,690.5,680.0,680.0,0
2013-09-16,675.25,680.0,675.25,675.25,11
2013-09-17,676.25,676.25,675.25,676.25,55
2013-09-18,678.5,678.5,676.25,678.5,2
2013-09-19,689.0,689.0,678.5,689.0,19
2013-09-20,682.5,689.0,682.5,682.5,0
2013-09-23,686.75,686.75,682.5,686.75,3
2013-09-24,690.0,690.0,686.75,690.0,6
2013-09-25,699.25,699.25,690.0,699.25,29
2013-09-26,705.5,705.5,699.25,705.5,25
2013-09-27,706.25,706.25,705.5,706.25,163
2013-09-30,698.25,706.25,698.25,698.25,62
2013-10-01,695.25,698.25,695.25,695.25,17
2013-10-02,699.75,699.75,695.25,699.75,20
2013-10-03,708.75,708.75,699.75,708.75,51
2013-10-04,708.25,708.75,708.25,708.25,34
2013-10-07,713.0,713.0,708.25,713.0,20
2013-10-08,710.5,713.0,710.5,710.5,16
2013-10-09,710.0,710.0,709.5,709.5,24
2013-10-10,703.25,709.5,703.25,703.25,8
2013-10-11,704.5,704.5,703.25,704.5,25
2013-10-14,707.0,707.0,704.5,707.0,7
2013-10-15,697.5,707.0,697.5,697.5,49
2013-10-16,692.75,697.5,692.75,692.75,18
2013-10-17,693.75,693.75,692.75,693.75,32
2013-10-18,705.25,705.25,693.75,705.25,55
2013-10-21,702.25,705.25,702.25,702.25,17
2013-10-22,707.0,707.0,702.25,707.0,51
2013-10-23,710.5,710.5,707.0,710.5,59
2013-10-24,715.75,715.75,710.5,715.75,19
2013-10-25,716.0,716.0,715.75,716.0,17
2013-10-28,707.25,716.0,707.25,707.25,11
2013-10-29,707.25,707.25,707.25,707.25,12
2013-10-30,703.5,707.25,703.5,703.5,15
2013-10-31,703.25,703.5,703.25,703.25,29
2013-11-01,704.0,704.0,703.25,704.0,25
2013-11-04,698.75,704.0,698.75,698.75,8
2013-11-05,693.5,698.75,693.5,693.5,21
2013-11-06,688.25,693.5,688.25,688.25,13
2013-11-07,689.5,689.5,688.25,689.5,4
2013-11-08,688.75,689.5,688.75,688.75,7
2013-11-11,687.25,688.75,687.25,687.25,22
2013-11-12,682.5,687.25,682.5,682.5,6
2013-11-13,680.5,682.5,680.5,680.5,0
2013-11-14,678.25,680.5,678.25,678.25,2
2013-11-15,675.25,678.25,675.25,675.25,1
2013-11-18,672.5,675.25,672.5,672.5,31
2013-11-19,678.5,678.5,672.5,678.5,6
2013-11-20,673.5,678.5,673.5,673.5,0
2013-11-21,674.0,674.0,673.5,674.0,1
2013-11-22,677.75,677.75,674.0,677.75,15
2013-11-25,680.0,680.0,677.75,680.0,12
2013-11-26,676.25,680.0,676.25,676.25,2
2013-11-27,682.25,682.25,676.25,682.25,10
2013-11-29,686.25,686.25,682.25,686.25,17
2013-12-02,679.25,686.25,679.25,679.25,28
2013-12-03,682.5,682.5,679.25,682.5,4
2013-12-04,681.5,682.5,681.5,681.5,46
2013-12-05,673.25,681.5,673.25,673.25,15
2013-12-06,675.0,675.0,673.25,675.0,52
2013-12-09,676.25,676.25,675.0,676.25,63
2013-12-10,668.75,676.25,668.75,668.75,27
2013-12-11,673.75,673.75,668.75,673.75,14
2013-12-12,665.5,673.75,665.5,665.5,65
2013-12-13,660.75,665.5,660.75,660.75,5
2013-12-16,653.0,660.75,653.0,653.0,6
2013-12-17,651.5,653.0,651.5,651.5,4
2013-12-18,648.5,651.5,648.5,648.5,65
2013-12-19,646.75,648.5,646.75,646.75,9
2013-12-20,650.0,650.0,646.75,650.0,35
2013-12-23,645.5,650.0,645.5,645.5,0
2013-12-24,644.0,645.5,644.0,644.0,1
2013-12-26,644.0,644.0,644.0,644.0,0
2013-12-27,647.0,647.0,644.0,647.0,5
2013-12-30,640.25,647.0,640.25,640.25,2
2013-12-31,645.25,645.25,640.25,645.25,2
2014-01-02,636.5,645.25,636.5,636.5,6
2014-01-03,637.5,637.5,636.5,637.5,32
2014-01-06,638.0,638.0,637.5,638.0,15
2014-01-07,635.5,638.0,635.5,635.5,8
2014-01-08,625.0,635.5,625.0,625.0,34
2014-01-09,624.0,625.0,624.0,624.0,73
2014-01-10,610.5,624.0,610.5,610.5,38
2014-01-13,618.5,618.5,610.5,618.5,1
2014-01-14,621.5,621.5,618.5,621.5,30
2014-01-15,610.0,621.5,610.0,610.0,12
2014-01-16,614.25,614.25,610.0,614.25,24
2014-01-17,605.75,614.25,605.75,605.75,24
2014-01-21,602.75,605.75,602.75,602.75,15
2014-01-22,600.0,602.75,600.0,600.0,25
2014-01-23,604.5,604.5,600.0,604.5,22
2014-01-24,600.5,604.5,600.5,600.5,16
2014-01-27,600.0,600.5,600.0,600.0,20
2014-01-28,600.75,600.75,600.0,600.75,6
2014-01-29,586.75,600.75,586.75,586.75,25
2014-01-30,588.25,588.25,586.75,588.25,21
2014-01-31,592.0,592.0,588.25,592.0,20
2014-02-03,598.5,598.5,592.0,598.5,4
2014-02-04,617.25,617.25,598.5,617.25,46
2014-02-05,622.0,622.0,617.25,622.0,36
2014-02-06,615.25,622.0,615.25,615.25,29
2014-02-07,612.25,615.25,612.25,612.25,16
2014-02-10,617.5,617.5,612.25,617.5,2
2014-02-11,620.25,620.25,617.5,620.25,25
2014-02-12,617.25,620.25,617.25,617.25,22
2014-02-13,623.5,623.75,623.5,623.75,14
2014-02-14,623.5,623.75,623.5,623.5,45
2014-02-18,632.75,632.75,623.5,632.75,94
2014-02-19,638.75,638.75,632.75,638.75,57
2014-02-20,639.5,639.5,638.75,639.5,31
2014-02-21,631.75,639.5,631.75,631.75,11
2014-02-24,644.5,644.5,631.75,644.5,71
2014-02-25,646.5,646.5,644.5,646.5,68
2014-02-26,640.75,646.5,640.75,640.75,109
2014-02-27,625.25,640.75,625.25,625.25,102
2014-02-28,637.25,637.25,625.25,637.25,25
2014-03-03,656.75,656.75,637.25,656.75,232
2014-03-04,664.75,664.75,656.75,664.75,244
2014-03-05,664.0,664.75,664.0,664.0,81
2014-03-06,669.0,669.0,664.0,669.0,131
2014-03-07,675.25,675.25,669.0,675.25,323
2014-03-10,666.5,675.25,666.5,666.5,127
2014-03-11,681.5,681.5,666.5,681.5,100
2014-03-12,702.25,702.25,681.5,702.25,393
2014-03-13,693.5,702.25,693.5,693.5,502
2014-03-14,700.0,703.25,693.5,703.25,358
2014-03-17,690.75,703.25,690.75,690.75,321
2014-03-18,709.0,709.0,690.75,709.0,268
2014-03-19,721.0,721.0,709.0,721.0,699
2014-03-20,709.75,721.0,709.75,709.75,303
2014-03-21,703.25,709.75,703.25,703.25,169
2014-03-24,718.0,718.0,703.25,718.0,529
2014-03-25,717.5,718.0,717.5,717.5,308
2014-03-26,716.75,717.5,716.75,716.75,353
2014-03-27,722.0,722.0,716.75,722.0,310
2014-03-28,710.75,722.0,710.75,710.75,272
2014-03-31,708.5,710.75,708.5,708.5,566
2014-04-01,711.5,711.5,708.5,711.5,205
2014-04-02,704.75,711.5,704.75,704.75,422
2014-04-03,713.0,713.0,704.75,713.0,447
2014-04-04,711.75,713.0,711.75,711.75,510
2014-04-07,719.25,719.25,711.75,719.25,441
2014-04-08,717.5,723.0,717.5,723.0,339
2014-04-09,711.0,723.0,711.0,711.0,267
2014-04-10,704.25,711.0,704.25,704.25,107
2014-04-11,704.75,704.75,704.25,704.75,203
2014-04-14,716.75,716.75,704.75,716.75,294
2014-04-15,725.0,733.75,716.75,733.75,503
2014-04-16,718.25,733.75,718.25,718.25,372
2014-04-17,719.5,719.5,718.25,719.5,281
2014-04-21,702.75,702.75,698.5,698.5,288
2014-04-22,707.25,707.25,698.5,707.25,159
2014-04-23,710.75,710.75,707.25,710.75,142
2014-04-24,725.0,725.0,723.0,723.0,409
2014-04-25,731.5,731.5,723.0,731.5,1111
2014-04-28,727.0,732.5,727.0,732.5,472
2014-04-29,739.0,739.0,732.5,739.0,433
2014-04-30,745.75,745.75,739.0,745.75,765
2014-05-01,735.25,745.75,735.25,735.25,562
2014-05-02,740.5,740.5,735.25,740.5,558
2014-05-05,747.5,747.5,740.5,747.5,1132
2014-05-06,758.0,758.0,747.5,758.0,943
2014-05-07,760.75,760.75,758.0,760.75,888
2014-05-08,758.25,760.75,758.25,758.25,475
2014-05-09,754.0,758.25,754.0,754.0,1318
2014-05-12,752.25,754.0,752.25,752.25,1034
2014-05-13,750.0,752.25,750.0,750.0,1167
2014-05-14,735.5,750.0,735.5,735.5,1963
2014-05-15,722.25,735.5,722.25,722.25,870
2014-05-16,719.0,722.25,719.0,719.0,677
2014-05-19,720.25,720.25,719.0,720.25,607
2014-05-20,717.5,720.25,717.5,717.5,616
2014-05-21,718.75,718.75,717.5,718.75,1949
2014-05-22,715.25,718.75,715.25,715.25,1015
2014-05-23,710.5,715.25,710.5,710.5,1199
2014-05-27,699.75,710.5,699.75,699.75,1166
2014-05-28,697.5,699.75,697.5,697.5,1083
2014-05-29,691.5,697.5,691.5,691.5,633
2014-05-30,691.0,691.5,691.0,691.0,797
2014-06-02,685.5,691.0,685.5,685.5,836
2014-06-03,678.0,685.5,678.0,678.0,6837
2014-06-04,679.0,679.0,678.0,679.0,5759
2014-06-05,671.5,679.0,671.5,671.5,6113
2014-06-06,687.5,687.5,671.5,687.5,5017
2014-06-09,686.0,687.5,686.0,686.0,5553
2014-06-10,676.75,686.0,676.75,676.75,1691
2014-06-11,663.5,676.75,663.5,663.5,1864
2014-06-12,655.75,655.75,655.0,655.0,979
2014-06-13,651.25,655.0,651.25,651.25,2851
2014-06-16,646.25,651.25,646.25,646.25,1241
2014-06-17,648.5,648.5,646.25,648.5,740
2014-06-18,652.25,654.5,652.25,654.5,638
2014-06-19,655.75,659.75,655.75,659.75,995
2014-06-20,652.0,659.75,652.0,652.0,875
2014-06-23,656.25,656.25,652.0,656.25,1928
2014-06-24,649.5,656.25,649.5,649.5,2066
2014-06-25,651.5,651.5,649.5,651.5,991
2014-06-26,641.5,645.25,641.5,645.25,2173
2014-06-27,654.0,654.0,645.25,654.0,1322
2014-06-30,642.0,654.0,642.0,642.0,1151
2014-07-01,643.5,643.5,642.0,643.5,1540
2014-07-02,649.0,649.0,643.5,649.0,1916
2014-07-03,652.75,652.75,649.0,652.75,1132
2014-07-07,630.0,652.75,630.0,630.0,2322
2014-07-08,632.0,632.0,630.75,630.75,1670
2014-07-09,624.25,630.75,624.25,624.25,2154
2014-07-10,616.5,624.25,616.5,616.5,2808
2014-07-11,596.5,616.5,596.5,596.5,2728
2014-07-14,598.0,608.5,598.0,608.5,817
2014-07-15,608.5,608.5,608.5,608.5,858
2014-07-16,609.25,609.25,608.5,609.25,1237
2014-07-17,618.75,620.25,618.75,620.25,1899
2014-07-18,605.0,620.25,605.0,605.0,1307
2014-07-21,605.75,605.75,605.0,605.75,1819
2014-07-22,601.5,605.75,601.5,601.5,2055
2014-07-23,607.0,607.0,601.5,607.0,1815
2014-07-24,600.5,607.0,600.5,600.5,2412
2014-07-25,608.25,608.25,600.5,608.25,2601
2014-07-28,606.0,608.25,606.0,606.0,963
2014-07-29,594.0,606.0,594.0,594.0,2390
2014-07-30,598.0,598.0,597.5,597.5,2781
2014-07-31,595.75,597.5,595.75,595.75,2361
2014-08-01,595.75,595.75,595.75,595.75,3254
2014-08-04,604.0,604.0,595.75,604.0,3339
2014-08-05,611.75,611.75,604.0,611.75,2519
2014-08-06,624.5,624.5,624.0,624.0,3761
2014-08-07,618.5,624.0,618.5,618.5,2987
2014-08-08,604.0,618.5,604.0,604.0,3666
2014-08-11,600.0,604.0,600.0,600.0,1754
2014-08-12,592.25,600.0,592.25,592.25,2792
2014-08-13,588.5,592.25,588.5,588.5,2683
2014-08-14,595.25,595.25,588.5,595.25,1400
2014-08-15,603.25,603.25,595.25,603.25,2297
2014-08-18,593.25,603.25,593.25,593.25,1983
2014-08-19,596.0,596.0,593.25,596.0,1617
2014-08-20,587.25,596.0,587.25,587.25,1566
2014-08-21,589.25,589.25,587.25,589.25,1831
2014-08-22,596.0,596.0,589.25,596.0,2510
2014-08-25,592.25,596.0,592.25,592.25,1427
2014-08-26,594.75,594.75,592.25,594.75,3681
2014-08-27,599.25,599.25,594.75,599.25,2112
2014-08-28,605.25,605.25,599.25,605.25,2665
2014-08-29,599.25,605.25,599.25,599.25,2410
2014-09-02,591.0,599.25,591.0,591.0,1664
2014-09-03,578.0,591.0,578.0,578.0,3038
2014-09-04,571.5,571.5,571.5,571.5,3289
2014-09-05,573.5,573.5,571.5,573.5,2096
2014-09-08,572.0,573.5,572.0,572.0,1568
2014-09-09,564.5,572.0,564.5,564.5,1790
2014-09-10,557.75,564.5,557.75,557.75,3081
2014-09-11,546.5,557.75,546.5,546.5,3416
2014-09-12,539.0,546.5,539.0,539.0,3573
2014-09-15,538.25,539.0,538.25,538.25,1496
2014-09-16,533.0,538.25,533.0,533.0,2879
2014-09-17,536.25,536.25,533.0,536.25,2827
2014-09-18,526.5,526.5,526.0,526.0,1821
2014-09-19,512.0,526.0,512.0,512.0,3571
2014-09-22,508.5,512.0,508.5,508.5,6832
2014-09-23,504.75,508.5,504.75,504.75,4389
2014-09-24,508.0,508.0,504.75,508.0,8619
2014-09-25,502.25,503.5,501.75,503.5,5439
2014-09-26,503.75,503.75,503.5,503.75,2482
2014-09-29,508.5,508.5,503.75,508.5,3158
2014-09-30,504.5,508.5,504.5,504.5,3408
2014-10-01,509.0,509.0,504.5,509.0,2760
2014-10-02,513.25,513.25,509.0,513.25,5375
2014-10-03,513.75,513.75,513.25,513.75,2477
2014-10-06,520.75,520.75,513.75,520.75,4021
2014-10-07,533.5,533.5,520.75,533.5,4002
2014-10-08,534.0,534.0,533.5,534.0,3827
2014-10-09,519.5,534.0,519.5,519.5,3996
2014-10-10,522.75,522.75,519.5,522.75,8769
2014-10-13,529.75,529.75,522.75,529.75,3371
2014-10-14,535.75,535.75,529.75,535.75,3866
2014-10-15,532.25,535.75,532.25,532.25,3629
2014-10-16,542.75,542.75,532.25,542.75,2571
2014-10-17,543.25,543.25,541.5,541.5,3463
2014-10-20,539.0,541.5,539.0,539.0,3073
2014-10-21,547.25,547.25,539.0,547.25,4959
2014-10-22,549.75,549.75,547.25,549.75,2985
2014-10-23,555.25,555.25,549.75,555.25,4999
2014-10-24,546.25,555.25,546.25,546.25,7268
2014-10-27,551.75,551.75,546.25,551.75,7329
2014-10-28,560.0,560.5,551.75,560.5,6000
2014-10-29,565.0,565.75,565.0,565.75,6808
2014-10-30,564.75,565.75,564.75,564.75,6393
2014-10-31,557.5,560.25,556.0,560.25,6146
2014-11-03,563.25,563.25,560.25,563.25,6315
2014-11-04,554.75,563.25,554.75,554.75,6205
2014-11-05,550.0,554.75,550.0,550.0,5423
2014-11-06,546.0,550.0,546.0,546.0,6552
2014-11-07,540.25,546.0,540.25,540.25,6931
2014-11-10,541.5,541.5,540.25,541.5,12033
2014-11-11,544.75,544.75,541.5,544.75,8759
2014-11-12,560.0,561.5,560.0,561.5,18696
2014-11-13,567.5,568.5,561.5,568.5,9196
2014-11-14,575.5,575.5,568.5,575.5,8692
2014-11-17,567.5,575.5,567.5,567.5,3941
2014-11-18,564.0,567.5,564.0,564.0,5953
2014-11-19,553.5,564.0,553.5,553.5,4101
2014-11-20,564.5,564.5,553.5,564.5,9728
2014-11-21,566.0,566.0,564.5,566.0,6539
2014-11-24,563.0,563.0,562.75,562.75,6242
2014-11-25,570.0,570.0,562.75,570.0,6374
2014-11-26,574.5,574.5,570.0,574.5,6098
2014-11-28,589.0,589.0,574.5,589.0,8074
2014-12-01,600.0,616.5,600.0,616.5,12259
2014-12-02,612.75,616.5,612.75,612.75,12862
2014-12-03,599.0,612.75,599.0,599.0,9933
2014-12-04,598.75,599.0,598.75,598.75,9983
2014-12-05,603.5,603.5,602.25,602.25,5981
2014-12-08,603.5,603.5,602.25,603.5,9337
2014-12-09,592.25,603.5,592.25,592.25,10994
2014-12-10,588.25,592.25,588.25,588.25,10527
2014-12-11,601.5,601.5,588.25,601.5,9889
2014-12-12,607.0,607.75,601.5,607.75,16901
2014-12-15,620.25,620.25,607.75,620.25,8724
2014-12-16,626.0,628.0,626.0,626.0,16162
2014-12-17,645.0,646.75,626.0,646.75,17741
2014-12-18,652.5,654.0,646.75,654.0,25774
2014-12-19,634.25,654.0,634.25,634.25,14348
2014-12-22,630.0,634.25,629.0,630.75,11379
2014-12-23,638.0,639.0,630.75,639.0,4697
2014-12-24,616.5,639.0,616.5,616.5,4459
2014-12-26,616.5,616.5,616.5,616.5,2623
2014-12-29,622.0,622.5,620.25,620.25,3856
2014-12-30,610.5,610.5,608.0,608.0,6073
2014-12-31,603.0,603.0,597.5,597.5,6355
2015-01-02,589.5,589.5,589.0,589.0,5730
2015-01-05,596.0,596.0,589.0,596.0,5057
2015-01-06,598.25,598.75,596.0,598.75,8732
2015-01-07,587.75,598.75,587.75,587.75,7033
2015-01-08,576.75,587.75,576.75,576.75,10937
2015-01-09,576.0,576.0,572.5,572.5,11177
2015-01-12,564.75,572.5,564.75,564.75,15286
2015-01-13,573.5,573.5,557.5,557.5,15495
2015-01-14,545.25,546.0,545.25,545.25,19705
2015-01-15,540.0,545.25,540.0,540.0,13692
2015-01-16,538.25,540.0,538.25,538.25,10144
2015-01-20,544.25,544.25,538.25,544.25,12245
2015-01-21,547.5,547.5,542.75,543.5,11535
2015-01-22,540.75,543.5,540.75,540.75,9561
2015-01-23,541.75,541.75,536.5,536.5,11652
2015-01-26,529.25,529.25,529.25,529.25,11510
2015-01-27,528.75,529.25,528.75,528.75,12436
2015-01-28,516.0,528.75,516.0,516.0,24940
2015-01-29,517.0,517.0,516.0,517.0,15848
2015-01-30,510.5,511.5,508.5,511.5,14517
2015-02-02,501.75,511.5,501.75,501.75,14536
2015-02-03,522.5,522.5,501.75,522.25,13079
2015-02-04,518.25,522.25,518.25,518.25,16931
2015-02-05,525.0,528.5,524.5,528.5,25725
2015-02-06,527.5,531.25,527.5,531.25,16738
2015-02-09,533.5,533.5,531.25,533.5,12102
2015-02-10,526.25,533.5,526.25,526.25,17900
2015-02-11,526.0,527.0,526.0,527.0,20026
2015-02-12,528.5,528.5,522.5,522.5,18226
2015-02-13,532.25,532.25,522.5,532.25,17512
2015-02-17,535.0,535.0,535.0,535.0,17080
2015-02-18,526.0,535.0,526.0,526.0,20666
2015-02-19,521.75,526.0,521.75,521.75,20117
2015-02-20,511.5,521.75,511.5,511.5,27591
2015-02-23,512.5,512.5,508.25,508.75,21372
2015-02-24,508.25,508.75,508.25,508.25,16270
2015-02-25,501.75,508.25,501.75,501.75,15161
2015-02-26,504.75,504.75,501.75,504.75,18052
2015-02-27,516.75,516.75,504.75,516.75,19541
2015-03-02,518.75,519.5,504.0,504.0,17521
2015-03-03,503.0,509.75,500.0,509.75,19995
2015-03-04,503.0,503.0,503.0,503.0,70494
2015-03-05,487.5,503.0,487.5,487.75,48818
2015-03-06,486.0,487.75,486.0,486.5,40118
2015-03-09,494.25,494.25,486.5,494.25,29812
2015-03-10,497.0,497.0,494.25,497.0,20307
2015-03-11,502.75,502.75,501.75,501.75,26982
2015-03-12,509.5,509.5,501.75,509.5,30828
2015-03-13,503.25,509.5,503.25,503.25,24198
2015-03-16,516.5,516.5,503.25,516.5,22089
2015-03-17,506.75,516.5,506.75,506.75,21684
2015-03-18,510.75,514.25,510.75,514.25,14253
2015-03-19,515.5,515.75,515.25,515.75,23432
2015-03-20,533.75,533.75,515.75,533.75,22877
2015-03-23,541.0,541.0,538.0,538.0,16662
2015-03-24,528.25,538.0,528.25,528.25,23192
2015-03-25,523.75,528.25,523.75,523.75,18815
2015-03-26,505.5,505.5,504.75,504.75,36058
2015-03-27,512.0,512.0,504.75,512.0,28269
2015-03-30,533.25,533.25,512.0,533.25,38126
2015-03-31,518.5,518.5,513.5,514.0,54153
2015-04-01,530.0,530.0,529.5,529.5,39287
2015-04-02,536.5,536.5,535.75,535.75,48896
2015-04-06,527.75,535.75,527.75,527.75,25650
2015-04-07,525.0,527.75,525.0,525.0,49435
2015-04-08,523.75,525.0,523.75,523.75,70212
2015-04-09,517.5,523.75,517.5,517.5,63314
2015-04-10,522.25,524.0,522.25,524.0,81072
2015-04-13,503.5,503.5,500.0,500.25,85862
2015-04-14,496.5,500.25,496.5,496.5,92120
2015-04-15,489.0,496.5,489.0,489.0,79178
2015-04-16,490.75,491.0,490.5,490.75,81458
2015-04-17,488.75,490.75,488.0,489.25,63216
2015-04-20,498.25,498.25,489.25,498.25,76522
2015-04-21,501.0,503.5,499.0,500.25,77070
2015-04-22,499.0,500.25,499.0,499.0,49585
2015-04-23,502.5,504.5,501.25,501.25,58372
2015-04-24,491.75,491.75,488.5,488.5,67960
2015-04-27,486.75,486.75,473.0,473.25,79261
2015-04-28,468.5,476.5,468.5,476.25,91270
2015-04-29,484.0,484.0,483.5,483.5,64792
2015-04-30,473.5,474.0,473.25,474.0,75114
2015-05-01,474.0,474.0,473.5,474.0,49721
2015-05-04,473.0,474.0,472.75,472.75,39696
2015-05-05,466.5,472.75,466.5,466.5,52989
2015-05-06,479.25,479.25,466.5,479.25,74679
2015-05-07,473.0,473.0,472.75,472.75,59418
2015-05-08,476.0,482.0,476.0,481.5,37251
2015-05-11,481.5,481.5,481.0,481.0,50515
2015-05-12,480.5,481.0,480.5,480.5,104183
2015-05-13,486.0,486.0,481.5,481.5,68205
2015-05-14,501.5,515.0,501.5,514.25,147584
2015-05-15,510.5,514.25,509.75,511.0,96766
2015-05-18,526.5,528.5,521.75,521.75,89702
2015-05-19,513.0,513.0,507.25,510.25,84320
2015-05-20,506.0,513.5,506.0,513.0,82319
2015-05-21,517.5,522.0,517.5,522.0,91976
2015-05-22,514.5,516.0,514.5,515.25,76964
2015-05-26,506.75,506.75,492.75,493.5,102712
2015-05-27,487.5,493.5,487.5,487.75,103568
2015-05-28,488.75,488.75,486.5,488.75,80155
2015-05-29,476.0,478.0,476.0,477.0,81444
2015-06-01,495.0,495.0,493.25,493.75,90078
2015-06-02,497.75,512.5,497.75,512.5,96582
2015-06-03,518.25,518.25,509.0,510.75,116592
2015-06-04,513.0,523.75,513.0,523.75,100423
2015-06-05,518.0,523.75,517.0,517.0,145062
2015-06-08,528.0,528.0,517.0,528.0,103337
2015-06-09,532.5,532.5,528.0,532.25,113552
2015-06-10,536.5,536.5,512.5,513.5,154342
2015-06-11,503.0,504.25,502.5,504.25,96999
2015-06-12,503.0,503.75,503.0,503.75,60187
2015-06-15,489.5,489.5,488.5,489.25,85937
2015-06-16,489.75,489.75,488.5,488.75,67525
2015-06-17,493.75,493.75,491.25,491.25,70462
2015-06-18,488.0,488.0,488.0,488.0,59159
2015-06-19,488.5,488.5,488.0,488.5,58134
2015-06-22,501.25,501.25,500.0,501.25,46204
2015-06-23,517.0,521.5,517.0,521.5,61302
2015-06-24,519.5,519.5,518.0,518.0,47285
2015-06-25,532.0,532.0,518.0,532.0,39891
2015-06-26,560.0,562.25,532.0,562.25,79507
2015-06-29,580.0,586.5,562.25,580.5,34257
2015-06-30,614.75,614.75,580.5,614.75,6344
2015-07-01,589.0,589.0,587.5,587.5,1985
2015-07-02,585.75,587.5,585.75,585.75,1707
2015-07-06,588.5,588.5,585.75,588.5,1141
2015-07-07,579.5,579.5,579.5,579.5,839
2015-07-08,572.25,572.25,572.25,572.25,438
2015-07-09,572.25,572.25,572.25,572.25,195
2015-07-10,581.5,581.5,581.5,581.5,415
2015-07-13,586.75,586.75,586.75,586.75,441
2015-07-14,583.5,583.5,583.5,583.5,78
