Date,open,high,low,close,volume
2004-12-30,439.4,439.4,439.4,439.4,0
2005-01-03,430.8,430.8,430.8,430.8,0
2005-01-04,430.2,430.2,430.2,430.2,0
2005-01-05,428.4,428.4,428.4,428.4,0
2005-01-06,422.7,422.7,422.7,422.7,0
2005-01-07,420.0,420.6,420.0,420.6,0
2005-01-10,420.8,420.8,420.8,420.8,0
2005-01-11,423.5,423.5,423.5,423.5,0
2005-01-12,427.7,427.7,427.7,427.7,0
2005-01-13,425.3,426.2,425.3,426.2,2
2005-01-14,424.1,424.1,424.1,424.1,0
2005-01-18,424.6,424.6,424.6,424.6,0
2005-01-19,424.3,424.3,424.3,424.3,0
2005-01-20,423.6,423.6,423.6,423.6,0
2005-01-21,427.9,427.9,427.9,427.9,0
2005-01-24,428.2,428.2,428.2,428.2,0
2005-01-25,423.2,423.2,423.2,423.2,0
2005-01-26,428.0,428.0,428.0,428.0,0
2005-01-27,426.4,427.3,424.8,427.3,10
2005-01-28,429.0,429.0,425.7,426.9,3
2005-01-31,422.8,422.9,422.3,422.9,4
2005-02-01,421.8,421.8,421.8,421.8,0
2005-02-02,422.0,422.0,422.0,422.0,0
2005-02-03,421.0,421.0,417.5,417.5,2
2005-02-04,414.9,414.9,414.9,414.9,0
2005-02-07,415.6,416.4,413.0,414.4,7
2005-02-08,413.0,413.3,413.0,413.3,1
2005-02-09,414.2,414.5,411.9,413.6,24
2005-02-10,414.9,417.8,414.5,417.8,74
2005-02-11,421.0,421.1,421.0,421.1,1
2005-02-14,423.5,426.4,423.5,426.4,6
2005-02-15,426.4,426.4,426.4,426.4,2
2005-02-16,426.0,426.0,426.0,426.0,0
2005-02-17,427.7,427.7,427.7,427.7,6
2005-02-18,427.5,427.5,427.5,427.5,0
2005-02-22,434.9,434.9,434.9,434.9,0
2005-02-23,435.1,435.1,435.1,435.1,0
2005-02-24,434.5,434.5,434.5,434.5,0
2005-02-25,436.0,436.0,434.9,434.9,1
2005-02-28,435.5,436.5,435.5,436.5,16
2005-03-01,433.0,433.0,432.9,432.9,1
2005-03-02,433.4,433.4,432.8,432.8,1
2005-03-03,429.9,429.9,429.9,429.9,0
2005-03-04,434.2,434.2,434.2,434.2,0
2005-03-07,435.0,435.0,435.0,435.0,0
2005-03-08,440.3,440.3,440.3,440.3,0
2005-03-09,442.1,442.1,442.1,442.1,0
2005-03-10,442.8,442.8,442.8,442.8,1
2005-03-11,446.2,446.2,446.2,446.2,0
2005-03-14,441.1,441.1,441.1,441.1,0
2005-03-15,440.9,440.9,440.9,440.9,0
2005-08-31,436.6,436.6,436.6,436.6,0
2005-09-01,445.0,445.0,445.0,445.0,0
2005-09-02,447.0,447.0,447.0,447.0,0
2005-09-06,447.1,447.1,447.1,447.1,0
2005-09-07,447.5,447.5,447.5,447.5,0
2005-09-08,449.2,449.2,449.2,449.2,0
2005-09-09,451.5,451.5,451.5,451.5,0
2005-09-12,452.2,452.2,452.2,452.2,0
2005-09-13,448.5,448.5,448.5,448.5,0
2005-09-14,452.2,452.2,452.2,452.2,0
2005-09-15,457.8,457.8,457.8,457.8,0
2005-09-16,461.8,461.8,461.8,461.8,0
2005-09-19,468.9,468.9,468.9,468.9,0
2005-09-20,468.4,468.4,468.4,468.4,0
2005-09-21,471.0,471.0,471.0,471.0,0
2005-09-22,468.6,468.6,468.6,468.6,0
2005-09-23,465.5,465.5,465.5,465.5,0
2005-09-26,467.8,467.8,467.8,467.8,0
2005-09-27,464.5,464.5,464.5,464.5,0
2005-09-28,471.4,471.4,471.4,471.4,0
2005-09-29,474.0,474.0,474.0,474.0,0
2005-09-30,470.6,470.6,470.6,470.6,0
2005-10-03,467.7,467.7,467.7,467.7,0
2005-10-04,467.7,467.7,467.7,467.7,0
2005-10-05,467.7,467.7,467.7,467.7,0
2005-10-06,473.3,473.3,473.3,473.3,0
2005-10-07,476.0,476.0,476.0,476.0,0
2005-10-10,476.4,476.4,476.4,476.4,0
2005-10-11,478.3,478.3,478.3,478.3,0
2005-10-12,475.1,475.1,475.1,475.1,0
2005-10-13,472.3,472.3,472.3,472.3,0
2005-10-14,470.3,470.3,470.3,470.3,0
2005-10-17,475.0,475.0,475.0,475.0,0
2005-10-18,473.0,473.0,473.0,473.0,0
2005-10-19,468.5,470.0,464.2,464.2,16
2005-10-20,461.6,461.6,461.6,461.6,0
2005-10-21,467.4,467.4,467.4,467.4,0
2005-10-24,465.3,465.3,465.3,465.3,0
2005-10-25,473.0,473.0,473.0,473.0,0
2005-10-26,471.2,471.2,471.2,471.2,0
2005-10-27,475.0,475.0,473.8,473.8,2
2005-10-28,473.5,473.5,471.6,473.0,4
2005-10-31,471.1,471.1,465.1,465.1,1
2005-11-01,463.0,463.0,458.8,458.8,5
2005-11-02,462.8,462.8,462.8,462.8,2
2005-11-03,460.1,460.1,460.1,460.1,0
2005-11-04,455.3,456.3,455.3,456.3,2
2005-11-07,459.0,459.0,459.0,459.0,0
2005-11-08,458.5,460.9,458.5,460.9,10
2005-11-09,466.3,466.3,466.3,466.3,100
2005-11-10,466.6,466.6,466.6,466.6,0
2005-11-11,468.3,468.3,468.3,468.3,0
2005-11-14,468.2,468.2,468.2,468.2,0
2005-11-15,468.1,468.1,468.1,468.1,50
2005-02-28,438.8,438.8,438.8,438.8,0
2005-03-01,435.7,435.7,435.1,435.1,0
2005-03-02,435.0,435.0,435.0,435.0,0
2005-03-03,432.0,432.0,432.0,432.0,0
2005-03-04,436.3,436.3,436.3,436.3,0
2005-03-07,437.1,437.1,437.1,437.1,0
2005-03-08,442.4,442.4,442.4,442.4,0
2005-03-09,444.2,444.2,444.2,444.2,0
2005-03-10,444.7,444.7,444.7,444.7,0
2005-03-11,448.1,448.1,448.1,448.1,0
2005-03-14,442.9,442.9,442.9,442.9,0
2005-03-15,442.7,442.7,442.7,442.7,0
2005-03-16,445.5,445.5,445.5,445.5,5
2005-03-17,440.4,440.4,440.4,440.4,0
2005-03-18,441.0,441.0,441.0,441.0,0
2005-03-21,432.7,432.7,432.7,432.7,0
2005-03-22,432.9,432.9,432.9,432.9,0
2005-03-23,426.6,426.6,426.6,426.6,0
2005-03-24,426.1,426.1,426.1,426.1,0
2005-03-28,427.3,427.3,427.3,427.3,0
2005-03-29,427.3,427.3,427.3,427.3,0
2005-03-30,428.2,428.2,428.2,428.2,0
2005-03-31,429.9,429.9,429.9,429.9,0
2005-04-01,427.1,427.1,427.1,427.1,0
2005-04-04,424.9,424.9,424.9,424.9,0
2005-04-05,425.5,425.5,425.5,425.5,0
2005-04-06,428.1,428.1,428.1,428.1,0
2005-04-07,427.4,427.4,427.4,427.4,0
2005-04-08,427.8,427.8,427.8,427.8,0
2005-04-11,429.4,429.4,429.4,429.4,0
2005-04-12,428.3,428.3,428.3,428.3,0
2005-04-13,430.0,430.0,430.0,430.0,0
2005-04-14,424.7,424.7,424.7,424.7,0
2005-04-15,426.5,426.5,425.6,425.6,170
2005-04-18,428.1,428.1,428.1,428.1,0
2005-04-19,433.5,433.5,433.5,433.5,0
2005-04-20,435.8,435.8,435.8,435.8,0
2005-04-21,433.5,433.5,433.5,433.5,0
2005-04-22,434.8,434.8,434.8,434.8,0
2005-04-25,435.0,435.0,435.0,435.0,0
2005-04-26,438.0,438.0,438.0,438.0,0
2005-04-27,433.0,433.0,433.0,433.0,0
2005-04-28,431.3,431.3,431.3,431.3,0
2005-04-29,435.0,435.0,435.0,435.0,0
2005-05-02,429.5,429.5,429.5,429.5,0
2005-05-03,426.7,426.7,426.7,426.7,0
2005-05-04,429.0,429.0,429.0,429.0,17
2005-05-05,429.8,429.8,429.8,429.8,0
2005-05-06,426.1,426.1,426.1,426.1,0
2005-05-09,426.2,426.2,426.2,426.2,0
2005-05-10,427.2,427.2,427.2,427.2,0
2005-05-11,427.2,427.2,427.2,427.2,0
2005-05-12,421.6,421.6,421.6,421.6,0
2005-05-13,420.2,420.2,420.2,420.2,0
2003-05-30,371.3,371.3,371.3,371.3,0
2003-06-02,372.9,372.9,372.9,372.9,0
2003-06-03,371.9,371.9,371.9,371.9,0
2003-06-04,368.9,368.9,368.9,368.9,0
2003-06-05,374.6,374.6,374.6,374.6,0
2003-06-06,369.9,369.9,369.9,369.9,0
2003-06-09,367.8,367.8,367.8,367.8,0
2003-06-10,357.7,357.7,357.7,357.7,0
2003-06-11,361.1,361.1,361.1,361.1,0
2003-06-12,358.5,358.5,358.5,358.5,0
2003-06-13,361.8,361.8,361.8,361.8,0
2003-06-16,364.5,364.5,364.5,364.5,0
2003-06-17,368.9,368.9,368.9,368.9,0
2003-06-18,363.1,363.1,363.1,363.1,0
2003-06-19,366.7,366.7,366.7,366.7,0
2003-06-20,361.6,361.6,361.6,361.6,0
2003-06-23,358.2,358.2,358.2,358.2,0
2003-06-24,351.5,351.5,351.5,351.5,0
2003-06-25,354.2,354.2,354.2,354.2,0
2003-06-26,349.8,349.8,349.8,349.8,0
2003-06-27,351.3,351.3,351.3,351.3,0
2003-06-30,352.0,352.0,352.0,352.0,0
2003-07-01,357.6,357.6,357.6,357.6,0
2003-07-02,357.7,357.7,357.7,357.7,0
2003-07-03,357.3,357.3,357.3,357.3,0
2003-07-07,354.6,354.6,354.6,354.6,0
2003-07-08,350.7,350.7,350.7,350.7,0
2003-07-09,350.2,350.2,350.2,350.2,0
2003-07-10,351.0,351.0,351.0,351.0,0
2003-07-11,351.6,351.6,351.6,351.6,0
2003-07-14,354.3,354.3,354.3,354.3,0
2003-07-15,349.3,349.3,349.3,349.3,400
2003-07-16,350.6,350.6,350.6,350.6,0
2003-07-17,351.6,351.6,351.6,351.6,0
2003-07-18,354.6,354.6,354.6,354.6,0
2003-07-21,358.7,358.7,358.7,358.7,0
2003-07-22,358.8,358.8,358.8,358.8,0
2003-07-23,366.5,366.5,366.5,366.5,0
2003-07-24,370.2,370.2,370.2,370.2,0
2003-07-25,370.7,370.7,370.7,370.7,0
2003-07-28,373.1,373.1,373.1,373.1,0
2003-07-29,370.4,370.4,370.4,370.4,0
2003-07-30,364.7,364.7,364.7,364.7,0
2003-07-31,363.1,363.1,363.1,363.1,0
2003-08-01,355.8,355.8,355.8,355.8,0
2003-08-04,358.6,358.6,358.6,358.6,0
2003-08-05,359.0,359.0,359.0,359.0,0
2003-08-06,360.2,360.2,360.2,360.2,0
2003-08-07,361.8,361.8,361.8,361.8,0
2003-08-08,365.1,365.1,365.1,365.1,0
2003-08-11,371.0,371.0,371.0,371.0,0
2003-08-12,367.7,367.7,367.7,367.7,0
2003-08-13,371.8,371.8,371.8,371.8,0
2003-08-14,375.9,375.9,375.9,375.9,0
2003-08-15,373.0,373.0,373.0,373.0,0
2003-08-18,368.1,368.1,368.1,368.1,0
2003-08-19,370.9,370.9,370.9,370.9,0
2003-08-20,374.7,374.7,374.7,374.7,0
2003-08-21,369.4,369.4,369.4,369.4,0
2003-08-22,371.8,371.8,371.8,371.8,0
2003-08-25,370.1,370.1,370.1,370.1,0
2003-08-26,374.5,374.5,374.5,374.5,0
2003-08-27,381.8,381.8,381.8,381.8,0
2003-08-28,379.3,379.3,379.3,379.3,0
2003-08-29,384.5,384.5,384.5,384.5,0
2003-09-02,382.6,382.6,382.6,382.6,0
2003-09-03,383.3,383.3,383.3,383.3,0
2003-09-04,382.2,382.2,382.2,382.2,0
2003-09-05,386.1,386.1,386.1,386.1,0
2003-09-08,383.5,383.5,383.5,383.5,0
2003-09-09,390.2,390.2,390.2,390.2,0
2003-09-10,388.2,388.2,388.2,388.2,0
2003-09-11,387.9,387.9,387.9,387.9,0
2003-09-12,382.9,382.9,382.9,382.9,0
2003-09-15,381.9,381.9,381.9,381.9,0
2003-09-16,380.9,380.9,380.9,380.9,0
2003-09-17,383.4,383.4,383.4,383.4,0
2003-09-18,384.0,384.0,384.0,384.0,0
2003-09-19,389.3,389.3,389.3,389.3,0
2003-09-22,394.8,394.8,394.8,394.8,0
2003-09-23,393.5,393.5,393.5,393.5,0
2003-09-24,394.1,394.1,394.1,394.1,0
2003-09-25,391.6,391.6,391.6,391.6,0
2003-09-26,387.3,387.3,387.3,387.3,0
2003-09-29,388.9,388.9,388.9,388.9,0
2003-09-30,391.5,391.5,391.5,391.5,0
2003-10-01,390.4,390.4,390.4,390.4,0
2003-10-02,389.5,389.5,389.5,389.5,0
2003-10-03,376.3,376.3,376.3,376.3,0
2003-10-06,379.7,379.7,379.7,379.7,20
2003-10-07,383.7,383.7,383.7,383.7,0
2003-10-08,381.9,381.9,381.9,381.9,0
2003-10-09,381.9,381.9,375.8,375.8,1
2003-10-10,380.0,380.0,380.0,380.0,0
2003-10-13,381.6,381.6,381.6,381.6,0
2003-10-14,382.2,382.2,382.2,382.2,0
2003-10-15,379.5,379.5,379.5,379.5,0
2003-10-16,379.7,379.7,379.7,379.7,0
2003-10-17,379.0,379.0,379.0,379.0,0
2003-10-20,381.4,381.4,381.4,381.4,0
2003-10-21,388.7,388.7,388.7,388.7,0
2003-10-22,393.2,393.2,393.2,393.2,0
2003-10-23,391.6,391.6,391.6,391.6,0
2003-10-24,395.6,395.6,395.6,395.6,0
2003-10-27,394.5,394.5,394.5,394.5,0
2003-10-28,389.7,389.7,389.7,389.7,0
2003-10-29,392.7,392.7,392.7,392.7,0
2003-10-30,391.1,391.1,391.1,391.1,0
2003-10-31,391.1,391.1,391.1,391.1,0
2003-11-03,383.8,383.8,383.8,383.8,0
2003-11-04,386.2,386.2,386.2,386.2,0
2003-11-05,388.9,388.9,388.9,388.9,0
2003-11-06,387.5,387.5,387.5,387.5,0
2003-11-07,390.4,390.4,390.4,390.4,300
2003-11-10,393.8,393.8,393.8,393.8,0
2003-11-11,395.7,395.7,395.7,395.7,0
2003-11-12,403.1,403.1,403.1,403.1,0
2003-11-13,402.2,402.2,402.2,402.2,0
2003-11-14,405.9,405.9,405.9,405.9,0
2003-11-17,403.5,403.5,399.3,399.3,2
2003-11-18,405.6,405.6,405.6,405.6,0
2003-11-19,402.8,402.8,402.8,402.8,0
2003-11-20,401.6,401.6,401.6,401.6,0
2003-11-21,404.0,404.0,404.0,404.0,0
2003-11-24,399.8,399.8,399.8,399.8,0
2003-11-25,399.4,399.4,399.4,399.4,0
2003-11-26,405.4,405.4,405.4,405.4,0
2003-12-01,411.5,411.5,411.5,411.5,0
2003-12-02,412.4,412.4,412.4,412.4,0
2003-12-03,412.6,412.6,412.6,412.6,0
2003-12-04,412.0,412.0,412.0,412.0,0
2003-12-05,414.5,414.5,414.5,414.5,0
2003-12-08,414.6,414.6,414.6,414.6,0
2003-12-09,416.0,416.0,416.0,416.0,0
2003-12-10,414.3,414.3,414.3,414.3,0
2003-12-11,412.7,412.7,412.7,412.7,0
2003-12-12,417.0,417.0,417.0,417.0,0
2003-12-15,416.8,416.8,416.8,416.8,0
2003-12-16,416.0,416.0,415.3,415.3,4
2003-12-17,419.6,419.6,419.6,419.6,0
2003-12-18,417.5,418.1,417.5,418.1,1
2003-12-19,416.9,416.9,416.9,416.9,0
2003-12-22,418.3,418.3,418.3,418.3,4
2003-12-23,418.7,418.7,418.7,418.7,0
2003-12-24,419.9,419.9,419.9,419.9,0
2003-12-29,422.0,422.5,422.0,422.5,1
2003-12-30,425.2,425.2,424.4,424.4,15
2003-12-31,423.5,423.5,423.3,423.3,7
2004-01-05,432.3,432.3,432.3,432.3,1
2004-01-06,437.5,437.5,430.4,430.4,16
2004-01-07,428.5,429.5,428.5,429.5,21
2004-01-08,431.0,431.5,431.0,431.5,1
2004-01-09,433.3,433.3,433.3,433.3,1
2004-01-12,432.8,432.8,432.8,432.8,0
2004-01-13,430.4,430.4,430.4,430.4,0
2004-01-14,428.3,428.3,428.3,428.3,2
2004-01-15,418.0,418.0,415.0,415.1,11
2004-01-16,415.2,415.2,413.5,413.5,16
2004-01-20,419.6,419.6,419.6,419.6,3
2004-01-21,417.9,417.9,417.9,417.9,0
2004-01-22,416.7,416.7,416.7,416.7,0
2004-01-23,414.9,414.9,414.9,414.9,0
2004-01-26,415.0,415.0,413.6,413.6,1
2004-01-27,416.9,416.9,416.9,416.9,0
2004-01-28,421.5,421.5,421.5,421.5,0
2004-01-29,405.6,405.6,405.6,405.6,0
2004-01-30,409.1,409.1,409.1,409.1,0
2004-02-02,404.0,405.5,404.0,405.5,1
2004-02-03,405.9,405.9,405.9,405.9,0
2004-02-04,407.6,407.6,407.6,407.6,75
2004-02-05,404.9,404.9,404.9,404.9,0
2004-02-06,410.2,410.2,410.2,410.2,0
2004-02-09,413.6,413.6,413.6,413.6,0
2004-02-10,417.0,417.0,413.3,413.3,1
2004-02-11,416.9,416.9,416.9,416.9,0
2004-02-12,420.0,420.4,420.0,420.4,1
2004-02-13,416.9,416.9,416.9,416.9,1
2004-02-17,422.6,422.6,422.6,422.6,1
2004-02-18,414.8,418.5,414.8,418.5,1
2004-02-19,416.1,416.1,416.1,416.1,0
2004-02-20,414.8,414.8,401.0,403.7,5
2004-02-23,405.0,405.0,405.0,405.0,0
2004-02-24,410.5,410.5,410.5,410.5,1
2004-02-25,409.0,409.0,401.7,401.7,1
2004-02-26,401.7,401.7,401.1,401.1,1
2004-02-27,402.3,402.3,402.3,402.3,0
2004-03-01,404.3,405.1,404.3,405.1,26
2004-03-02,404.0,404.0,399.3,399.3,1
2004-03-03,398.3,398.3,398.3,398.3,0
2004-03-04,398.8,398.8,398.8,398.8,0
2004-03-05,406.0,406.9,406.0,406.9,5
2004-03-08,406.0,406.2,406.0,406.2,2
2004-03-09,409.8,409.8,409.8,409.8,0
2004-03-10,405.6,405.6,405.6,405.6,0
2004-03-11,405.5,406.3,405.5,406.3,1
2004-03-12,404.0,404.0,400.9,400.9,20
2004-03-15,404.9,404.9,404.9,404.9,10
2004-03-16,407.2,408.0,407.2,408.0,1
2004-03-17,412.5,412.5,412.5,412.5,0
2004-03-18,416.7,416.7,416.7,416.7,0
2004-03-19,418.5,418.5,416.0,418.1,11
2004-03-22,424.0,424.0,423.1,423.1,1
2004-03-23,425.5,425.5,425.5,425.5,0
2004-03-24,422.9,422.9,422.9,422.9,0
2004-03-25,422.4,422.4,422.4,422.4,1
2004-03-26,427.8,427.8,427.8,427.8,4
2004-03-29,425.0,425.0,422.9,422.9,1
2004-03-30,427.6,427.6,427.6,427.6,0
2004-03-31,431.5,433.3,431.5,433.3,20
2004-04-01,435.0,435.0,434.0,434.0,5
2004-04-02,428.4,428.4,428.4,428.4,0
2004-04-05,425.0,425.0,422.2,422.2,1
2004-04-06,425.7,425.7,425.7,425.7,0
2004-04-07,429.5,429.5,429.5,429.5,0
2004-04-08,426.5,426.5,426.5,426.5,0
2004-04-12,426.7,426.7,426.7,426.7,0
2004-04-13,418.0,418.0,412.0,413.6,22
2004-04-14,407.5,407.5,406.0,406.6,3
2004-04-15,406.6,406.6,404.4,404.4,11
2004-04-16,407.7,407.7,407.7,407.7,0
2004-04-19,409.0,410.7,407.3,407.3,3
2004-04-20,404.2,404.2,404.2,404.2,391
2004-04-21,397.0,402.0,397.0,397.4,24
2004-04-22,399.6,399.6,399.6,399.6,0
2004-04-23,399.0,401.7,399.0,401.7,4
2004-04-26,402.6,402.6,402.6,402.6,44
2004-04-27,405.0,405.0,405.0,405.0,0
2004-04-28,391.0,391.7,391.0,391.7,8
2004-04-29,392.9,392.9,392.9,392.9,0
2004-04-30,395.0,395.0,392.0,393.3,3
2004-05-03,393.3,393.3,393.3,393.3,444
2004-05-04,397.7,397.7,397.7,397.7,541
2004-05-05,399.9,399.9,399.9,399.9,0
2004-05-06,399.9,399.9,394.6,394.6,9
2004-05-07,385.7,385.7,385.7,385.7,156
2004-05-10,381.0,385.2,380.7,385.2,1911
2004-05-11,385.2,385.2,383.7,383.7,1
2004-05-12,384.2,384.2,384.2,384.2,132
2004-05-13,381.2,381.2,381.2,381.2,45
2004-05-14,380.0,383.3,380.0,383.3,10
2004-05-17,385.8,385.8,385.8,385.8,113
2004-05-18,382.1,382.1,382.1,382.1,0
2004-05-19,389.4,389.4,389.4,389.4,0
2004-05-20,384.9,384.9,384.9,384.9,0
2004-05-21,391.4,391.4,391.4,391.4,30
2004-05-24,392.3,392.3,392.3,392.3,0
2004-05-25,395.1,395.1,395.1,395.1,0
2004-05-26,395.1,395.1,395.1,395.1,268
2004-05-27,401.8,401.8,401.7,401.7,60
2004-05-28,400.6,400.6,400.6,400.6,152
2004-06-01,401.1,401.4,401.1,401.4,1
2004-06-02,398.4,398.4,398.4,398.4,0
2004-06-03,397.5,397.5,394.8,394.8,1
2004-06-04,397.8,397.8,397.8,397.8,270
2004-06-07,400.6,400.6,400.6,400.6,0
2004-06-08,402.3,402.3,397.9,397.9,2
2004-06-09,391.3,391.3,391.3,391.3,0
2004-06-10,392.7,392.7,392.7,392.7,109
2004-06-14,390.7,390.7,390.7,390.7,375
2004-06-15,392.0,395.0,392.0,394.9,187
2004-06-16,391.4,391.4,391.4,391.4,23
2004-06-17,395.7,395.7,395.7,395.7,40
2004-06-18,401.8,401.8,401.8,401.8,79
2004-06-21,400.6,400.6,400.6,400.6,150
2004-06-22,401.7,401.7,401.7,401.7,26
2004-06-23,401.7,401.7,401.7,401.7,1
2004-06-24,409.5,409.5,409.5,409.5,779
2004-06-25,409.6,409.6,409.2,409.2,874
2004-06-28,408.2,408.2,407.5,407.5,106
2004-06-29,398.7,398.7,398.7,398.7,186
2004-06-30,398.1,398.9,398.1,398.9,2
2004-07-01,402.3,402.3,402.3,402.3,0
2004-07-02,404.4,404.4,404.4,404.4,0
2004-07-06,398.7,398.7,398.7,398.7,0
2004-07-07,408.7,408.7,408.7,408.7,90
2004-07-08,414.2,414.2,414.2,414.2,170
2004-07-09,413.9,413.9,413.9,413.9,74
2004-07-12,413.0,414.4,413.0,414.4,162
2004-07-13,411.0,411.0,408.3,408.3,6
2004-07-14,411.5,411.5,411.5,411.5,15
2004-07-15,410.3,410.3,410.3,410.3,50
2004-07-16,412.7,412.7,412.7,412.7,1
2004-07-19,411.7,411.7,411.7,411.7,30
2004-07-20,408.0,408.0,408.0,408.0,0
2004-07-21,403.3,403.3,403.3,403.3,1421
2004-07-22,404.5,404.5,401.3,401.3,513
2004-07-23,399.0,399.0,396.0,396.1,35
2004-07-26,398.5,398.5,396.1,396.1,2
2004-07-27,393.0,393.0,393.0,393.0,0
2004-07-28,395.0,395.0,395.0,395.0,154
2004-07-29,393.0,393.0,393.0,393.0,18
2004-07-30,396.9,396.9,396.9,396.9,423
2004-08-02,397.6,397.6,397.6,397.6,5
2004-08-03,399.8,399.8,399.8,399.8,20
2004-08-04,397.9,397.9,397.9,397.9,214
2004-08-05,396.5,398.0,396.5,398.0,47
2004-08-06,404.8,407.0,404.5,405.1,825
2004-08-09,404.6,406.0,404.6,406.0,22
2004-08-10,405.3,405.3,405.3,405.3,350
2004-08-11,400.0,400.9,400.0,400.9,83
2004-08-12,399.5,399.9,399.5,399.6,2
2004-08-13,399.6,404.1,399.6,404.1,3
2004-08-16,407.8,408.2,407.8,408.2,1
2004-08-17,409.7,409.7,409.7,409.7,139
2004-08-18,409.6,409.6,409.6,409.6,183
2004-08-19,412.3,412.3,412.3,412.3,0
2004-08-20,418.0,418.5,418.0,418.5,279
2004-08-23,415.5,415.8,415.0,415.8,43
2004-08-24,412.2,412.2,408.1,408.1,2
2004-08-25,408.5,413.1,408.5,413.1,8
2004-08-26,412.7,412.7,412.7,412.7,243
2004-08-27,408.5,408.5,408.5,408.5,15
2004-08-30,409.8,413.1,409.8,413.1,20
2004-08-31,415.5,415.5,415.5,415.5,236
2004-09-01,415.0,415.0,413.9,413.9,72
2004-09-02,411.1,411.1,411.1,411.1,0
2004-09-03,410.5,410.5,405.0,405.6,28
2004-09-07,405.8,405.8,402.5,402.5,727
2004-09-08,401.0,405.3,401.0,404.5,827
2004-09-09,403.5,403.5,403.5,403.5,82
2004-09-10,406.5,406.9,406.5,406.9,66
2004-09-13,404.5,409.1,404.5,409.1,1
2004-09-14,409.0,411.7,409.0,410.6,75
2004-09-15,411.1,411.1,409.9,409.9,81
2004-09-16,408.0,409.5,408.0,409.5,42
2004-09-17,409.7,410.6,409.7,410.6,697
2004-09-20,409.0,410.0,408.5,410.0,19
2004-09-21,412.5,414.3,412.5,413.2,499
2004-09-22,411.0,412.1,409.5,412.1,189
2004-09-23,415.0,416.3,415.0,415.7,283
2004-09-24,414.2,415.2,412.0,412.9,67
2004-09-27,413.5,414.8,413.5,413.9,370
2004-09-28,415.5,417.7,415.5,417.4,80
2004-09-29,419.2,419.5,417.9,417.9,165
2004-09-30,420.0,423.9,420.0,423.6,29
2004-10-01,422.9,424.4,422.0,424.4,259
2004-10-04,420.0,420.0,417.0,418.9,50
2004-10-05,424.5,425.4,423.1,423.1,43
2004-10-06,423.0,425.0,421.6,423.4,395
2004-10-07,422.9,422.9,422.9,422.9,22
2004-10-08,424.5,428.5,424.5,427.8,41
2004-10-11,426.7,426.7,426.7,426.7,0
2004-10-12,423.5,423.5,417.0,419.9,418
2004-10-13,416.3,417.8,413.5,417.8,228
2004-10-14,422.7,422.7,422.7,422.7,120
2004-10-15,424.7,426.0,423.3,423.3,27
2004-10-18,423.0,424.7,420.8,420.8,55
2004-10-19,421.0,424.8,421.0,424.8,27
2004-10-20,424.7,430.8,424.7,428.0,181
2004-10-21,430.5,430.5,428.0,428.8,269
2004-10-22,427.0,429.5,427.0,428.8,323
2004-10-25,434.0,436.5,429.5,433.2,733
2004-10-26,432.9,432.9,429.0,430.9,53
2004-10-27,430.9,433.1,427.5,428.9,532
2004-10-28,428.8,431.1,426.3,429.5,226
2004-10-29,429.1,432.9,429.1,432.9,404
2004-11-01,433.0,435.0,431.0,431.6,712
2004-11-02,430.3,430.5,422.2,424.2,254
2004-11-03,424.9,429.3,424.3,428.9,170
2004-11-04,430.3,437.0,430.3,434.4,447
2004-11-05,434.2,438.6,430.0,438.1,1928
2004-11-08,435.9,439.0,435.3,437.4,1177
2004-11-09,436.9,440.6,436.9,440.2,1595
2004-11-10,438.3,442.5,437.0,438.6,190
2004-11-11,438.5,439.6,436.8,439.5,267
2004-11-12,439.5,443.8,439.5,442.4,477
2004-11-15,443.2,444.5,440.5,441.3,1306
2004-11-16,442.3,445.6,440.6,444.6,228
2004-11-17,448.1,449.5,444.0,449.2,393
2004-11-18,448.3,449.8,444.5,447.1,923
2004-11-19,448.5,452.5,446.7,451.3,1810
2004-11-22,451.8,453.5,450.3,453.4,450
2004-11-23,453.4,453.5,450.6,452.3,2104
2004-11-24,452.5,454.0,451.7,453.6,2033
2004-11-29,454.4,459.0,454.0,457.9,2418
2004-11-30,457.0,458.1,452.5,455.3,2240
2004-12-01,455.7,459.8,454.8,458.0,832
2004-12-02,458.0,460.5,451.0,454.4,1659
2004-12-03,454.4,460.4,451.8,459.9,1536
2004-12-06,459.7,459.9,455.8,458.0,801
2004-12-07,458.0,459.0,455.5,455.7,1092
2004-12-08,446.2,455.7,436.5,440.7,2730
2004-12-09,439.0,444.3,436.5,439.1,2523
2004-12-10,437.7,441.4,434.5,437.2,782
2004-12-13,440.2,444.0,437.8,442.2,1347
2004-12-14,442.0,442.6,438.3,439.3,973
2004-12-15,442.7,445.0,439.2,444.2,1017
2004-12-16,445.0,446.2,439.5,440.2,450
2004-12-17,441.5,445.5,439.3,445.0,479
2004-12-20,445.3,447.2,444.7,445.7,75
2004-12-21,445.8,446.6,444.0,445.1,1325
2004-12-22,445.5,445.8,442.0,443.6,1032
2004-12-23,444.5,446.3,444.0,445.1,609
2004-12-27,445.5,449.0,445.5,448.4,387
2004-12-28,447.7,448.7,446.3,447.5,478
2004-12-29,446.8,447.5,436.5,439.1,4855
2004-12-30,438.8,442.2,437.0,440.5,822
2005-01-03,438.0,440.6,430.0,431.9,4749
2005-01-04,430.0,433.4,427.0,431.3,3028
2005-01-05,428.3,431.4,428.1,429.5,4969
2005-01-06,430.4,430.4,423.2,423.8,4982
2005-01-07,423.0,427.8,419.3,421.7,5078
2005-01-10,422.4,424.6,421.5,421.9,5318
2005-01-11,423.7,425.7,422.0,424.6,7552
2005-01-12,424.3,430.5,423.5,428.8,3827
2005-01-13,426.6,429.5,425.7,427.3,5658
2005-01-14,423.5,427.9,423.2,425.2,2615
2005-01-18,425.2,426.5,423.8,425.7,5288
2005-01-19,427.0,429.4,425.0,425.4,4446
2005-01-20,424.8,425.5,422.2,424.7,10388
2005-01-21,424.7,430.6,423.4,429.0,15325
2005-01-24,429.0,430.2,428.7,429.3,28650
2005-01-25,427.1,430.1,422.7,424.3,40361
2005-01-26,425.5,430.0,423.7,429.1,53559
2005-01-27,429.0,430.5,426.0,428.4,45976
2005-01-28,428.6,429.7,426.1,428.1,66141
2005-01-31,428.3,428.9,421.5,424.1,65836
2005-02-01,424.3,424.6,421.4,422.9,38337
2005-02-02,422.7,424.7,421.9,423.0,22300
2005-02-03,418.5,423.9,416.2,418.5,55307
2005-02-04,418.6,419.5,415.5,415.9,49619
2005-02-07,415.9,417.7,414.0,415.4,35105
2005-02-08,415.7,415.8,412.0,414.3,44256
2005-02-09,414.0,415.3,411.5,414.5,37363
2005-02-10,414.4,420.1,413.1,418.7,69244
2005-02-11,419.0,423.4,417.7,422.0,44842
2005-02-14,422.0,427.7,422.0,427.3,50150
2005-02-15,427.5,428.7,425.0,427.3,46358
2005-02-16,425.6,427.4,423.4,426.9,43796
2005-02-17,427.1,429.8,425.5,428.6,47758
2005-02-18,428.4,429.4,427.0,428.4,30011
2005-02-22,428.3,436.4,427.4,435.8,65935
2005-02-23,435.9,437.4,433.0,436.1,59730
2005-02-24,435.7,438.2,433.5,435.7,44578
2005-02-25,435.5,436.9,432.5,436.1,43080
2005-02-28,435.9,439.3,435.9,437.6,41650
2005-03-01,437.6,437.6,432.0,433.9,54258
2005-03-02,433.6,435.0,429.8,433.8,42904
2005-03-03,433.8,434.6,430.1,430.8,40753
2005-03-04,431.0,436.3,430.4,435.1,48366
2005-03-07,435.6,436.6,433.3,435.8,28992
2005-03-08,435.8,441.3,435.2,441.1,60701
2005-03-09,440.9,443.5,439.9,442.9,48978
2005-03-10,442.8,443.7,440.7,443.4,6834
2005-03-11,443.5,448.0,441.1,446.8,90577
2005-03-14,446.7,446.7,440.7,441.6,53037
2005-03-15,441.7,444.9,440.3,441.4,50170
2005-03-16,441.8,444.7,440.6,444.2,47792
2005-03-17,444.4,444.5,437.7,439.1,70799
2005-03-18,439.4,440.4,436.1,439.7,40748
2005-03-21,439.7,440.3,429.2,431.4,92663
2005-03-22,431.5,432.8,430.3,431.6,55758
2005-03-23,431.7,432.4,424.5,425.4,86846
2005-03-24,425.6,426.5,424.3,424.8,53560
2005-03-28,425.3,426.5,423.4,426.0,72810
2005-03-29,425.9,427.6,425.6,426.0,58977
2005-03-30,426.0,428.0,425.5,426.9,28669
2005-03-31,426.7,429.0,426.0,428.7,3051
2005-04-01,428.3,428.5,424.5,425.9,552
2005-04-04,426.0,426.3,422.7,423.9,486
2005-04-05,423.8,425.5,423.6,424.5,313
2005-04-06,424.9,427.7,424.1,427.1,62
2005-04-07,426.5,428.5,426.5,426.5,181
2005-04-08,425.2,427.3,424.8,426.9,49
2005-04-11,426.0,429.8,426.0,428.6,26
2005-04-12,428.1,430.2,426.5,427.6,148
2005-04-13,428.0,430.0,427.5,429.3,27
2005-04-14,429.5,429.5,423.5,424.0,116
2005-04-15,423.2,425.6,423.2,424.9,73
2005-04-29,437.4,437.4,437.4,437.4,0
2005-05-02,431.8,431.8,431.8,431.8,0
2005-05-03,429.0,429.0,429.0,429.0,0
2005-05-04,431.3,431.3,431.3,431.3,0
2005-05-05,432.0,432.0,432.0,432.0,0
2005-05-06,428.2,428.2,428.2,428.2,0
2005-05-09,428.2,428.2,428.2,428.2,0
2005-05-10,429.2,429.2,429.2,429.2,0
2005-05-11,429.2,429.2,429.2,429.2,1
2005-05-12,423.5,423.5,423.5,423.5,0
2005-05-13,422.0,422.0,422.0,422.0,0
2005-05-16,420.6,420.6,420.6,420.6,0
2005-05-17,421.1,421.1,421.1,421.1,0
2005-05-18,423.2,423.2,423.2,423.2,0
2005-05-19,422.1,422.1,422.1,422.1,0
2005-05-20,419.0,419.0,419.0,419.0,0
2005-05-23,418.2,418.2,418.2,418.2,0
2005-05-24,419.0,419.0,419.0,419.0,0
2005-05-25,420.3,420.3,420.3,420.3,1
2005-05-26,419.4,419.4,419.4,419.4,0
2005-05-27,421.1,421.1,421.1,421.1,0
2005-05-31,417.6,417.6,417.6,417.6,0
2005-06-01,416.4,416.4,416.4,416.4,6
2005-06-02,423.6,423.6,423.6,423.6,0
2005-06-03,424.6,424.6,424.6,424.6,0
2005-06-06,427.3,427.3,427.3,427.3,0
2005-06-07,425.6,425.6,425.6,425.6,0
2005-06-08,426.1,426.1,425.5,425.5,2
2005-06-09,424.6,425.0,424.6,425.0,2
2005-06-10,428.2,428.2,428.2,428.2,0
2005-06-13,430.0,430.0,430.0,430.0,0
2005-06-14,428.2,428.2,428.2,428.2,0
2005-06-15,429.8,429.8,429.8,429.8,0
2005-06-16,436.8,436.8,436.8,436.8,0
2005-06-17,438.9,438.9,438.9,438.9,0
2005-06-20,438.9,438.9,438.9,438.9,0
2005-06-21,439.4,439.4,439.4,439.4,0
2005-06-22,438.4,438.4,438.4,438.4,0
2005-06-23,441.9,441.9,441.9,441.9,0
2005-06-24,440.7,440.7,440.7,440.7,0
2005-06-27,441.8,441.8,440.4,440.4,0
2005-06-28,436.4,436.4,436.4,436.4,0
2005-06-29,437.3,437.3,437.3,437.3,0
2005-06-30,435.9,435.9,435.9,435.9,0
2005-07-01,427.8,427.8,427.8,427.8,0
2005-07-05,422.9,422.9,422.9,422.9,0
2005-07-06,423.5,423.8,423.5,423.5,16
2005-07-07,423.3,423.3,423.3,423.3,125
2005-07-08,422.9,422.9,422.9,422.9,0
2005-07-11,425.5,425.5,425.5,425.5,0
2005-07-12,426.3,426.3,426.3,426.3,0
2005-07-13,423.9,423.9,423.9,423.9,70
2005-07-14,419.6,419.6,419.6,419.6,0
2005-07-15,420.7,420.7,420.7,420.7,0
2003-07-15,350.2,350.2,350.2,350.2,300
2003-07-16,351.6,351.6,351.6,351.6,1
2003-07-17,352.6,352.6,352.6,352.6,0
2003-07-18,355.6,355.6,355.6,355.6,100
2003-07-21,359.8,359.8,359.8,359.8,1
2003-07-22,360.0,360.0,360.0,360.0,100
2003-07-23,367.6,367.6,367.6,367.6,0
2003-07-24,371.3,371.3,371.3,371.3,0
2003-07-25,371.8,371.8,371.8,371.8,200
2003-07-28,374.2,374.2,374.2,374.2,0
2003-07-29,371.7,371.7,371.7,371.7,9
2003-07-30,365.9,365.9,365.9,365.9,315
2003-07-31,365.9,365.9,364.4,364.4,3
2003-08-01,361.5,361.5,357.2,357.2,19
2003-08-04,360.0,360.0,360.0,360.0,16
2003-08-05,360.0,360.4,360.0,360.4,8
2003-08-06,361.5,361.5,361.5,361.5,0
2003-08-07,363.1,363.1,363.1,363.1,0
2003-08-08,366.3,366.3,366.3,366.3,10
2003-08-11,372.3,372.3,372.3,372.3,108
2003-08-12,369.7,369.7,369.0,369.0,2
2003-08-13,373.2,373.2,373.2,373.2,0
2003-08-14,377.4,377.4,377.4,377.4,0
2003-08-15,374.4,374.4,374.4,374.4,0
2003-08-18,369.5,369.5,369.5,369.5,200
2003-08-19,368.9,372.3,368.9,372.3,1111
2003-08-20,369.2,376.0,369.2,376.0,381
2003-08-21,373.5,373.5,370.7,370.7,1
2003-08-22,373.1,373.1,373.1,373.1,162
2003-08-25,371.5,371.5,371.5,371.5,0
2003-08-26,375.9,375.9,375.9,375.9,41
2003-08-27,383.2,383.2,383.2,383.2,80
2003-08-28,380.7,380.7,380.7,380.7,0
2003-08-29,385.9,385.9,385.9,385.9,650
2003-09-02,384.1,384.1,384.1,384.1,0
2003-09-03,384.8,384.8,384.8,384.8,77
2003-09-04,383.7,383.7,383.7,383.7,0
2003-09-05,387.5,387.5,387.5,387.5,0
2003-09-08,384.8,384.8,384.8,384.8,0
2003-09-09,391.5,391.5,391.5,391.5,1450
2003-09-10,389.4,389.4,389.4,389.4,169
2003-09-11,389.1,389.1,389.1,389.1,100
2003-09-12,384.0,384.0,384.0,384.0,0
2003-09-15,383.0,383.0,383.0,383.0,0
2003-09-16,382.0,382.0,382.0,382.0,736
2003-09-17,384.5,384.5,384.5,384.5,462
2003-09-18,385.3,385.3,385.2,385.2,260
2003-09-19,390.5,390.5,390.5,390.5,300
2003-09-22,395.8,396.0,395.8,396.0,20
2003-09-23,394.7,394.7,394.7,394.7,0
2003-09-24,395.1,395.1,395.1,395.1,1105
2003-09-25,394.5,394.5,392.6,392.6,99
2003-09-26,392.4,392.4,388.3,388.3,1
2003-09-29,389.9,389.9,389.9,389.9,0
2003-09-30,392.4,392.4,392.4,392.4,0
2003-10-01,391.3,391.3,391.3,391.3,0
2003-10-02,390.5,390.5,390.5,390.5,269
2003-10-03,377.4,377.4,377.4,377.4,28
2003-10-06,380.8,380.8,380.8,380.8,2
2003-10-07,384.7,384.7,384.7,384.7,0
2003-10-08,382.8,382.8,382.8,382.8,250
2003-10-09,376.7,376.7,376.7,376.7,108
2003-10-10,380.9,380.9,380.9,380.9,0
2003-10-13,378.9,382.5,378.9,382.5,3
2003-10-14,383.2,383.2,383.2,383.2,145
2003-10-15,380.5,380.5,380.5,380.5,5
2003-10-16,380.7,380.7,380.7,380.7,0
2003-10-17,380.0,380.0,380.0,380.0,0
2003-10-20,382.5,382.5,382.5,382.5,0
2003-10-21,390.0,390.0,389.8,389.8,151
2003-10-22,394.2,394.2,394.2,394.2,0
2003-10-23,392.6,392.6,392.6,392.6,0
2003-10-24,395.7,398.5,395.7,396.6,4
2003-10-27,395.0,395.5,395.0,395.5,554
2003-10-28,390.7,390.7,390.7,390.7,29
2003-10-29,393.6,393.6,393.6,393.6,96
2003-10-30,393.6,393.6,392.1,392.1,62
2003-10-31,392.1,392.1,392.1,392.1,1
2003-11-03,384.8,384.8,384.8,384.8,0
2003-11-04,387.2,387.2,387.2,387.2,277
2003-11-05,389.9,389.9,389.9,389.9,0
2003-11-06,388.5,388.5,388.5,388.5,50
2003-11-07,386.5,391.5,386.5,391.5,2
2003-11-10,394.5,395.0,394.5,395.0,1
2003-11-11,397.0,397.0,397.0,397.0,440
2003-11-12,404.4,404.4,404.4,404.4,49
2003-11-13,403.5,403.5,403.5,403.5,0
2003-11-14,407.1,407.1,407.1,407.1,2097
2003-11-17,400.4,400.4,400.4,400.4,35
2003-11-18,406.8,406.8,406.8,406.8,185
2003-11-19,404.0,404.0,404.0,404.0,0
2003-11-20,402.8,402.8,402.8,402.8,0
2003-11-21,405.2,405.2,405.2,405.2,265
2003-11-24,401.1,401.1,401.1,401.1,0
2003-11-25,400.7,400.7,400.7,400.7,238
2003-11-26,402.0,406.8,402.0,406.8,10
2003-12-01,410.6,413.0,410.6,413.0,1
2003-12-02,412.6,413.9,412.6,413.9,79
2003-12-03,414.1,414.1,414.1,414.1,37
2003-12-04,413.5,413.5,413.5,413.5,106
2003-12-05,415.9,415.9,415.9,415.9,0
2003-12-08,416.0,416.0,416.0,416.0,9
2003-12-09,417.4,417.4,417.4,417.4,145
2003-12-10,415.7,415.7,415.7,415.7,0
2003-12-11,414.1,414.1,414.1,414.1,0
2003-12-12,418.4,418.4,418.4,418.4,0
2003-12-15,418.2,418.2,418.2,418.2,0
2003-12-16,416.7,416.7,416.7,416.7,10
2003-12-17,420.9,420.9,420.9,420.9,256
2003-12-18,419.5,419.5,419.5,419.5,0
2003-12-19,418.3,418.3,418.3,418.3,13
2003-12-22,420.5,420.5,419.7,419.7,40
2003-12-23,419.2,420.2,419.2,420.2,436
2003-12-24,421.4,421.4,421.4,421.4,0
2003-12-29,424.0,424.0,424.0,424.0,12
2003-12-30,425.9,425.9,425.9,425.9,215
2003-12-31,424.8,424.8,424.8,424.8,0
2004-01-05,433.8,433.8,433.8,433.8,0
2004-01-06,435.0,435.0,431.8,431.8,2
2004-01-07,430.8,430.8,430.8,430.8,349
2004-01-08,432.8,432.8,432.8,432.8,0
2004-01-09,433.0,434.4,433.0,434.4,7
2004-01-12,433.9,433.9,433.9,433.9,300
2004-01-13,433.7,433.7,431.5,431.5,200
2004-01-14,427.5,429.4,427.5,429.4,5
2004-01-15,420.5,420.5,416.2,416.2,100
2004-01-16,414.6,414.6,414.6,414.6,65
2004-01-20,420.7,420.7,420.7,420.7,1
2004-01-21,419.0,419.0,419.0,419.0,1507
2004-01-22,417.8,417.8,417.8,417.8,0
2004-01-23,416.1,416.1,416.1,416.1,0
2004-01-26,414.8,414.8,414.8,414.8,50
2004-01-27,415.5,419.0,415.5,418.1,8
2004-01-28,422.7,422.7,422.7,422.7,0
2004-01-29,408.0,408.0,405.5,406.9,27
2004-01-30,404.1,411.0,404.1,410.3,68
2004-02-02,405.5,406.7,405.5,406.7,15
2004-02-03,407.0,407.0,407.0,407.0,20
2004-02-04,408.8,408.8,408.8,408.8,0
2004-02-05,406.1,406.1,406.1,406.1,0
2004-02-06,411.4,411.4,411.4,411.4,0
2004-02-09,414.8,414.8,414.8,414.8,200
2004-02-10,414.6,414.6,414.6,414.6,336
2004-02-11,418.2,418.2,418.2,418.2,228
2004-02-12,421.7,421.7,421.7,421.7,1
2004-02-13,418.1,418.1,418.1,418.1,1
2004-02-17,423.8,423.8,423.8,423.8,1
2004-02-18,419.6,419.6,419.6,419.6,1
2004-02-19,417.7,417.7,417.2,417.2,1
2004-02-20,410.0,410.0,404.7,404.7,7
2004-02-23,407.0,408.0,406.0,406.1,32
2004-02-24,411.6,411.6,411.6,411.6,0
2004-02-25,402.8,402.8,402.8,402.8,10
2004-02-26,401.7,402.2,400.0,402.2,4
2004-02-27,400.2,403.4,400.2,403.4,301
2004-03-01,408.5,408.5,406.2,406.2,65
2004-03-02,403.5,403.5,400.4,400.4,267
2004-03-03,399.4,399.4,399.4,399.4,904
2004-03-04,399.9,399.9,399.9,399.9,3
2004-03-05,407.9,407.9,407.9,407.9,193
2004-03-08,407.2,407.2,407.2,407.2,50
2004-03-09,410.7,410.7,410.7,410.7,60
2004-03-10,408.5,408.5,406.5,406.5,7
2004-03-11,405.0,407.2,405.0,407.2,221
2004-03-12,401.8,401.8,401.8,401.8,333
2004-03-15,407.5,407.5,405.8,405.8,1
2004-03-16,409.0,409.0,409.0,409.0,111
2004-03-17,409.6,413.5,409.6,413.5,150
2004-03-18,414.8,418.5,414.8,417.7,7
2004-03-19,419.1,419.1,419.1,419.1,0
2004-03-22,425.0,426.0,422.7,424.2,12
2004-03-23,426.6,426.6,426.6,426.6,329
2004-03-24,425.0,425.0,423.0,424.0,238
2004-03-25,424.6,425.4,423.5,423.5,88
2004-03-26,428.5,429.0,428.5,428.9,10
2004-03-29,429.0,429.0,424.0,424.0,472
2004-03-30,428.0,428.7,428.0,428.7,7
2004-03-31,431.0,435.0,431.0,434.5,11
2004-04-01,436.6,436.6,433.5,435.2,47
2004-04-02,433.0,433.0,426.0,429.7,84
2004-04-05,426.4,426.4,423.5,423.5,35
2004-04-06,427.5,427.5,427.0,427.0,8
2004-04-07,430.8,430.8,430.8,430.8,5
2004-04-08,427.8,427.8,427.8,427.8,0
2004-04-12,428.0,428.0,428.0,428.0,2
2004-04-13,420.0,420.0,415.0,415.0,21
2004-04-14,405.0,410.0,405.0,408.1,40
2004-04-15,406.0,408.9,405.9,405.9,8
2004-04-16,406.5,409.2,406.5,409.2,6
2004-04-19,412.8,412.8,408.8,408.8,32
2004-04-20,406.5,407.5,405.5,405.7,45
2004-04-21,401.0,401.5,397.5,399.0,497
2004-04-22,398.5,401.1,398.5,401.1,264
2004-04-23,400.5,403.3,400.5,403.3,362
2004-04-26,407.0,407.0,404.2,404.2,111
2004-04-27,406.5,406.5,406.5,406.5,0
2004-04-28,402.0,402.0,393.0,393.2,10
2004-04-29,393.0,394.5,393.0,394.5,68
2004-04-30,395.0,395.0,394.9,394.9,21
2004-05-03,393.1,394.9,393.1,394.9,7
2004-05-04,399.3,399.3,399.3,399.3,2
2004-05-05,401.6,401.6,401.6,401.6,0
2004-05-06,396.3,397.5,396.3,396.3,25
2004-05-07,394.3,394.3,387.0,387.5,45
2004-05-10,382.5,387.0,382.5,387.0,361
2004-05-11,385.3,385.8,385.3,385.5,52
2004-05-12,390.3,390.3,386.0,386.0,205
2004-05-13,382.9,382.9,382.9,382.9,22
2004-05-14,382.0,385.0,382.0,385.0,267
2004-05-17,391.2,392.0,387.5,387.5,683
2004-05-18,388.0,388.0,383.8,383.8,690
2004-05-19,386.0,391.1,386.0,391.1,24
2004-05-20,388.0,388.0,386.6,386.6,2
2004-05-21,394.5,394.5,393.1,393.1,201
2004-05-24,393.3,394.1,393.3,394.1,584
2004-05-25,395.5,398.5,395.5,396.9,19
2004-05-26,396.9,396.9,396.9,396.9,0
2004-05-27,399.5,403.5,399.5,403.4,209
2004-05-28,402.6,402.6,401.8,402.3,8
2004-06-01,404.0,404.5,403.2,403.2,157
2004-06-02,401.5,401.5,400.2,400.2,1
2004-06-03,395.8,396.6,395.8,396.6,2
2004-06-04,396.3,399.7,396.3,399.7,16
2004-06-07,402.5,402.5,402.5,402.5,4
2004-06-08,404.0,404.0,399.8,399.8,484
2004-06-09,393.2,393.2,393.2,393.2,21
2004-06-10,396.0,396.0,394.7,394.7,8
2004-06-14,393.2,393.2,392.7,392.7,744
2004-06-15,397.5,397.5,395.1,396.8,160
2004-06-16,393.3,393.3,393.3,393.3,32
2004-06-17,397.6,397.6,397.6,397.6,356
2004-06-18,396.9,405.0,396.9,403.7,75
2004-06-21,403.0,403.0,402.5,402.5,25
2004-06-22,403.5,403.6,403.5,403.6,28
2004-06-23,403.6,403.6,403.6,403.6,9
2004-06-24,413.6,413.6,411.4,411.4,116
2004-06-25,410.7,411.1,410.7,411.1,7
2004-06-28,413.7,413.7,409.4,409.4,16
2004-06-29,407.8,407.8,400.0,400.5,8
2004-06-30,403.0,403.0,400.7,400.7,58
2004-07-01,402.5,404.1,402.5,404.1,61
2004-07-02,406.5,406.5,406.1,406.1,5
2004-07-06,400.4,400.4,400.4,400.4,0
2004-07-07,410.4,410.4,410.4,410.4,3
2004-07-08,416.0,416.0,416.0,416.0,42
2004-07-09,415.3,415.7,415.3,415.7,216
2004-07-12,415.0,416.2,415.0,416.2,3
2004-07-13,412.0,412.0,410.1,410.1,208
2004-07-14,412.5,413.3,411.5,413.3,205
2004-07-15,412.1,414.0,412.1,412.1,232
2004-07-16,412.8,414.5,412.7,414.5,35
2004-07-19,414.0,414.5,413.5,413.5,21
2004-07-20,409.8,409.8,409.8,409.8,58
2004-07-21,406.5,407.5,403.8,405.1,444
2004-07-22,404.4,404.4,403.1,403.1,94
2004-07-23,400.0,400.0,397.0,397.9,205
2004-07-26,398.7,399.5,397.0,397.9,48
2004-07-27,398.8,398.8,394.0,394.8,211
2004-07-28,394.5,397.3,394.5,396.8,272
2004-07-29,395.0,396.5,394.8,394.8,100
2004-07-30,398.5,398.7,398.5,398.7,17
2004-08-02,399.2,399.4,399.2,399.4,81
2004-08-03,397.3,401.6,397.2,401.6,53
2004-08-04,399.7,399.7,399.7,399.7,367
2004-08-05,398.5,399.8,398.5,399.8,41
2004-08-06,400.0,407.5,400.0,406.8,23
2004-08-09,407.7,407.7,407.7,407.7,0
2004-08-10,405.7,407.5,405.7,407.0,1401
2004-08-11,402.5,402.6,401.0,402.6,515
2004-08-12,402.0,402.0,401.3,401.3,575
2004-08-13,405.0,406.5,405.0,405.8,467
2004-08-16,409.8,410.2,409.0,409.9,4
2004-08-17,409.0,411.4,408.5,411.4,513
2004-08-18,411.9,412.0,410.0,411.3,50
2004-08-19,411.0,415.0,411.0,414.0,117
2004-08-20,413.5,420.2,413.5,420.2,723
2004-08-23,415.0,417.8,415.0,417.5,233
2004-08-24,415.3,415.3,409.8,409.8,127
2004-08-25,413.5,414.8,413.5,414.8,114
2004-08-26,415.2,415.2,414.4,414.4,85
2004-08-27,415.0,415.0,409.5,410.2,172
2004-08-30,412.2,414.8,412.2,414.8,21
2004-08-31,415.8,418.0,415.8,417.2,909
2004-09-01,416.5,416.5,415.6,415.6,425
2004-09-02,415.2,415.5,412.8,412.8,477
2004-09-03,409.0,409.0,407.3,407.3,12
2004-09-07,407.9,407.9,404.3,404.3,354
2004-09-08,402.5,407.0,402.5,406.3,55
2004-09-09,406.1,406.1,405.0,405.3,43
2004-09-10,410.0,410.0,408.7,408.7,44
2004-09-13,408.7,411.5,408.7,410.9,160
2004-09-14,411.0,413.5,411.0,412.4,258
2004-09-15,411.0,411.7,411.0,411.7,544
2004-09-16,412.5,412.5,410.5,411.2,197
2004-09-17,411.5,412.3,410.0,412.3,1190
2004-09-20,411.6,412.1,410.0,411.7,219
2004-09-21,416.0,416.3,414.9,414.9,98
2004-09-22,411.9,413.8,411.0,413.8,627
2004-09-23,414.0,418.5,414.0,417.4,67
2004-09-24,416.5,417.5,413.5,414.7,46
2004-09-27,416.0,416.1,415.4,415.7,45
2004-09-28,419.8,420.0,418.0,419.2,62
2004-09-29,420.2,421.8,419.6,419.7,41
2004-09-30,423.2,425.4,422.1,425.4,112
2004-10-01,424.0,426.2,424.0,426.2,378
2004-10-04,420.0,420.7,418.2,420.7,36
2004-10-05,422.0,426.0,419.9,424.9,39
2004-10-06,426.1,426.1,423.8,425.2,135
2004-10-07,425.6,426.0,424.0,424.7,34
2004-10-08,425.0,431.0,425.0,429.6,104
2004-10-11,429.5,429.5,428.5,428.5,47
2004-10-12,427.0,427.5,419.8,421.7,1630
2004-10-13,418.5,422.0,415.5,419.6,256
2004-10-14,424.5,425.5,422.0,424.5,47
2004-10-15,426.9,427.5,425.0,425.1,40
2004-10-18,426.5,426.6,422.6,422.6,145
2004-10-19,426.5,426.6,425.6,426.6,283
2004-10-20,429.9,432.8,426.5,429.8,276
2004-10-21,430.2,432.0,428.5,430.6,388
2004-10-22,429.0,431.2,428.7,430.5,271
2004-10-25,436.0,436.8,434.0,434.9,202
2004-10-26,434.0,434.5,430.6,432.6,156
2004-10-27,432.4,435.4,429.5,430.6,1409
2004-10-28,430.5,431.8,428.0,431.2,1003
2004-10-29,431.8,434.6,431.0,434.6,399
2004-11-01,435.5,437.3,432.5,433.4,117
2004-11-02,432.0,433.7,423.9,426.0,222
2004-11-03,427.8,431.0,427.8,430.7,351
2004-11-04,432.2,440.0,432.2,436.3,435
2004-11-05,436.5,441.0,431.5,440.1,529
2004-11-08,439.0,439.5,437.7,439.5,525
2004-11-09,442.0,443.5,439.0,442.3,244
2004-11-10,440.7,443.7,439.0,440.7,944
2004-11-11,441.0,442.2,439.4,441.6,184
2004-11-12,444.0,446.0,442.0,444.4,555
2004-11-15,446.1,446.7,442.5,443.4,555
2004-11-16,444.5,447.7,443.1,446.7,2614
2004-11-17,448.0,452.5,445.7,451.3,1038
2004-11-18,450.8,452.0,446.5,449.2,2447
2004-11-19,450.0,455.0,449.0,453.5,2128
2004-11-22,454.0,456.3,453.0,455.7,3258
2004-11-23,457.0,457.0,453.6,454.6,1908
2004-11-24,454.0,456.5,454.0,455.9,927
2004-11-29,456.9,461.5,456.0,460.2,3263
2004-11-30,460.0,461.0,454.5,457.6,1144
2004-12-01,457.2,462.1,456.7,460.3,959
2004-12-02,460.1,462.7,453.1,456.7,2843
2004-12-03,456.6,462.9,454.0,462.2,1818
2004-12-06,460.0,462.5,457.5,460.3,1578
2004-12-07,460.6,461.9,457.6,458.0,799
2004-12-08,449.0,458.0,439.3,443.0,1410
2004-12-09,441.5,446.4,438.0,441.3,867
2004-12-10,440.0,443.0,437.3,439.4,869
2004-12-13,439.8,446.3,439.7,444.5,373
2004-12-14,444.5,444.9,441.0,441.6,669
2004-12-15,445.0,447.8,441.1,446.5,1342
2004-12-16,448.0,448.0,441.8,442.5,866
2004-12-17,437.1,448.0,437.1,447.4,2498
2004-12-20,447.8,449.8,447.2,448.1,428
2004-12-21,448.2,449.0,447.0,447.4,441
2004-12-22,448.3,448.5,444.7,445.9,109
2004-12-23,447.3,448.3,445.7,447.4,95
2004-12-27,449.0,451.7,448.5,450.8,646
2004-12-28,450.7,451.0,448.5,449.9,223
2004-12-29,448.0,450.2,438.7,441.5,898
2004-12-30,440.2,444.5,439.0,442.9,749
2005-01-03,441.0,442.6,432.6,434.2,5274
2005-01-04,432.0,435.5,428.0,433.7,946
2005-01-05,434.0,434.2,430.4,431.8,1611
2005-01-06,431.8,432.2,425.6,426.1,1249
2005-01-07,425.5,430.0,421.8,424.0,2210
2005-01-10,424.0,426.6,422.8,424.2,1332
2005-01-11,424.5,427.9,424.5,426.9,804
2005-01-12,427.4,432.7,425.5,431.2,836
2005-01-13,429.0,431.6,428.0,429.7,943
2005-01-14,429.7,430.5,425.5,427.6,2456
2005-01-18,427.2,428.7,426.1,428.1,1690
2005-01-19,427.9,431.8,427.4,427.8,1176
2005-01-20,426.7,427.7,424.5,427.0,1464
2005-01-21,427.0,432.8,427.0,431.3,738
2005-01-24,430.8,432.6,430.8,431.6,943
2005-01-25,430.0,432.3,425.8,426.6,1018
2005-01-26,426.7,432.3,426.4,431.4,1711
2005-01-27,429.2,432.3,428.5,430.7,1695
2005-01-28,430.7,432.0,428.3,430.4,2071
2005-01-31,429.3,429.3,424.0,426.4,955
2005-02-01,426.0,426.8,424.0,425.3,2419
2005-02-02,426.4,426.4,424.3,425.4,952
2005-02-03,421.5,425.4,418.5,420.9,3400
2005-02-04,419.8,422.0,417.5,418.2,6955
2005-02-07,418.5,420.0,416.2,417.7,915
2005-02-08,416.1,418.5,414.0,416.6,992
2005-02-09,415.3,417.3,414.0,416.7,947
2005-02-10,417.0,422.5,415.5,421.0,2707
2005-02-11,421.2,425.6,420.0,424.3,839
2005-02-14,426.0,430.0,425.1,429.7,2135
2005-02-15,430.0,431.0,427.0,429.7,1319
2005-02-16,428.0,429.6,425.7,429.3,1662
2005-02-17,429.2,432.5,428.0,431.0,1333
2005-02-18,431.0,432.0,429.2,430.8,1479
2005-02-22,431.8,438.7,429.9,438.3,5325
2005-02-23,438.9,440.0,435.5,438.6,2615
2005-02-24,439.0,441.0,436.0,438.2,3197
2005-02-25,437.9,439.3,435.0,438.6,1524
2005-02-28,437.6,441.5,437.6,440.1,4141
2005-03-01,442.0,442.0,434.5,436.4,2687
2005-03-02,436.2,437.3,432.5,436.2,2284
2005-03-03,436.3,436.8,432.6,433.3,2129
2005-03-04,432.0,438.8,432.0,437.6,1847
2005-03-07,437.6,439.1,435.9,438.4,2576
2005-03-08,438.0,444.0,437.7,443.7,4547
2005-03-09,444.2,446.0,442.5,445.5,3783
2005-03-10,445.4,446.5,443.3,446.0,7013
2005-03-11,446.0,450.8,443.7,449.4,9652
2005-03-14,448.5,449.3,443.5,444.2,5804
2005-03-15,444.2,447.6,442.8,444.0,3491
2005-03-16,444.0,447.3,443.2,446.8,10751
2005-03-17,446.8,447.0,440.3,441.7,10982
2005-03-18,441.6,442.8,438.5,442.3,4837
2005-03-21,442.9,442.9,431.7,434.0,17471
2005-03-22,434.6,435.6,432.9,434.2,26480
2005-03-23,434.3,434.5,427.0,427.9,40057
2005-03-24,428.5,429.1,426.8,427.4,26415
2005-03-28,428.1,429.0,426.0,428.6,55558
2005-03-29,428.8,430.2,428.2,428.6,56084
2005-03-30,428.8,430.7,428.0,429.5,45447
2005-03-31,429.6,431.4,428.5,431.1,32253
2005-04-01,431.1,431.2,427.1,428.3,50186
2005-04-04,428.2,428.9,424.7,426.0,40531
2005-04-05,425.6,427.8,424.8,426.6,27396
2005-04-06,426.6,429.6,426.3,429.2,30221
2005-04-07,429.3,430.5,427.3,428.4,31651
2005-04-08,428.4,429.4,426.4,428.8,26482
2005-04-11,428.8,431.7,428.2,430.4,27962
2005-04-12,430.5,432.4,428.3,429.3,37869
2005-04-13,429.3,431.5,428.8,431.0,33884
2005-04-14,431.1,431.3,423.5,425.6,54759
2005-04-15,425.2,427.8,424.1,426.5,30690
2005-04-18,426.3,429.7,424.7,429.0,38309
2005-04-19,428.9,435.2,428.1,434.4,57430
2005-04-20,434.6,437.4,433.0,436.7,50906
2005-04-21,436.6,436.8,433.6,434.4,40415
2005-04-22,434.4,437.0,433.5,435.6,21382
2005-04-25,435.6,436.6,434.0,435.8,29983
2005-04-26,435.8,439.1,435.7,439.0,45659
2005-04-27,438.7,438.8,433.2,434.1,56226
2005-04-28,434.2,435.3,432.2,432.4,41960
2005-04-29,432.6,438.0,431.9,436.1,44911
2005-05-02,435.7,436.0,429.5,430.5,47221
2005-05-03,430.8,431.4,427.3,427.7,52611
2005-05-04,427.7,430.9,427.6,430.0,34461
2005-05-05,430.1,432.5,428.8,430.7,35688
2005-05-06,430.7,432.0,424.5,426.9,77334
2005-05-09,427.0,427.4,425.4,426.9,23003
2005-05-10,426.8,428.8,426.6,427.9,25868
2005-05-11,428.0,429.3,426.0,427.9,42417
2005-05-12,428.1,428.2,420.9,422.2,81324
2005-05-13,422.3,423.0,419.3,420.7,60168
2005-05-16,421.0,421.0,418.2,419.3,45240
2005-05-17,419.5,421.5,419.2,419.8,37621
2005-05-18,420.0,422.0,418.8,421.9,49372
2005-05-19,421.8,423.3,419.5,420.8,33002
2005-05-20,420.8,421.1,416.8,417.7,50411
2005-05-23,417.7,418.5,416.8,416.9,40525
2005-05-24,417.0,419.4,416.2,417.7,70348
2005-05-25,417.8,419.0,417.1,418.9,79862
2005-05-26,419.0,420.0,417.1,418.0,72619
2005-05-27,417.9,420.0,417.4,419.8,51363
2005-05-31,418.0,420.2,413.2,416.3,7494
2005-06-01,416.4,417.3,414.0,415.3,2816
2005-06-02,415.8,423.5,415.8,422.7,1984
2005-06-03,422.2,425.5,421.7,423.7,416
2005-06-06,423.6,427.8,422.6,426.5,558
2005-06-07,426.7,426.7,424.0,424.8,232
2005-06-08,425.6,425.9,424.5,424.7,171
2005-06-09,423.7,424.2,422.0,424.2,101
2005-06-10,423.8,428.5,422.0,427.4,65
2005-06-13,428.3,431.5,428.3,429.3,66
2005-06-14,428.2,428.2,426.5,427.5,73
2005-06-15,427.5,429.1,427.5,429.1,20
2005-01-03,438.9,438.9,427.8,429.7,93540
2005-01-04,430.4,431.3,424.8,429.2,60295
2005-01-05,429.0,429.3,425.9,427.3,52020
2005-01-06,425.7,428.3,421.1,421.6,73177
2005-01-07,422.0,425.8,417.2,419.5,105975
2005-01-10,419.9,422.3,418.4,419.7,41008
2005-01-11,421.3,423.3,419.6,422.4,56716
2005-01-12,421.7,428.3,421.1,426.6,69810
2005-01-13,424.1,427.3,423.6,425.1,42197
2005-01-14,425.2,426.1,420.7,423.0,37434
2005-01-18,422.0,424.2,421.4,423.5,34788
2005-01-19,425.0,427.2,422.6,423.3,46054
2005-01-20,423.1,423.4,420.3,422.6,54028
2005-01-21,423.0,428.5,421.3,426.9,75768
2005-01-24,426.7,428.2,426.7,427.1,81075
2005-01-25,427.1,428.1,421.0,422.1,128161
2005-01-26,425.5,430.0,423.7,429.1,146501
2005-01-27,429.0,430.5,426.0,428.4,116587
2005-01-28,428.6,429.7,426.1,428.1,110009
2005-01-31,428.3,428.9,421.5,424.1,74199
2005-02-01,424.3,424.6,421.4,422.9,42448
2005-02-02,422.7,424.7,421.9,423.0,24057
2005-02-03,418.5,423.9,416.2,418.5,59831
2005-02-04,418.6,419.5,415.5,415.9,57303
2005-02-07,415.9,417.7,414.0,415.4,37085
2005-02-08,415.7,415.8,412.0,414.3,47153
2005-02-09,414.0,415.3,411.5,414.5,41438
2005-02-10,414.4,420.1,413.1,418.7,74190
2005-02-11,419.0,423.4,417.7,422.0,48051
2005-02-14,422.0,427.7,422.0,427.3,53332
2005-02-15,427.5,428.7,425.0,427.3,49926
2005-02-16,425.6,427.4,423.4,426.9,48601
2005-02-17,427.1,429.8,425.5,428.6,50117
2005-02-18,428.4,429.4,427.0,428.4,31926
2005-02-22,428.3,436.4,427.4,435.8,72321
2005-02-23,435.9,437.4,433.0,436.1,63997
2005-02-24,435.7,438.2,433.5,435.7,48818
2005-02-25,435.5,436.9,432.5,436.1,45473
2005-02-28,435.9,439.3,435.9,437.6,47718
2005-03-01,437.6,437.6,432.0,433.9,58956
2005-03-02,433.6,435.0,429.8,433.8,48072
2005-03-03,433.8,434.6,430.1,430.8,43578
2005-03-04,431.0,436.3,430.4,435.1,51302
2005-03-07,435.6,436.6,433.3,435.8,32403
2005-03-08,435.8,441.3,435.2,441.1,67374
2005-03-09,440.9,443.5,439.9,442.9,57384
2005-03-10,442.8,443.7,440.7,443.4,15876
2005-03-11,443.5,448.0,441.1,446.8,102964
2005-03-14,446.7,446.7,440.7,441.6,59118
2005-03-15,441.7,444.9,440.3,441.4,54352
2005-03-16,441.8,444.7,440.6,444.2,60600
2005-03-17,444.4,444.5,437.7,439.1,82581
2005-03-18,439.4,440.4,436.1,439.7,46521
2005-03-21,439.7,440.3,429.2,431.4,112264
2005-03-22,431.5,432.8,430.3,431.6,83515
2005-03-23,431.7,432.4,424.5,425.4,128461
2005-03-24,428.5,429.1,426.8,427.4,81025
2005-03-28,428.1,429.0,426.0,428.6,129336
2005-03-29,428.8,430.2,428.2,428.6,117426
2005-03-30,428.8,430.7,428.0,429.5,76152
2005-03-31,429.6,431.4,428.5,431.1,37930
2005-04-01,431.1,431.2,427.1,428.3,52234
2005-04-04,428.2,428.9,424.7,426.0,42214
2005-04-05,425.6,427.8,424.8,426.6,30289
2005-04-06,426.6,429.6,426.3,429.2,30921
2005-04-07,429.3,430.5,427.3,428.4,32236
2005-04-08,428.4,429.4,426.4,428.8,27255
2005-04-11,428.8,431.7,428.2,430.4,28598
2005-04-12,430.5,432.4,428.3,429.3,39048
2005-04-13,429.3,431.5,428.8,431.0,34530
2005-04-14,431.1,431.3,423.5,425.6,58143
2005-04-15,425.2,427.8,424.1,426.5,33772
2005-04-18,426.3,429.7,424.7,429.0,41302
2005-04-19,428.9,435.2,428.1,434.4,58585
2005-04-20,434.6,437.4,433.0,436.7,52569
2005-04-21,436.6,436.8,433.6,434.4,41561
2005-04-22,434.4,437.0,433.5,435.6,22205
2005-04-25,435.6,436.6,434.0,435.8,31412
2005-04-26,435.8,439.1,435.7,439.0,51571
2005-04-27,438.7,438.8,433.2,434.1,58369
2005-04-28,434.2,435.3,432.2,432.4,43100
2005-04-29,432.6,438.0,431.9,436.1,48147
2005-05-02,435.7,436.0,429.5,430.5,48872
2005-05-03,430.8,431.4,427.3,427.7,56407
2005-05-04,427.7,430.9,427.6,430.0,38511
2005-05-05,430.1,432.5,428.8,430.7,37173
2005-05-06,430.7,432.0,424.5,426.9,81743
2005-05-09,427.0,427.4,425.4,426.9,26141
2005-05-10,426.8,428.8,426.6,427.9,32506
2005-05-11,428.0,429.3,426.0,427.9,48228
2005-05-12,428.1,428.2,420.9,422.2,97212
2005-05-13,422.3,423.0,419.3,420.7,70463
2005-05-16,421.0,421.0,418.2,419.3,61132
2005-05-17,419.5,421.5,419.2,419.8,47500
2005-05-18,420.0,422.0,418.8,421.9,61710
2005-05-19,421.8,423.3,419.5,420.8,40383
2005-05-20,420.8,421.1,416.8,417.7,61553
2005-05-23,417.7,418.5,416.8,416.9,55280
2005-05-24,417.0,419.4,416.2,417.7,121837
2005-05-25,420.4,421.6,419.5,421.5,137065
2005-05-26,421.5,422.6,419.6,420.6,131840
2005-05-27,420.6,422.8,420.0,422.4,120478
2005-05-31,421.5,422.9,415.8,418.9,75640
2005-06-01,418.7,419.9,416.7,417.7,84277
2005-06-02,417.8,425.8,417.2,424.8,99227
2005-06-03,424.6,427.0,423.8,425.8,53666
2005-06-06,424.6,429.5,424.3,428.4,46573
2005-06-07,428.2,429.6,426.2,426.7,57153
2005-06-08,426.7,428.7,426.4,426.6,28682
2005-06-09,426.2,427.1,423.0,426.1,39160
2005-06-10,425.9,430.5,424.1,429.3,60309
2005-06-13,428.8,432.6,426.3,431.1,64481
2005-06-14,431.1,431.1,428.3,429.3,35656
2005-06-15,429.0,431.8,428.0,430.9,38492
2005-06-16,430.9,438.5,430.0,437.9,114250
2005-06-17,437.7,441.3,437.1,440.0,75883
2005-06-20,439.2,443.2,438.5,440.0,49247
2005-06-21,440.1,440.8,435.9,440.5,58031
2005-06-22,440.7,441.1,438.0,439.7,32767
2005-06-23,439.8,444.2,437.5,443.2,74144
2005-06-24,443.1,445.4,440.0,442.0,56639
2005-06-27,441.0,442.0,440.1,441.7,33439
2005-06-28,441.5,441.6,437.2,437.7,40480
2005-06-29,437.6,439.6,435.3,438.6,52804
2005-06-30,438.5,440.3,436.7,437.1,44553
2005-07-01,436.5,438.2,428.0,428.8,98412
2005-07-05,428.4,429.4,422.6,423.9,87409
2005-07-06,424.1,425.9,424.0,424.5,42357
2005-07-07,424.7,430.1,422.5,424.2,62817
2005-07-08,424.4,425.8,422.3,423.8,50530
2005-07-11,424.5,427.4,423.8,426.3,35373
2005-07-12,426.2,428.5,425.5,427.1,44733
2005-07-13,427.1,428.0,424.0,424.6,43931
2005-07-14,424.7,425.1,419.2,420.2,87318
2005-07-15,420.0,421.5,418.2,421.3,60544
2005-07-18,421.7,422.8,420.4,421.0,40505
2005-07-19,421.1,422.4,418.9,420.2,56787
2005-07-20,420.9,423.3,420.0,422.1,52510
2005-07-21,422.5,426.0,422.5,425.7,88977
2005-07-22,426.0,426.9,424.5,425.0,67942
2005-07-25,431.0,432.4,430.0,431.8,106589
2005-07-26,431.9,431.9,428.3,429.3,111481
2005-07-27,429.3,431.8,427.7,430.6,130405
2005-07-28,430.9,434.7,430.3,433.3,119645
2005-07-29,433.6,436.5,432.9,435.8,49173
2005-08-01,435.4,438.3,434.7,437.7,40523
2005-08-02,437.4,438.8,436.6,437.7,42905
2005-08-03,437.8,443.0,436.4,442.7,69995
2005-08-04,442.5,445.0,441.2,443.7,70260
2005-08-05,443.6,444.8,442.4,442.8,56427
2005-08-08,442.7,443.3,439.6,440.3,45670
2005-08-09,440.3,441.3,438.4,439.8,33066
2005-08-10,439.8,442.6,439.6,442.0,32087
2005-08-11,442.1,452.7,442.1,450.9,102013
2005-08-12,450.7,455.3,449.1,451.4,69767
2005-08-15,451.5,452.1,446.3,447.6,47696
2005-08-16,447.1,451.8,445.7,451.5,68701
2005-08-17,451.6,452.1,443.4,445.2,64217
2005-08-18,445.3,447.7,443.1,444.7,54137
2005-08-19,444.8,446.0,441.0,442.2,45579
2005-08-22,441.4,445.7,440.8,443.0,36238
2005-08-23,443.2,445.5,442.8,444.3,24687
2005-08-24,444.1,445.7,440.6,442.2,55046
2005-08-25,442.2,444.6,441.9,443.1,28236
2005-08-26,443.3,444.8,440.5,442.1,38021
2005-08-29,442.8,445.3,441.1,441.4,32759
2005-08-30,441.3,441.9,433.5,435.5,124963
2005-08-31,435.6,438.8,435.3,438.1,62148
2005-09-01,438.4,449.5,438.3,446.5,92459
2005-09-02,446.6,451.4,445.8,448.5,54639
2005-09-06,449.4,450.3,447.0,448.6,35012
2005-09-07,448.7,450.2,447.3,449.0,41409
2005-09-08,448.6,453.9,447.8,450.7,67990
2005-09-09,450.6,453.6,449.7,453.0,43397
2005-09-12,453.7,455.8,451.2,453.7,35736
2005-09-13,453.7,453.9,448.3,450.0,54963
2005-09-14,450.1,454.4,449.9,453.7,51923
2005-09-15,453.8,459.7,452.4,459.3,100427
2005-09-16,459.3,464.0,457.8,463.3,75157
2005-09-19,463.0,472.4,462.0,470.4,82837
2005-09-20,470.0,474.9,467.2,470.0,67428
2005-09-21,470.0,473.6,467.4,472.6,56432
2005-09-22,473.3,479.0,466.8,470.3,91632
2005-09-23,470.2,470.2,464.3,467.2,59698
2005-09-26,466.4,470.5,462.3,469.5,64198
2005-09-27,469.5,470.9,461.2,466.2,82431
2005-09-28,466.0,473.7,464.7,473.1,86392
2005-09-29,473.1,477.0,471.4,475.8,71267
2005-09-30,476.1,477.8,471.1,472.3,63646
2005-10-03,471.5,472.2,467.2,469.3,47292
2005-10-04,469.0,472.7,467.4,469.3,44602
2005-10-05,469.4,470.1,465.9,469.3,48113
2005-10-06,469.2,475.9,467.5,475.0,72316
2005-10-07,475.0,479.1,472.5,477.7,67026
2005-10-10,477.9,482.0,475.2,478.0,42963
2005-10-11,477.9,481.5,477.4,479.8,40730
2005-10-12,479.6,483.1,474.3,476.6,76750
2005-10-13,475.9,477.0,470.3,473.8,65426
2005-10-14,474.1,474.8,468.3,471.8,63605
2005-10-17,471.6,478.0,471.1,476.6,46400
2005-10-18,476.2,477.0,472.8,474.6,34210
2005-10-19,474.4,474.5,464.0,465.8,83034
2005-10-20,465.8,467.4,462.0,463.2,61408
2005-10-21,463.5,469.6,462.7,469.1,54651
2005-10-24,468.4,470.8,465.2,467.0,45969
2005-10-25,467.2,475.8,466.3,474.7,65789
2005-10-26,475.0,476.1,472.7,473.0,44871
2005-10-27,473.1,477.8,471.9,475.6,55809
2005-10-28,475.6,476.6,471.2,474.8,44450
2005-10-31,474.7,475.6,466.5,466.9,68486
2005-11-01,466.5,468.3,459.5,460.6,102010
2005-11-02,460.8,465.5,460.2,464.6,50832
2005-11-03,464.6,466.6,460.2,461.9,59890
2005-11-04,462.2,465.7,456.1,457.9,72611
2005-11-07,458.0,460.6,457.2,460.4,56994
2005-11-08,460.4,463.8,457.7,462.3,50349
2005-11-09,462.3,469.0,461.1,467.5,72547
2005-11-10,467.5,470.9,466.0,467.7,62646
2005-11-11,467.6,470.0,465.7,469.4,37143
2005-11-14,469.6,471.8,467.5,469.1,47268
2005-11-15,469.0,470.8,467.2,469.0,46394
2005-11-16,469.0,479.4,468.3,479.1,105744
2005-11-17,478.9,487.8,478.0,486.9,121556
2005-11-18,486.8,489.6,484.3,486.2,108096
2005-11-21,485.2,490.5,485.0,489.5,187020
2005-11-22,494.0,500.0,494.0,497.0,159501
2005-11-23,497.3,498.3,491.5,496.4,115521
2005-11-28,499.6,503.5,497.2,502.6,212848
2005-11-29,503.0,506.7,498.6,503.5,126577
2005-11-30,503.8,504.4,496.0,498.7,57103
2005-12-01,498.0,506.6,494.3,506.3,64924
2005-12-02,506.7,510.8,503.8,507.0,52613
2005-12-05,507.9,512.9,506.8,512.6,46132
2005-12-06,512.5,514.8,507.7,513.8,49679
2005-12-07,514.0,520.3,512.1,517.8,63924
2005-12-08,517.9,523.9,515.8,522.7,51484
2005-12-09,523.1,534.3,522.5,530.2,77593
2005-12-12,530.5,544.5,528.7,531.5,87606
2005-12-13,530.6,533.0,522.9,524.1,86604
2005-12-14,524.9,525.2,508.5,509.5,92399
2005-12-15,509.5,512.5,502.7,506.6,80920
2005-12-16,507.1,510.5,496.2,505.9,65479
2005-12-19,505.7,512.1,503.6,506.1,7561
2005-12-20,506.9,511.4,496.7,497.0,67195
2005-12-21,497.5,497.7,492.3,495.3,14670
2005-12-22,495.8,507.3,495.6,505.0,57587
2005-12-23,505.9,508.8,502.2,505.2,30996
2005-12-27,506.8,510.7,505.3,510.1,27545
2005-12-28,510.4,520.2,509.7,516.3,52563
2005-12-29,516.0,520.1,512.8,517.5,36273
2005-12-30,518.1,519.5,514.7,518.9,31851
2004-10-29,430.3,430.3,430.3,430.3,0
2004-11-01,429.1,429.1,429.1,429.1,0
2004-11-02,421.7,421.7,421.7,421.7,0
2004-11-03,426.3,426.3,426.3,426.3,0
2004-11-04,431.8,431.8,431.8,431.8,0
2004-11-05,435.3,435.3,435.3,435.3,0
2004-11-08,434.4,434.4,434.4,434.4,0
2004-11-09,437.2,437.2,437.2,437.2,0
2004-11-10,435.5,435.5,435.5,435.5,0
2004-11-11,436.4,436.4,436.4,436.4,0
2004-11-12,439.3,439.3,439.3,439.3,0
2004-11-15,440.6,440.6,438.3,438.3,2
2004-11-16,441.5,441.5,441.5,441.5,0
2004-11-17,446.1,446.1,446.1,446.1,0
2004-11-18,444.0,444.0,444.0,444.0,0
2004-11-19,448.1,448.1,448.1,448.1,0
2004-11-22,448.9,450.1,448.9,450.1,2
2004-11-23,449.1,449.1,449.1,449.1,2
2004-11-24,450.4,450.4,450.4,450.4,0
2004-11-29,454.7,454.7,454.7,454.7,0
2004-11-30,450.0,452.2,450.0,452.2,2
2004-12-01,456.0,456.0,454.9,454.9,1
2004-12-02,456.2,456.2,451.3,451.3,1
2004-12-03,454.9,456.8,454.9,456.8,1
2004-12-06,455.0,455.0,455.0,455.0,0
2004-12-07,452.8,452.8,452.8,452.8,0
2004-12-08,445.3,445.3,435.5,437.9,3
2004-12-09,436.4,436.4,436.4,436.4,1
2004-12-10,436.7,436.7,434.5,434.5,0
2004-12-13,437.8,439.5,437.8,439.5,7
2004-12-14,436.5,436.5,436.5,436.5,0
2004-12-15,441.4,441.4,441.4,441.4,0
2004-12-16,437.9,438.0,437.4,437.4,0
2004-12-17,442.1,442.1,442.1,442.1,0
2004-12-20,442.8,442.8,442.8,442.8,0
2004-12-21,442.1,442.1,442.1,442.1,0
2004-12-22,440.6,440.6,440.6,440.6,0
2004-12-23,442.0,442.0,442.0,442.0,10
2004-12-27,444.3,445.5,444.3,445.3,2
2004-12-28,444.7,444.7,444.3,444.3,0
2004-12-29,440.5,440.5,436.0,436.0,3
2004-12-30,438.9,439.0,437.5,437.5,0
2005-01-03,431.0,431.0,428.7,428.7,4
2005-01-04,428.5,428.5,428.5,428.5,108
2005-01-05,425.7,426.6,425.7,426.6,2
2005-01-06,421.0,421.0,421.0,421.0,1
2005-01-07,423.7,423.7,418.7,418.9,0
2005-01-10,419.1,419.1,419.1,419.1,0
2005-01-11,421.9,421.9,421.9,421.9,0
2005-01-12,426.1,426.1,426.1,426.1,0
2005-01-13,424.7,424.7,424.7,424.7,0
2005-01-14,422.7,422.7,422.7,422.7,20
2004-01-15,431.8,431.8,420.0,420.0,42
2004-01-16,420.5,422.0,418.4,418.4,72
2004-01-20,424.8,424.8,424.8,424.8,239
2004-01-21,422.0,422.9,420.5,422.9,98
2004-01-22,422.5,424.6,421.5,421.6,20
2004-01-23,421.1,421.1,419.7,420.0,192
2004-01-26,420.0,420.0,418.9,418.9,68
2004-01-27,422.0,422.0,422.0,422.0,12
2004-01-28,423.5,427.1,422.5,426.6,59
2004-01-29,421.0,422.5,410.0,411.2,160
2004-01-30,413.0,414.5,412.5,414.5,64
2004-02-02,408.7,411.8,408.5,410.9,67
2004-02-03,411.2,411.2,411.2,411.2,153
2004-02-04,413.1,413.1,413.1,413.1,204
2004-02-05,411.2,412.5,410.6,410.6,6
2004-02-06,423.0,423.0,415.8,415.8,28
2004-02-09,419.1,419.1,419.1,419.1,1
2004-02-10,419.0,419.0,419.0,419.0,4
2004-02-11,420.5,423.0,419.0,422.6,234
2004-02-12,426.1,426.1,426.1,426.1,30
2004-02-13,422.0,422.3,422.0,422.3,30
2004-02-17,428.0,428.0,428.0,428.0,30
2004-02-18,423.6,423.6,423.6,423.6,30
2004-02-19,423.6,423.6,421.0,421.2,2
2004-02-20,418.0,418.0,406.0,408.6,76
2004-02-23,411.5,412.0,410.0,410.0,189
2004-02-24,415.4,415.4,415.4,415.4,26
2004-02-25,406.6,406.6,406.6,406.6,50
2004-02-26,405.0,406.0,402.5,406.0,48
2004-02-27,406.0,407.5,404.0,407.2,295
2004-03-01,409.5,410.0,409.5,410.0,7
2004-03-02,407.0,407.0,404.0,404.4,414
2004-03-03,403.5,405.0,402.5,403.4,520
2004-03-04,404.0,404.0,403.8,403.8,11
2004-03-05,404.0,411.3,404.0,411.3,451
2004-03-08,410.6,410.6,410.6,410.6,35
2004-03-09,410.0,416.0,410.0,414.0,32
2004-03-10,413.0,414.0,408.0,409.8,17
2004-03-11,409.5,410.5,409.5,410.5,110
2004-03-12,408.0,408.0,405.0,405.1,314
2004-03-15,408.5,409.1,408.0,409.1,267
2004-03-16,412.5,412.5,412.5,412.5,320
2004-03-17,413.5,417.0,412.5,417.0,10
2004-03-18,418.0,421.5,418.0,421.2,73
2004-03-19,420.7,426.7,420.0,422.6,12
2004-03-22,425.0,429.0,425.0,427.7,117
2004-03-23,427.0,430.1,427.0,430.1,388
2004-03-24,427.0,428.5,427.0,427.5,2
2004-03-25,427.0,427.0,427.0,427.0,20
2004-03-26,432.7,432.7,432.0,432.6,27
2004-03-29,432.0,432.0,427.8,427.8,69
2004-03-30,432.5,432.5,432.5,432.5,0
2004-03-31,435.5,438.7,435.5,438.7,95
2004-04-01,438.0,441.5,438.0,439.5,131
2004-04-02,431.5,435.5,431.5,434.7,127
2004-04-05,431.5,431.5,428.5,428.5,105
2004-04-06,433.0,433.0,432.0,432.0,1
2004-04-07,436.0,437.0,435.7,435.7,22
2004-04-08,432.8,432.8,432.8,432.8,119
2004-04-12,435.7,435.7,431.0,433.0,3
2004-04-13,433.0,433.0,420.0,420.1,18
2004-04-14,414.6,417.5,410.0,413.5,60
2004-04-15,413.5,415.9,410.5,411.3,78
2004-04-16,412.5,416.0,412.5,414.6,113
2004-04-19,414.2,414.2,414.2,414.2,10
2004-04-20,412.5,412.5,410.5,411.1,53
2004-04-21,407.5,409.0,403.0,404.5,451
2004-04-22,404.0,407.0,404.0,406.4,216
2004-04-23,407.7,408.9,407.0,408.9,8
2004-04-26,409.9,409.9,409.9,409.9,0
2004-04-27,412.0,414.2,412.0,412.1,563
2004-04-28,413.0,413.0,398.0,398.8,13
2004-04-29,394.5,401.5,392.0,400.1,337
2004-04-30,399.5,404.0,399.5,400.5,30
2004-05-03,403.0,403.0,400.5,400.5,33
2004-05-04,407.0,407.0,404.0,405.0,170
2004-05-05,405.0,407.4,405.0,407.4,112
2004-05-06,400.5,402.4,400.5,402.4,1053
2004-05-07,400.5,400.5,394.0,394.0,395
2004-05-10,389.0,393.4,387.0,393.4,550
2004-05-11,391.5,392.0,391.5,392.0,5
2004-05-12,397.0,398.0,392.5,392.5,10
2004-05-13,389.0,392.5,388.0,388.8,515
2004-05-14,388.0,391.1,388.0,391.1,18
2004-05-17,393.0,393.4,393.0,393.4,4
2004-05-18,393.0,393.0,389.7,389.7,114
2004-05-19,394.0,397.2,394.0,397.2,465
2004-05-20,395.5,395.5,392.5,392.5,3
2004-05-21,400.0,401.0,398.9,398.9,12
2004-05-24,399.0,400.0,397.5,400.0,5
2004-05-25,405.5,405.5,402.9,402.9,16
2004-05-26,404.5,405.5,402.8,402.8,0
2004-05-27,409.1,409.1,409.1,409.1,0
2004-05-28,407.3,408.1,407.3,408.1,207
2004-06-01,412.2,412.2,409.4,409.4,58
2004-06-02,406.5,406.5,406.5,406.5,15
2004-06-03,408.0,408.0,402.9,402.9,6
2004-06-04,403.6,406.2,403.6,406.2,24
2004-06-07,409.0,409.0,409.0,409.0,53
2004-06-08,406.3,406.3,406.3,406.3,34
2004-06-09,399.8,399.8,399.7,399.7,2
2004-06-10,399.7,401.3,399.7,401.3,100
2004-06-14,400.0,400.0,399.4,399.4,4
2004-06-15,400.0,403.1,400.0,403.1,356
2004-06-16,399.6,399.6,399.6,399.6,21
2004-06-17,403.5,403.8,403.5,403.8,331
2004-06-18,411.0,411.0,409.8,409.8,721
2004-06-21,410.0,410.0,408.6,408.6,32
2004-06-22,409.0,412.0,409.0,409.8,7
2004-06-23,409.9,409.9,409.9,409.9,97
2004-06-24,418.0,418.0,416.0,417.7,12
2004-06-25,418.0,418.0,416.8,417.4,6
2004-06-28,419.0,419.0,415.9,415.9,2
2004-06-29,410.0,410.0,407.0,407.0,15
2004-06-30,407.2,407.2,407.2,407.2,0
2004-07-01,410.5,410.5,410.4,410.4,86
2004-07-02,412.1,412.1,412.1,412.1,0
2004-07-06,412.5,412.5,406.4,406.4,41
2004-07-07,416.4,416.4,416.4,416.4,10
2004-07-08,417.8,422.5,417.8,422.0,12
2004-07-09,421.6,421.7,421.6,421.7,36
2004-07-12,422.0,422.2,422.0,422.2,3
2004-07-13,416.2,416.2,416.2,416.2,38
2004-07-14,419.4,419.4,419.4,419.4,0
2004-07-15,419.5,419.5,418.2,418.2,54
2004-07-16,418.0,422.0,418.0,420.6,28
2004-07-19,419.6,419.6,419.6,419.6,0
2004-07-20,420.0,420.0,415.9,415.9,30
2004-07-21,412.0,413.0,410.0,411.4,480
2004-07-22,411.0,411.0,409.4,409.4,4
2004-07-23,405.5,405.5,404.0,404.0,142
2004-07-26,404.4,404.4,403.0,404.0,11
2004-07-27,400.0,401.0,400.0,401.0,3
2004-07-28,400.2,403.1,400.2,403.1,253
2004-07-29,401.1,401.1,401.1,401.1,2
2004-07-30,405.5,405.5,405.0,405.0,71
2004-08-02,405.0,405.5,405.0,405.5,94
2004-08-03,404.7,409.0,404.7,407.7,5
2004-08-04,406.0,406.0,405.7,405.7,52
2004-08-05,404.5,405.8,404.5,405.8,538
2004-08-06,411.0,412.4,411.0,412.4,22
2004-08-09,413.3,413.3,413.3,413.3,13
2004-08-10,412.6,412.6,412.6,412.6,1
2004-08-11,408.3,408.3,408.3,408.3,180
2004-08-12,407.0,407.0,407.0,407.0,312
2004-08-13,407.0,412.5,407.0,411.4,153
2004-08-16,417.0,417.0,415.5,415.5,1
2004-08-17,414.5,417.5,414.5,417.0,7
2004-08-18,416.9,416.9,416.9,416.9,29
2004-08-19,420.3,420.8,419.6,419.6,21
2004-08-20,421.2,426.5,421.2,425.8,72
2004-08-23,425.0,425.0,421.5,423.2,9
2004-08-24,420.5,420.5,415.6,415.6,6
2004-08-25,420.6,420.6,420.6,420.6,23
2004-08-26,420.2,420.2,420.2,420.2,0
2004-08-27,415.0,416.0,415.0,416.0,3
2004-08-30,421.0,421.0,420.6,420.6,6
2004-08-31,423.5,423.5,422.0,423.0,178
2004-09-01,421.7,421.7,421.2,421.2,279
2004-09-02,419.0,419.0,418.3,418.3,2
2004-09-03,414.0,415.0,412.5,412.9,7
2004-09-07,410.0,410.0,409.5,409.9,81
2004-09-08,409.0,412.5,408.0,411.9,34
2004-09-09,410.9,410.9,410.9,410.9,2
2004-09-10,414.3,414.3,414.3,414.3,0
2004-09-13,415.5,416.5,415.5,416.5,2
2004-09-14,419.0,419.0,418.0,418.0,204
2004-09-15,417.3,417.3,417.2,417.2,91
2004-09-16,416.6,416.6,416.6,416.6,223
2004-09-17,417.8,417.8,417.8,417.8,49
2004-09-20,417.2,417.2,417.2,417.2,90
2004-09-21,422.0,422.0,420.4,420.4,16
2004-09-22,416.8,419.4,416.5,419.4,240
2004-09-23,420.1,423.5,420.1,423.0,122
2004-09-24,421.5,421.5,420.5,420.5,4
2004-09-27,421.8,422.0,421.0,421.5,267
2004-09-28,425.2,425.8,423.2,425.0,192
2004-09-29,427.0,427.0,425.4,425.4,491
2004-09-30,428.0,432.0,428.0,431.2,172
2004-10-01,430.2,432.3,430.0,432.1,62
2004-10-04,429.3,429.3,424.5,426.7,207
2004-10-05,426.0,433.3,426.0,430.9,80
2004-10-06,431.7,432.8,430.0,431.2,345
2004-10-07,431.8,433.5,430.0,430.8,150
2004-10-08,430.2,435.7,430.2,435.7,541
2004-10-11,434.0,435.5,434.0,434.6,132
2004-10-12,434.5,434.5,425.1,427.6,196
2004-10-13,424.5,425.4,421.5,425.4,465
2004-10-14,428.5,430.3,428.2,430.3,69
2004-10-15,430.5,433.3,430.5,431.1,435
2004-10-18,431.0,432.0,428.6,428.6,2
2004-10-19,428.1,433.0,428.1,432.6,146
2004-10-20,432.7,438.4,432.7,435.6,933
2004-10-21,435.0,436.2,434.5,436.2,551
2004-10-22,435.5,436.7,435.0,436.1,210
2004-10-25,440.1,442.0,439.7,440.5,192
2004-10-26,439.0,440.5,436.2,438.2,50
2004-10-27,441.0,441.0,435.5,436.4,214
2004-10-28,435.9,438.5,432.8,437.1,248
2004-10-29,438.5,442.2,438.5,440.5,117
2004-11-01,441.7,443.0,439.0,439.3,315
2004-11-02,437.6,437.6,430.0,432.0,638
2004-11-03,433.8,438.0,433.8,436.8,1180
2004-11-04,441.0,446.0,438.5,442.6,2403
2004-11-05,440.5,448.0,440.0,447.0,264
2004-11-08,448.3,448.3,444.5,446.4,453
2004-11-09,446.7,450.5,445.8,449.1,327
2004-11-10,449.2,450.6,446.0,447.6,359
2004-11-11,447.2,448.5,447.2,448.5,193
2004-11-12,450.1,452.5,447.0,451.1,296
2004-11-15,453.0,453.0,449.5,450.1,1780
2004-11-16,449.6,454.0,449.6,453.5,701
2004-11-17,457.0,459.5,452.6,458.1,950
2004-11-18,455.0,459.3,454.5,456.2,2318
2004-11-19,456.9,461.8,455.7,460.8,431
2004-11-22,461.0,463.0,460.0,463.0,727
2004-11-23,461.5,463.3,461.0,461.8,1240
2004-11-24,461.7,463.8,461.3,463.3,2994
2004-11-29,465.6,471.0,464.2,467.7,1363
2004-11-30,468.4,469.0,462.0,465.0,528
2004-12-01,466.4,470.5,466.0,467.7,1947
2004-12-02,470.5,470.5,462.7,464.1,417
2004-12-03,463.0,469.3,462.5,469.3,278
2004-12-06,469.3,469.3,464.2,467.4,50
2004-12-07,465.5,467.3,465.0,465.1,438
2004-12-08,457.5,460.6,446.0,449.9,453
2004-12-09,453.1,453.1,444.5,448.0,384
2004-12-10,447.0,448.5,444.9,446.2,391
2004-12-13,446.9,451.8,446.9,451.3,63
2004-12-14,450.8,451.1,447.5,448.4,97
2004-12-15,448.3,455.0,448.3,453.4,255
2004-12-16,455.0,455.0,449.6,449.6,97
2004-12-17,451.4,454.5,450.5,454.5,238
2004-12-20,455.9,457.5,454.0,455.4,22
2004-12-21,455.7,455.7,454.4,454.8,92
2004-12-22,456.0,456.0,452.0,453.3,317
2004-12-23,453.2,455.5,453.2,454.8,35
2004-12-27,456.0,459.0,455.0,458.2,193
2004-12-28,458.7,458.7,457.0,457.5,284
2004-12-29,456.0,456.0,448.0,449.0,483
2004-12-30,448.1,452.0,447.6,450.4,250
2005-01-03,445.9,446.4,440.0,441.7,229
2005-01-04,439.0,443.0,437.0,441.0,1129
2005-01-05,439.4,442.0,437.5,439.3,1660
2005-01-06,438.0,440.0,433.0,433.6,1028
2005-01-07,434.0,435.1,423.3,431.5,614
2005-01-10,433.0,434.3,431.0,431.7,166
2005-01-11,434.2,435.3,433.5,434.4,239
2005-01-12,434.4,440.0,434.4,438.8,229
2005-01-13,439.2,439.3,436.0,437.3,277
2005-01-14,433.8,437.0,433.0,435.2,949
2005-01-18,434.8,436.5,434.0,435.7,262
2005-01-19,438.2,439.6,435.0,435.4,118
2005-01-20,435.0,435.6,432.0,434.6,915
2005-01-21,435.8,439.5,435.8,438.8,729
2005-01-24,439.5,440.1,439.0,439.1,550
2005-01-25,439.1,439.1,433.7,434.1,436
2005-01-26,434.1,439.7,434.0,438.9,672
2005-01-27,438.1,439.5,436.0,438.2,707
2005-01-28,438.8,439.9,437.5,437.9,338
2005-01-31,438.7,438.7,431.5,433.9,404
2005-02-01,434.0,434.3,432.0,432.8,169
2005-02-02,433.3,433.8,432.1,432.9,119
2005-02-03,429.0,432.8,426.5,428.5,141
2005-02-04,429.0,429.5,425.0,425.8,208
2005-02-07,426.4,428.0,423.9,425.3,141
2005-02-08,423.0,425.7,422.1,424.1,241
2005-02-09,423.8,424.5,421.5,424.2,987
2005-02-10,425.5,430.2,423.2,428.5,617
2005-02-11,429.0,433.8,428.8,431.8,210
2005-02-14,432.4,438.0,432.4,437.3,690
2005-02-15,437.2,437.7,435.0,437.4,690
2005-02-16,437.3,437.5,434.0,437.1,1438
2005-02-17,437.0,439.6,436.2,438.8,78
2005-02-18,439.1,439.8,437.8,438.7,222
2005-02-22,440.3,447.0,440.3,446.3,388
2005-02-23,447.0,448.0,444.0,446.6,1165
2005-02-24,446.0,449.0,444.0,446.3,551
2005-02-25,446.0,447.0,443.7,446.7,181
2005-02-28,446.9,449.5,446.9,448.2,370
2005-03-01,447.3,447.3,443.0,444.4,398
2005-03-02,443.4,445.1,441.5,444.3,1749
2005-03-03,442.7,443.3,440.5,441.4,253
2005-03-04,441.4,447.0,441.0,445.7,883
2005-03-07,446.3,447.0,444.0,446.5,368
2005-03-08,447.0,452.0,447.0,451.8,939
2005-03-09,452.7,454.5,451.0,453.7,1669
2005-03-10,453.0,454.5,452.2,454.2,471
2005-03-11,453.0,458.5,452.0,457.8,2239
2005-03-14,455.8,456.0,452.0,452.6,156
2005-03-15,452.5,456.2,452.0,452.4,297
2005-03-16,452.5,456.0,452.4,455.2,672
2005-03-17,455.5,455.5,449.0,450.1,448
2005-03-18,450.4,451.4,446.3,450.7,324
2005-03-21,448.5,452.8,440.7,442.4,1316
2005-03-22,442.1,443.8,441.5,442.5,269
2005-03-23,438.1,439.5,435.0,436.3,925
2005-03-24,435.7,437.5,435.5,435.8,518
2005-03-28,435.7,437.5,434.5,437.0,432
2005-03-29,437.0,438.0,436.5,437.1,727
2005-03-30,437.3,439.5,437.0,438.0,994
2005-03-31,437.7,440.5,437.7,439.6,494
2005-04-01,439.2,439.5,435.5,436.8,861
2005-04-04,437.0,437.2,433.1,434.4,474
2005-04-05,434.9,436.1,434.0,434.9,1916
2005-04-06,435.4,438.3,435.0,437.5,176
2005-04-07,437.0,438.0,436.5,436.7,100
2005-04-08,436.0,437.8,434.5,437.1,144
2005-04-11,437.4,439.8,436.8,438.7,349
2005-04-12,438.3,440.8,436.5,437.6,582
2005-04-13,439.0,439.5,438.0,439.3,355
2005-04-14,439.1,439.2,432.0,433.8,1006
2005-04-15,433.8,436.0,433.5,434.4,796
2005-04-18,434.1,437.6,433.4,436.8,1415
2005-04-19,437.0,442.9,437.0,442.2,285
2005-04-20,442.5,445.8,441.6,444.7,650
2005-04-21,444.5,445.0,441.6,442.4,151
2005-04-22,442.0,445.5,442.0,443.6,229
2005-04-25,443.6,444.5,442.0,443.9,665
2005-04-26,447.0,447.5,445.1,447.2,740
2005-04-27,446.7,446.7,441.5,442.3,381
2005-04-28,442.3,443.5,440.0,440.5,574
2005-04-29,440.2,446.5,440.0,444.2,1626
2005-05-02,444.0,444.0,437.5,438.6,717
2005-05-03,439.0,439.2,435.8,435.9,936
2005-05-04,436.5,439.2,436.5,438.1,1707
2005-05-05,438.7,440.4,437.0,438.8,823
2005-05-06,439.3,440.0,432.7,435.0,1094
2005-05-09,435.0,435.5,433.4,435.0,1210
2005-05-10,435.2,437.3,435.2,436.1,776
2005-05-11,435.3,437.4,434.2,436.2,3725
2005-05-12,436.0,436.2,429.0,430.4,2644
2005-05-13,430.6,431.1,427.5,428.8,4425
2005-05-16,428.4,428.4,426.0,427.3,595
2005-05-17,427.6,429.7,427.4,427.8,791
2005-05-18,428.0,430.0,427.0,429.8,835
2005-05-19,429.7,431.0,427.5,428.8,1404
2005-05-20,429.0,429.0,425.0,425.9,2510
2005-05-23,425.8,426.8,425.0,425.0,915
2005-05-24,425.6,428.0,425.0,425.7,1806
2005-05-25,426.5,427.5,425.2,427.0,2621
2005-05-26,427.6,427.9,425.5,426.1,6099
2005-05-27,425.6,429.0,425.6,428.0,1358
2005-05-31,428.0,428.5,421.0,424.3,1621
2005-06-01,425.0,425.2,421.7,423.1,969
2005-06-02,423.7,431.5,423.1,430.2,1013
2005-06-03,429.7,432.5,429.2,431.2,786
2005-06-06,430.2,435.0,430.2,433.8,759
2005-06-07,433.2,435.0,431.6,432.3,4497
2005-06-08,432.6,434.0,432.0,432.2,257
2005-06-09,431.2,432.5,429.0,431.7,813
2005-06-10,431.2,435.5,429.7,434.9,1171
2005-06-13,435.4,438.1,432.0,436.7,515
2005-06-14,436.6,436.6,434.2,434.9,265
2005-06-15,434.6,437.5,434.0,436.6,2516
2005-06-16,436.6,444.4,436.0,443.6,1701
2005-06-17,443.0,447.1,443.0,445.7,1416
2005-06-20,443.7,448.6,443.7,445.7,1061
2005-06-21,445.8,446.5,441.7,446.2,3037
2005-06-22,446.8,446.8,443.7,445.5,2693
2005-06-23,446.0,450.0,443.7,449.0,2729
2005-06-24,449.0,451.0,446.0,447.8,581
2005-06-27,447.6,447.8,446.0,447.5,4652
2005-06-28,447.4,447.4,443.0,443.5,819
2005-06-29,443.0,445.6,441.3,444.4,5085
2005-06-30,444.7,446.0,442.5,443.0,1421
2005-07-01,442.5,444.0,434.0,434.7,5634
2005-07-05,434.1,435.3,428.5,429.8,2149
2005-07-06,430.3,431.7,429.8,430.4,2323
2005-07-07,430.9,435.7,428.0,430.1,2168
2005-07-08,430.9,432.0,428.5,429.7,3967
2005-07-11,430.4,433.5,430.0,432.2,1974
2005-07-12,432.1,434.3,431.5,433.1,4796
2005-07-13,433.2,433.8,430.1,430.5,7021
2005-07-14,430.7,431.0,425.3,426.1,14897
2005-07-15,426.3,427.4,424.2,427.1,5026
2005-07-18,427.4,428.8,426.2,426.9,5840
2005-07-19,426.9,428.0,424.5,426.0,14232
2005-07-20,426.5,429.5,425.8,427.9,7782
2005-07-21,428.9,432.0,428.9,431.6,22937
2005-07-22,432.0,432.7,430.2,430.9,20342
2005-07-25,431.0,432.4,430.0,431.8,43254
2005-07-26,431.9,431.9,428.3,429.3,37929
2005-07-27,429.3,431.8,427.7,430.6,52501
2005-07-28,430.9,434.7,430.3,433.3,70592
2005-07-29,433.6,436.5,432.9,435.8,42173
2005-08-01,435.4,438.3,434.7,437.7,37170
2005-08-02,437.4,438.8,436.6,437.7,38325
2005-08-03,437.8,443.0,436.4,442.7,64550
2005-08-04,442.5,445.0,441.2,443.7,65161
2005-08-05,443.6,444.8,442.4,442.8,53378
2005-08-08,442.7,443.3,439.6,440.3,42182
2005-08-09,440.3,441.3,438.4,439.8,30543
2005-08-10,439.8,442.6,439.6,442.0,30245
2005-08-11,442.1,452.7,442.1,450.9,98426
2005-08-12,450.7,455.3,449.1,451.4,62362
2005-08-15,451.5,452.1,446.3,447.6,45614
2005-08-16,447.1,451.8,445.7,451.5,52431
2005-08-17,451.6,452.1,443.4,445.2,60139
2005-08-18,445.3,447.7,443.1,444.7,50822
2005-08-19,444.8,446.0,441.0,442.2,43707
2005-08-22,441.4,445.7,440.8,443.0,34647
2005-08-23,443.2,445.5,442.8,444.3,23924
2005-08-24,444.1,445.7,440.6,442.2,53746
2005-08-25,442.2,444.6,441.9,443.1,27130
2005-08-26,443.3,444.8,440.5,442.1,36334
2005-08-29,442.8,445.3,441.1,441.4,31803
2005-08-30,441.3,441.9,433.5,435.5,117874
2005-08-31,435.6,438.8,435.3,438.1,55271
2005-09-01,438.4,449.5,438.3,446.5,88444
2005-09-02,446.6,451.4,445.8,448.5,46134
2005-09-06,449.4,450.3,447.0,448.6,32062
2005-09-07,448.7,450.2,447.3,449.0,37860
2005-09-08,448.6,453.9,447.8,450.7,65902
2005-09-09,450.6,453.6,449.7,453.0,41505
2005-09-12,453.7,455.8,451.2,453.7,34502
2005-09-13,453.7,453.9,448.3,450.0,53310
2005-09-14,450.1,454.4,449.9,453.7,50508
2005-09-15,453.8,459.7,452.4,459.3,94297
2005-09-16,459.3,464.0,457.8,463.3,68967
2005-09-19,463.0,472.4,462.0,470.4,80356
2005-09-20,470.0,474.9,467.2,470.0,61596
2005-09-21,470.0,473.6,467.4,472.6,54422
2005-09-22,473.3,479.0,466.8,470.3,88680
2005-09-23,470.2,470.2,464.3,467.2,55002
2005-09-26,466.4,470.5,462.3,469.5,61123
2005-09-27,469.5,470.9,461.2,466.2,76192
2005-09-28,466.0,473.7,464.7,473.1,75376
2005-09-29,473.1,477.0,471.4,475.8,60669
2005-09-30,476.1,477.8,471.1,472.3,58946
2005-10-03,471.5,472.2,467.2,469.3,44951
2005-10-04,469.0,472.7,467.4,469.3,43497
2005-10-05,469.4,470.1,465.9,469.3,44643
2005-10-06,469.2,475.9,467.5,475.0,69312
2005-10-07,475.0,479.1,472.5,477.7,64576
2005-10-10,477.9,482.0,475.2,478.0,40461
2005-10-11,477.9,481.5,477.4,479.8,38886
2005-10-12,479.6,483.1,474.3,476.6,69555
2005-10-13,475.9,477.0,470.3,473.8,57424
2005-10-14,474.1,474.8,468.3,471.8,62117
2005-10-17,471.6,478.0,471.1,476.6,43350
2005-10-18,476.2,477.0,472.8,474.6,31493
2005-10-19,474.4,474.5,464.0,465.8,78685
2005-10-20,465.8,467.4,462.0,463.2,59338
2005-10-21,463.5,469.6,462.7,469.1,50879
2005-10-24,468.4,470.8,465.2,467.0,44591
2005-10-25,467.2,475.8,466.3,474.7,56507
2005-10-26,475.0,476.1,472.7,473.0,40262
2005-10-27,473.1,477.8,471.9,475.6,52349
2005-10-28,475.6,476.6,471.2,474.8,43015
2005-10-31,474.7,475.6,466.5,466.9,64712
2005-11-01,466.5,468.3,459.5,460.6,96592
2005-11-02,460.8,465.5,460.2,464.6,45202
2005-11-03,464.6,466.6,460.2,461.9,56540
2005-11-04,462.2,465.7,456.1,457.9,67074
2005-11-07,458.0,460.6,457.2,460.4,45717
2005-11-08,460.4,463.8,457.7,462.3,44237
2005-11-09,462.3,469.0,461.1,467.5,61755
2005-11-10,467.5,470.9,466.0,467.7,51275
2005-11-11,467.6,470.0,465.7,469.4,31702
2005-11-14,469.6,471.8,467.5,469.1,41788
2005-11-15,469.0,470.8,467.2,469.0,39986
2005-11-16,469.0,479.4,468.3,479.1,90220
2005-11-17,478.9,487.8,478.0,486.9,90605
2005-11-18,486.8,489.6,484.3,486.2,73748
2005-11-21,485.2,490.5,485.0,489.5,109640
2005-11-22,489.3,495.9,489.3,492.9,98163
2005-11-23,492.9,494.5,487.5,492.3,74565
2005-11-28,496.4,499.3,493.2,498.3,109050
2005-11-29,498.7,502.3,494.3,499.1,42519
2005-11-30,499.1,500.0,492.3,494.6,5688
2005-12-01,494.2,503.0,490.5,502.5,2665
2005-12-02,503.0,507.0,500.0,503.3,1610
2005-12-05,504.5,509.7,503.5,508.9,431
2005-12-06,509.2,511.2,504.5,510.2,720
2005-12-07,510.7,517.0,509.3,514.3,985
2005-12-08,514.6,520.0,512.0,519.3,337
2005-12-09,520.4,531.0,520.0,527.0,472
2005-12-12,526.5,538.5,526.5,528.4,995
2005-12-13,528.4,530.7,520.0,521.0,583
2005-12-14,521.0,521.0,506.0,506.5,712
2005-12-15,506.0,509.0,501.0,503.9,378
2003-03-31,343.3,343.3,343.3,343.3,0
2003-04-01,341.4,341.4,341.4,341.4,0
2003-04-02,337.1,337.1,337.1,337.1,0
2003-04-03,332.4,332.4,332.4,332.4,0
2003-04-04,332.3,332.3,332.3,332.3,0
2003-04-07,328.7,328.7,328.7,328.7,0
2003-04-08,329.4,329.4,329.4,329.4,0
2003-04-09,332.5,332.5,332.5,332.5,0
2003-04-10,333.7,333.7,333.7,333.7,0
2003-04-11,335.1,335.1,335.1,335.1,550
2003-04-14,332.1,332.1,332.1,332.1,0
2003-04-15,332.6,332.6,332.6,332.6,0
2003-04-16,331.5,333.3,331.5,333.3,7
2003-04-17,334.6,334.6,334.6,334.6,0
2003-04-21,341.2,341.2,341.2,341.2,209
2003-04-22,342.2,342.2,342.2,342.2,300
2003-04-23,339.4,339.4,339.4,339.4,0
2003-04-24,342.6,342.6,342.6,342.6,0
2003-04-25,340.7,340.7,340.7,340.7,0
2003-04-28,341.8,341.8,341.8,341.8,0
2003-04-29,341.2,341.2,341.2,341.2,0
2003-04-30,346.5,346.5,346.5,346.5,0
2003-05-01,349.1,349.1,349.1,349.1,0
2003-05-02,348.0,348.0,348.0,348.0,0
2003-05-05,349.5,349.5,349.5,349.5,0
2003-05-06,349.8,349.8,349.8,349.8,0
2003-05-07,348.5,348.5,348.5,348.5,0
2003-05-08,354.9,354.9,354.9,354.9,220
2003-05-09,355.2,355.2,355.2,355.2,0
2003-05-12,358.2,358.2,358.2,358.2,0
2003-05-13,356.8,356.8,356.8,356.8,250
2003-05-14,358.9,358.9,358.9,358.9,0
2003-05-15,359.5,359.5,359.5,359.5,0
2003-05-16,361.4,361.4,361.4,361.4,0
2003-05-19,370.9,370.9,370.9,370.9,0
2003-05-20,373.2,373.2,373.2,373.2,100
2003-05-21,379.0,379.0,379.0,379.0,0
2003-05-22,374.9,374.9,374.9,374.9,100
2003-05-23,375.3,375.3,375.3,375.3,0
2003-05-27,374.4,374.4,374.4,374.4,0
2003-05-28,371.4,371.4,371.4,371.4,0
2003-05-29,375.7,375.7,375.7,375.7,0
2003-05-30,370.6,370.6,370.6,370.6,0
2003-06-02,372.2,372.2,372.2,372.2,0
2003-06-03,371.3,371.3,371.3,371.3,0
2003-06-04,368.4,368.4,368.4,368.4,0
2003-06-05,374.1,374.1,374.1,374.1,0
2003-06-06,369.4,369.4,369.4,369.4,0
2003-06-09,367.3,367.3,367.3,367.3,0
2003-06-10,357.2,357.2,357.2,357.2,0
2003-06-11,360.6,360.6,360.6,360.6,0
2003-06-12,358.1,358.1,358.1,358.1,0
2003-06-13,361.4,361.4,361.4,361.4,0
2003-06-16,364.0,364.0,364.0,364.0,0
2003-06-17,368.4,368.4,368.4,368.4,0
2003-06-18,362.5,362.5,362.5,362.5,0
2003-06-19,366.2,366.2,366.2,366.2,0
2003-06-20,361.1,361.1,361.1,361.1,0
2003-06-23,357.7,357.7,357.7,357.7,0
2003-06-24,351.0,351.0,351.0,351.0,0
2003-06-25,353.7,353.7,353.7,353.7,0
2003-06-26,349.1,349.1,349.1,349.1,0
2003-06-27,350.6,350.6,350.6,350.6,0
2003-06-30,351.3,351.3,351.3,351.3,0
2003-07-01,356.9,356.9,356.9,356.9,0
2003-07-02,357.0,357.0,357.0,357.0,0
2003-07-03,356.6,356.6,356.6,356.6,0
2003-07-07,353.9,353.9,353.9,353.9,0
2003-07-08,350.0,350.0,350.0,350.0,0
2003-07-09,351.5,351.5,349.5,349.5,16
2003-07-10,350.3,350.3,350.3,350.3,0
2003-07-11,350.9,350.9,350.9,350.9,0
2003-07-14,353.6,353.6,353.6,353.6,0
2003-07-15,348.5,348.5,348.5,348.5,430
2003-07-16,349.8,349.8,349.8,349.8,0
2003-07-17,350.8,350.8,350.8,350.8,0
2003-07-18,353.8,353.8,353.8,353.8,0
2003-07-21,357.8,357.8,357.8,357.8,0
2003-07-22,357.8,357.8,357.8,357.8,0
2003-07-23,365.6,365.6,365.6,365.6,0
2003-07-24,369.3,369.3,369.3,369.3,0
2003-07-25,369.8,369.8,369.8,369.8,0
2003-07-28,372.1,372.1,372.1,372.1,0
2003-07-29,369.3,369.3,369.3,369.3,0
2003-07-30,363.6,363.6,363.6,363.6,0
2003-07-31,363.6,363.6,361.9,361.9,1
2003-08-01,354.5,354.5,354.5,354.5,0
2003-08-04,357.3,357.3,357.3,357.3,0
2003-08-05,357.7,357.7,357.7,357.7,0
2003-08-06,358.9,358.9,358.9,358.9,0
2003-08-07,360.5,360.5,360.5,360.5,0
2003-08-08,363.9,363.9,363.9,363.9,0
2003-08-11,369.7,369.7,369.7,369.7,0
2003-08-12,366.4,366.4,366.4,366.4,0
2003-08-13,370.4,370.4,370.4,370.4,0
2003-08-14,374.4,374.4,374.4,374.4,0
2003-08-15,371.6,371.6,371.6,371.6,0
2003-08-18,366.7,366.7,366.7,366.7,0
2003-08-19,369.6,369.6,369.6,369.6,0
2003-08-20,373.5,373.5,373.5,373.5,0
2003-08-21,368.2,368.2,368.2,368.2,0
2003-08-22,370.6,370.6,370.6,370.6,0
2003-08-25,368.9,368.9,368.9,368.9,0
2003-08-26,373.3,373.3,373.3,373.3,0
2003-08-27,380.6,380.6,380.6,380.6,0
2003-08-28,378.1,378.1,378.1,378.1,0
2003-08-29,383.3,383.3,383.3,383.3,0
2003-09-02,381.3,381.3,381.3,381.3,0
2003-09-03,382.0,382.0,382.0,382.0,0
2003-09-04,380.9,380.9,380.9,380.9,0
2003-09-05,384.9,384.9,384.9,384.9,0
2003-09-08,382.3,382.3,382.3,382.3,0
2003-09-09,389.0,389.0,389.0,389.0,0
2003-09-10,387.1,387.1,387.1,387.1,0
2003-09-11,386.0,386.8,386.0,386.8,2
2003-09-12,382.0,382.0,382.0,382.0,0
2003-09-15,381.0,381.0,381.0,381.0,25
2003-09-16,380.0,380.0,380.0,380.0,0
2003-09-17,382.5,382.5,382.5,382.5,0
2003-09-18,383.0,383.0,383.0,383.0,68
2003-09-19,388.3,388.3,388.3,388.3,350
2003-09-22,393.8,393.8,393.8,393.8,75
2003-09-23,392.5,392.5,392.5,392.5,0
2003-09-24,393.5,393.5,393.3,393.3,11
2003-09-25,390.8,390.8,390.8,390.8,0
2003-09-26,386.5,386.5,386.5,386.5,0
2003-09-29,388.1,388.1,388.1,388.1,100
2003-09-30,390.8,390.8,390.8,390.8,100
2003-10-01,389.7,389.7,389.7,389.7,0
2003-10-02,388.7,388.7,388.7,388.7,79
2003-10-03,388.7,388.7,375.4,375.4,31
2003-10-06,378.8,378.8,378.8,378.8,20
2003-10-07,382.9,382.9,382.9,382.9,10
2003-10-08,381.1,381.1,381.1,381.1,210
2003-10-09,375.0,375.0,375.0,375.0,0
2003-10-10,379.2,379.2,379.2,379.2,100
2003-10-13,380.8,380.8,380.8,380.8,0
2003-10-14,381.3,381.3,381.3,381.3,0
2003-10-15,378.6,378.6,378.6,378.6,260
2003-10-16,380.3,380.3,378.8,378.8,51
2003-10-17,378.0,378.0,378.0,378.0,0
2003-10-20,380.3,380.3,380.3,380.3,237
2003-10-21,387.7,387.7,387.7,387.7,65
2003-10-22,392.2,392.2,392.2,392.2,0
2003-10-23,389.9,390.6,389.9,390.6,0
2003-10-24,394.7,394.7,394.7,394.7,5
2003-10-27,393.6,393.6,393.6,393.6,0
2003-10-28,388.8,388.8,388.8,388.8,0
2003-10-29,391.9,391.9,391.9,391.9,1410
2003-10-30,390.1,390.1,390.1,390.1,120
2003-10-31,390.2,390.2,390.2,390.2,1
2003-11-03,382.8,382.8,382.8,382.8,0
2003-11-04,385.3,385.3,385.3,385.3,100
2003-11-05,388.0,388.0,388.0,388.0,1
2003-11-06,386.5,386.5,386.5,386.5,0
2003-11-07,389.4,389.4,389.4,389.4,0
2003-11-10,392.7,392.7,392.7,392.7,0
2003-11-11,394.5,394.5,394.5,394.5,100
2003-11-12,401.8,401.8,401.8,401.8,0
2003-11-13,400.6,401.0,400.6,401.0,517
2003-11-14,404.7,404.7,404.7,404.7,20
2003-11-17,398.2,398.2,398.2,398.2,65
2003-11-18,404.4,404.4,404.4,404.4,50
2003-11-19,401.7,401.7,401.7,401.7,0
2003-11-20,400.5,400.5,400.5,400.5,0
2003-11-21,402.8,402.8,402.8,402.8,25
2003-11-24,398.5,398.5,398.5,398.5,160
2003-11-25,398.2,398.2,398.2,398.2,0
2003-11-26,404.1,404.1,404.1,404.1,0
2003-12-01,410.1,410.1,410.1,410.1,0
2003-12-02,411.0,411.0,411.0,411.0,0
2003-12-03,411.2,411.2,411.2,411.2,0
2003-12-04,409.3,410.6,408.0,410.6,33
2003-12-05,413.2,413.2,413.2,413.2,55
2003-12-08,413.4,413.4,413.4,413.4,0
2003-12-09,415.0,415.0,414.8,414.8,24
2003-12-10,413.0,413.0,413.0,413.0,0
2003-12-11,411.4,411.4,411.4,411.4,0
2003-12-12,415.8,415.8,415.8,415.8,0
2003-12-15,415.6,415.6,415.6,415.6,0
2003-12-16,414.1,414.1,414.1,414.1,0
2003-12-17,418.5,418.5,418.4,418.4,10
2003-12-18,414.5,416.9,414.5,416.9,5
2003-12-19,415.8,415.8,415.7,415.7,5
2003-12-22,417.1,417.1,417.1,417.1,0
2003-12-23,416.7,417.5,416.7,417.5,436
2003-12-24,418.7,418.7,418.7,418.7,0
2003-12-29,421.0,421.3,421.0,421.3,1
2003-12-30,423.2,423.2,423.2,423.2,0
2003-12-31,422.1,422.1,422.1,422.1,25
2004-01-05,425.0,431.0,425.0,431.0,25
2004-01-06,433.0,433.0,428.5,429.2,44
2004-01-07,428.3,428.3,428.3,428.3,161
2004-01-08,425.8,430.3,425.8,430.3,275
2004-01-09,430.5,433.5,430.5,432.3,52
2004-01-12,432.3,432.3,431.7,431.9,162
2004-01-13,429.4,429.4,429.4,429.4,20
2004-01-14,424.0,427.3,424.0,427.3,1
2004-01-15,419.0,419.2,414.0,414.1,39
2004-01-16,412.5,412.5,412.5,412.5,5
2004-01-20,417.0,418.5,417.0,418.5,28
2004-01-21,416.8,416.8,416.8,416.8,0
2004-01-22,416.7,418.5,415.7,415.7,119
2004-01-23,413.8,413.8,413.8,413.8,0
2004-01-26,412.5,412.5,412.5,412.5,57
2004-01-27,416.0,417.7,415.8,415.8,52
2004-01-28,416.0,420.4,415.3,420.4,118
2004-01-29,403.0,404.4,403.0,404.4,66
2004-01-30,407.0,407.9,406.5,407.9,43
2004-02-02,404.3,404.3,404.3,404.3,0
2004-02-03,404.8,404.8,404.8,404.8,1
2004-02-04,406.5,406.5,406.5,406.5,0
2004-02-05,403.7,403.7,403.7,403.7,0
2004-02-06,409.0,409.0,409.0,409.0,0
2004-02-09,412.4,412.4,412.4,412.4,10
2004-02-10,414.5,414.5,412.1,412.1,265
2004-02-11,415.7,415.7,415.7,415.7,5
2004-02-12,419.2,419.2,419.2,419.2,141
2004-02-13,417.0,417.0,415.7,415.7,141
2004-02-17,421.4,421.4,421.4,421.4,141
2004-02-18,417.4,417.4,417.4,417.4,141
2004-02-19,415.0,415.0,415.0,415.0,0
2004-02-20,410.5,410.5,402.7,402.7,60
2004-02-23,404.0,404.0,404.0,404.0,0
2004-02-24,409.5,409.5,409.5,409.5,55
2004-02-25,404.0,404.0,400.7,400.7,18
2004-02-26,398.0,400.1,398.0,400.1,102
2004-02-27,401.3,401.3,401.3,401.3,0
2004-03-01,404.1,404.1,404.1,404.1,30
2004-03-02,402.0,402.0,398.3,398.3,4
2004-03-03,396.0,397.3,396.0,397.3,322
2004-03-04,397.8,397.8,397.8,397.8,0
2004-03-05,403.0,406.0,402.8,406.0,322
2004-03-08,405.3,405.3,405.3,405.3,1
2004-03-09,406.0,408.9,406.0,408.9,205
2004-03-10,406.8,406.8,402.8,404.7,182
2004-03-11,405.4,405.4,405.4,405.4,0
2004-03-12,400.0,400.0,400.0,400.0,0
2004-03-15,404.0,404.0,404.0,404.0,32
2004-03-16,406.6,407.3,406.6,407.1,200
2004-03-17,411.6,411.6,411.6,411.6,0
2004-03-18,412.5,418.5,412.5,415.8,109
2004-03-19,416.5,417.2,415.8,417.2,52
2004-03-22,422.2,422.2,422.2,422.2,284
2004-03-23,420.4,425.2,420.4,424.6,103
2004-03-24,422.5,423.2,420.4,422.0,381
2004-03-25,421.0,421.5,421.0,421.5,262
2004-03-26,422.8,427.0,422.8,426.8,598
2004-03-29,424.7,424.7,421.9,421.9,150
2004-03-30,425.2,426.6,425.2,426.6,455
2004-03-31,428.9,432.2,428.8,432.2,586
2004-04-01,435.0,435.0,429.0,432.9,225
2004-04-02,431.9,431.9,425.5,427.1,35
2004-04-05,423.0,423.0,420.9,420.9,16
2004-04-06,422.8,425.5,422.8,424.4,3
2004-04-07,428.0,428.2,428.0,428.2,6
2004-04-08,425.2,425.2,425.2,425.2,0
2004-04-12,424.5,425.4,424.5,425.4,1
2004-04-13,413.0,414.0,411.5,412.3,267
2004-04-14,409.5,410.0,405.2,405.2,21
2004-04-15,402.5,403.0,402.5,403.0,56
2004-04-16,406.3,406.3,406.3,406.3,0
2004-04-19,406.5,406.5,405.9,405.9,0
2004-04-20,403.3,403.3,402.9,402.9,26
2004-04-21,400.0,400.0,394.5,396.0,295
2004-04-22,396.5,398.5,396.5,398.3,59
2004-04-23,400.0,400.3,398.9,400.3,123
2004-04-26,402.8,402.8,401.2,401.2,81
2004-04-27,403.6,403.6,403.6,403.6,5
2004-04-28,396.5,396.5,390.0,390.3,300
2004-04-29,390.0,391.5,386.0,391.5,227
2004-04-30,394.0,394.0,391.9,391.9,11
2004-05-03,393.0,393.0,391.9,391.9,8
2004-05-04,396.0,397.8,396.0,396.3,246
2004-05-05,398.4,398.4,398.4,398.4,217
2004-05-06,396.0,398.4,393.1,393.1,70
2004-05-07,390.0,390.0,384.0,384.1,257
2004-05-10,381.0,383.6,377.3,383.6,198
2004-05-11,382.0,383.8,380.0,382.1,22
2004-05-12,385.0,389.2,382.6,382.6,109
2004-05-13,379.0,379.7,379.0,379.7,312
2004-05-14,379.0,381.8,379.0,381.8,217
2004-05-17,387.5,388.5,383.5,384.3,88
2004-05-18,382.0,382.0,380.6,380.6,89
2004-05-19,385.2,387.9,385.2,387.9,75
2004-05-20,385.5,385.5,383.4,383.4,90
2004-05-21,391.0,391.0,389.9,389.9,75
2004-05-24,391.0,391.5,390.0,390.7,162
2004-05-25,392.5,394.5,392.5,393.5,133
2004-05-26,393.5,393.5,393.5,393.5,0
2004-05-27,399.0,400.2,399.0,400.2,238
2004-05-28,399.8,400.7,398.0,399.0,325
2004-06-01,400.2,401.0,399.7,399.7,143
2004-06-02,398.7,398.7,396.0,396.7,53
2004-06-03,395.9,395.9,393.1,393.1,63
2004-06-04,392.0,396.0,392.0,396.0,301
2004-06-07,397.9,399.8,397.8,398.8,26
2004-06-08,396.1,396.1,396.1,396.1,115
2004-06-09,396.6,396.6,389.0,389.5,235
2004-06-10,389.7,392.2,389.7,390.9,321
2004-06-14,387.8,388.8,387.8,388.8,467
2004-06-15,389.5,393.1,389.5,393.1,156
2004-06-16,391.0,391.0,389.6,389.6,135
2004-06-17,393.9,393.9,393.9,393.9,23
2004-06-18,398.5,401.0,398.0,400.1,83
2004-06-21,399.3,399.3,398.9,398.9,2
2004-06-22,399.7,401.5,399.7,399.9,8
2004-06-23,399.9,399.9,399.9,399.9,0
2004-06-24,400.5,407.7,400.5,407.7,881
2004-06-25,407.4,407.4,407.4,407.4,45
2004-06-28,410.7,410.7,405.7,405.7,166
2004-06-29,401.0,403.0,396.0,397.0,289
2004-06-30,397.2,397.2,397.2,397.2,169
2004-07-01,399.2,400.6,399.2,400.6,384
2004-07-02,400.9,403.0,400.9,402.8,91
2004-07-06,400.0,403.0,397.1,397.1,66
2004-07-07,402.3,407.1,402.3,407.1,890
2004-07-08,405.3,412.6,405.3,412.6,1497
2004-07-09,411.4,412.4,411.0,412.3,1165
2004-07-12,411.3,412.8,411.0,412.8,175
2004-07-13,409.3,409.3,405.5,406.7,827
2004-07-14,410.2,410.2,408.0,409.9,2738
2004-07-15,410.2,410.2,408.2,408.7,332
2004-07-16,410.5,412.7,410.5,411.1,417
2004-07-19,411.1,411.1,410.1,410.1,93
2004-07-20,408.5,408.5,405.0,406.4,55
2004-07-21,404.8,404.8,400.0,401.6,345
2004-07-22,403.0,403.0,399.6,399.6,1159
2004-07-23,396.0,397.5,392.5,394.5,76
2004-07-26,396.1,396.5,394.5,394.5,1394
2004-07-27,396.5,398.0,391.0,391.3,2006
2004-07-28,390.0,393.9,390.0,393.3,158
2004-07-29,394.7,395.2,391.3,391.3,654
2004-07-30,393.6,395.2,393.3,395.2,338
2004-08-02,398.0,398.0,395.6,395.9,1212
2004-08-03,394.8,398.1,394.8,398.1,2411
2004-08-04,395.5,397.2,394.3,396.3,742
2004-08-05,397.2,397.2,395.0,396.4,405
2004-08-06,397.3,404.5,397.3,403.6,392
2004-08-09,403.0,404.5,403.0,404.5,167
2004-08-10,403.0,404.0,402.9,403.8,83
2004-08-11,401.7,401.7,397.8,399.4,113
2004-08-12,399.5,400.0,398.1,398.1,192
2004-08-13,398.0,404.5,397.1,402.6,141
2004-08-16,404.4,406.7,404.4,406.7,38
2004-08-17,404.2,408.5,404.2,408.2,190
2004-08-18,407.5,408.1,405.3,408.1,171
2004-08-19,410.4,411.5,410.2,410.8,399
2004-08-20,409.7,419.5,409.2,417.0,567
2004-08-23,414.9,415.0,414.0,414.3,30
2004-08-24,413.1,413.1,406.3,406.6,790
2004-08-25,408.8,411.6,408.8,411.6,305
2004-08-26,413.0,413.0,409.8,411.2,323
2004-08-27,412.1,412.1,406.0,407.0,48
2004-08-30,408.3,412.3,408.3,411.6,313
2004-08-31,412.5,414.0,412.5,414.0,445
2004-09-01,412.5,412.5,411.5,412.4,256
2004-09-02,412.0,412.5,409.6,409.6,230
2004-09-03,409.5,409.5,403.8,404.1,370
2004-09-07,405.0,405.0,400.6,400.9,2021
2004-09-08,399.5,403.5,398.7,402.9,1464
2004-09-09,402.2,403.1,401.0,401.9,103
2004-09-10,402.2,406.0,402.2,405.3,237
2004-09-13,405.5,407.7,402.4,407.5,302
2004-09-14,407.5,410.5,407.5,409.0,244
2004-09-15,408.5,408.7,407.0,408.3,288
2004-09-16,407.5,408.0,406.5,408.0,209
2004-09-17,409.8,410.7,407.0,409.1,110
2004-09-20,408.5,408.9,407.9,408.5,168
2004-09-21,412.5,414.0,409.6,411.6,686
2004-09-22,413.0,413.3,408.1,410.5,304
2004-09-23,410.6,415.5,410.3,414.1,914
2004-09-24,413.9,413.9,410.5,411.3,313
2004-09-27,411.3,413.5,411.3,412.3,510
2004-09-28,414.1,416.7,414.1,415.8,1362
2004-09-29,415.5,418.0,414.6,416.3,311
2004-09-30,415.5,422.3,415.3,422.0,975
2004-10-01,421.0,423.0,420.0,422.8,807
2004-10-04,419.0,421.8,415.0,417.2,524
2004-10-05,417.2,423.0,417.2,421.4,403
2004-10-06,422.0,423.3,420.0,421.6,830
2004-10-07,422.1,423.0,420.5,421.1,282
2004-10-08,421.4,426.7,420.7,426.1,568
2004-10-11,424.5,425.8,424.5,425.0,183
2004-10-12,422.5,425.3,416.0,418.2,1119
2004-10-13,417.8,418.0,412.5,416.2,1318
2004-10-14,419.0,422.0,417.3,421.1,2089
2004-10-15,422.5,424.0,420.7,421.7,472
2004-10-18,421.7,423.5,419.0,419.2,1198
2004-10-19,419.5,424.0,417.8,423.2,606
2004-10-20,425.5,429.0,422.7,426.4,2622
2004-10-21,427.9,429.0,424.5,427.2,2069
2004-10-22,424.3,428.0,424.3,427.2,1084
2004-10-25,432.9,434.0,430.5,431.6,1718
2004-10-26,428.7,431.7,428.0,429.3,1347
2004-10-27,430.5,431.5,426.0,427.3,3978
2004-10-28,424.4,430.0,423.0,427.8,2551
2004-10-29,427.5,431.5,427.0,431.2,4733
2004-11-01,434.9,434.9,429.1,429.9,2219
2004-11-02,429.9,429.9,420.0,422.5,1286
2004-11-03,426.5,428.0,422.0,427.1,1095
2004-11-04,430.3,436.6,428.4,432.6,5328
2004-11-05,432.0,436.9,427.5,436.1,4588
2004-11-08,437.1,437.9,433.5,435.3,6998
2004-11-09,436.2,439.5,434.5,438.2,13123
2004-11-10,435.3,440.3,435.2,436.6,6873
2004-11-11,436.8,438.4,434.7,437.5,3205
2004-11-12,439.3,441.8,436.7,440.4,7325
2004-11-15,441.0,442.6,438.4,439.4,4320
2004-11-16,440.5,443.5,438.4,442.6,20916
2004-11-17,444.5,447.5,441.5,447.2,9794
2004-11-18,445.5,448.5,442.3,445.1,22407
2004-11-19,445.5,450.7,444.0,449.2,29470
2004-11-22,449.0,451.4,448.2,451.2,58759
2004-11-23,451.5,452.2,448.4,450.2,61817
2004-11-24,450.5,451.9,449.3,451.5,92819
2004-11-29,452.8,457.0,451.5,455.8,87152
2004-11-30,455.8,456.1,450.0,453.2,65490
2004-12-01,453.4,457.7,452.4,455.9,52421
2004-12-02,456.0,458.7,448.7,452.3,72101
2004-12-03,452.4,458.2,450.1,457.8,62060
2004-12-06,457.4,458.3,452.7,455.9,37254
2004-12-07,456.1,456.9,453.2,453.7,32598
2004-12-08,453.6,453.7,435.0,438.7,132634
2004-12-09,439.0,443.0,434.0,437.2,68206
2004-12-10,438.3,439.7,432.9,435.3,53759
2004-12-13,436.2,441.6,435.7,440.3,49007
2004-12-14,439.0,441.3,436.5,437.3,33702
2004-12-15,437.3,443.2,436.7,442.2,49417
2004-12-16,442.3,444.4,437.3,438.2,56521
2004-12-17,438.0,443.6,437.2,442.9,40723
2004-12-20,443.0,445.6,442.3,443.6,28927
2004-12-21,443.7,444.8,441.7,442.9,24139
2004-12-22,443.1,444.2,440.1,441.4,23355
2004-12-23,441.6,444.0,440.8,442.9,22434
2004-12-27,443.4,446.7,443.4,446.2,22082
2004-12-28,446.2,446.6,444.0,445.3,19771
2004-12-29,444.8,445.7,434.4,437.0,67906
2004-12-30,437.2,439.8,434.7,438.4,32949
2005-01-03,438.9,438.9,427.8,429.7,82846
2005-01-04,430.4,431.3,424.8,429.2,54829
2005-01-05,429.0,429.3,425.9,427.3,43721
2005-01-06,425.7,428.3,421.1,421.6,65179
2005-01-07,422.0,425.8,417.2,419.5,97972
2005-01-10,419.9,422.3,418.4,419.7,34177
2005-01-11,421.3,423.3,419.6,422.4,46900
2005-01-12,421.7,428.3,421.1,426.6,64043
2005-01-13,424.1,427.3,423.6,425.1,35087
2005-01-14,425.2,426.1,420.7,423.0,30925
2005-01-18,422.0,424.2,421.4,423.5,27493
2005-01-19,425.0,427.2,422.6,423.3,40265
2005-01-20,423.1,423.4,420.3,422.6,40731
2005-01-21,423.0,428.5,421.3,426.9,58178
2005-01-24,426.7,428.2,426.7,427.1,50721
2005-01-25,427.1,428.1,421.0,422.1,86019
2005-01-26,423.5,427.8,421.4,426.9,90235
2005-01-27,426.9,428.1,424.0,426.3,66923
2005-01-28,426.1,427.5,424.0,425.8,41282
2005-01-31,426.0,426.5,419.3,421.8,6857
2005-02-01,421.6,422.3,419.2,420.8,1461
2005-02-02,421.8,422.3,419.8,421.1,426
2005-02-03,416.5,421.3,414.7,416.6,574
2005-02-04,416.4,417.8,413.7,414.0,320
2005-02-07,414.1,416.0,412.5,413.6,534
2005-02-08,413.0,413.6,410.1,412.6,1432
2005-02-09,412.2,413.8,410.3,412.9,1300
2005-02-10,413.7,418.5,412.5,417.2,397
2005-02-11,416.8,422.0,416.8,420.5,801
2005-02-14,420.0,425.8,420.0,425.8,55
2005-02-15,425.9,426.2,424.0,425.9,113
2003-11-26,409.8,409.8,409.8,409.8,0
2003-12-01,416.2,416.2,416.2,416.2,0
2003-12-02,417.1,417.1,417.1,417.1,0
2003-12-03,417.3,417.3,417.3,417.3,100
2003-12-04,416.9,416.9,416.9,416.9,0
2003-12-05,419.1,419.1,419.1,419.1,0
2003-12-08,419.1,419.1,419.1,419.1,0
2003-12-09,420.5,420.5,420.5,420.5,130
2003-12-10,418.9,418.9,418.9,418.9,0
2003-12-11,417.3,417.3,417.3,417.3,0
2003-12-12,421.5,421.5,421.5,421.5,0
2003-12-15,421.3,421.3,421.3,421.3,0
2003-12-16,419.8,419.8,419.8,419.8,0
2003-12-17,423.9,423.9,423.9,423.9,0
2003-12-18,422.6,422.6,422.6,422.6,0
2003-12-19,421.4,421.4,421.4,421.4,0
2003-12-22,422.8,422.8,422.8,422.8,0
2003-12-23,423.4,423.4,423.4,423.4,0
2003-12-24,424.6,424.6,424.6,424.6,0
2003-12-29,427.2,427.2,427.2,427.2,0
2003-12-30,428.9,428.9,428.9,428.9,0
2003-12-31,427.8,427.8,427.8,427.8,0
2004-01-05,437.0,437.0,437.0,437.0,0
2004-01-06,434.7,434.7,434.7,434.7,0
2004-01-07,433.7,433.7,433.7,433.7,0
2004-01-08,435.7,435.7,435.7,435.7,0
2004-01-09,436.9,436.9,436.9,436.9,0
2004-01-12,436.4,436.4,436.4,436.4,0
2004-01-13,434.0,434.0,434.0,434.0,0
2004-01-14,431.9,431.9,431.9,431.9,0
2004-01-15,418.7,418.7,418.7,418.7,0
2004-01-16,417.1,417.1,417.1,417.1,0
2004-01-20,423.3,423.3,423.3,423.3,0
2004-01-21,421.5,421.5,421.5,421.5,0
2004-01-22,420.3,420.3,420.3,420.3,0
2004-01-23,418.6,418.6,418.6,418.6,0
2004-01-26,417.5,417.5,417.5,417.5,50
2004-01-27,420.7,420.7,420.7,420.7,0
2004-01-28,425.3,425.3,425.3,425.3,0
2004-01-29,409.7,409.7,409.7,409.7,0
2004-01-30,413.1,413.1,413.1,413.1,0
2004-02-02,409.5,409.5,409.5,409.5,0
2004-02-03,409.8,409.8,409.8,409.8,0
2004-02-04,411.6,411.6,411.6,411.6,0
2004-02-05,409.1,409.1,409.1,409.1,0
2004-02-06,414.3,414.3,414.3,414.3,0
2004-02-09,417.6,417.6,417.6,417.6,0
2004-02-10,417.5,417.5,417.5,417.5,0
2004-02-11,421.1,421.1,421.1,421.1,0
2004-02-12,424.6,424.6,424.6,424.6,0
2004-02-13,420.9,420.9,420.9,420.9,0
2004-02-17,426.6,426.6,426.6,426.6,0
2004-02-18,422.2,422.2,422.2,422.2,0
2004-02-19,419.8,419.8,419.8,419.8,0
2004-02-20,407.2,407.2,407.2,407.2,0
2004-02-23,408.6,408.6,408.6,408.6,0
2004-02-24,414.0,414.0,414.0,414.0,0
2004-02-25,405.2,405.2,405.2,405.2,0
2004-02-26,404.6,404.6,404.6,404.6,0
2004-02-27,405.8,405.8,405.8,405.8,0
2004-03-01,408.6,408.6,408.6,408.6,0
2004-03-02,407.0,407.0,401.5,403.0,2
2004-03-03,402.0,402.0,402.0,402.0,1
2004-03-04,402.4,402.4,402.4,402.4,0
2004-03-05,410.1,410.1,410.1,410.1,0
2004-03-08,409.4,409.4,409.4,409.4,0
2004-03-09,412.9,412.9,412.9,412.9,0
2004-03-10,408.7,408.7,408.7,408.7,0
2004-03-11,409.4,409.4,409.4,409.4,0
2004-03-12,404.0,404.0,404.0,404.0,0
2004-03-15,408.0,408.0,408.0,408.0,0
2004-03-16,411.3,411.3,411.3,411.3,0
2004-03-17,415.8,415.8,415.8,415.8,0
2004-03-18,420.0,420.0,420.0,420.0,0
2004-03-19,421.4,421.4,421.4,421.4,0
2004-03-22,426.5,426.5,426.5,426.5,0
2004-03-23,428.9,428.9,428.9,428.9,0
2004-03-24,426.3,426.3,426.3,426.3,0
2004-03-25,425.8,425.8,425.8,425.8,0
2004-03-26,431.3,431.3,431.3,431.3,0
2004-03-29,426.5,426.5,426.5,426.5,0
2004-03-30,431.2,431.2,431.2,431.2,0
2004-03-31,437.2,437.2,437.2,437.2,0
2004-04-01,438.0,438.0,438.0,438.0,0
2004-04-02,432.9,432.9,432.9,432.9,0
2004-04-05,426.7,426.7,426.7,426.7,0
2004-04-06,430.2,430.2,430.2,430.2,0
2004-04-07,434.0,434.0,434.0,434.0,0
2004-04-08,431.1,431.1,431.1,431.1,0
2004-04-12,431.3,431.3,431.3,431.3,0
2004-04-13,418.4,418.4,418.4,418.4,0
2004-04-14,411.7,411.7,411.7,411.7,0
2004-04-15,411.7,411.7,409.5,409.5,1
2004-04-16,412.8,412.8,412.8,412.8,0
2004-04-19,412.4,412.4,412.4,412.4,0
2004-04-20,409.3,409.3,409.3,409.3,0
2004-04-21,402.6,402.6,402.6,402.6,0
2004-04-22,404.6,404.6,404.6,404.6,0
2004-04-23,407.0,407.0,407.0,407.0,0
2004-04-26,407.9,407.9,407.9,407.9,0
2004-04-27,410.2,410.2,410.2,410.2,0
2004-04-28,396.9,396.9,396.9,396.9,0
2004-04-29,398.2,398.2,398.2,398.2,0
2004-04-30,398.6,398.6,398.6,398.6,0
2004-05-03,398.6,398.6,398.6,398.6,0
2004-05-04,403.0,403.0,403.0,403.0,0
2004-05-05,405.4,405.4,405.4,405.4,200
2004-05-06,400.3,400.3,400.3,400.3,0
2004-05-07,391.8,391.8,391.8,391.8,0
2004-05-10,391.2,391.2,391.2,391.2,0
2004-05-11,389.8,389.8,389.8,389.8,0
2004-05-12,390.3,390.3,390.3,390.3,0
2004-05-13,386.8,386.8,386.8,386.8,0
2004-05-14,389.0,389.0,389.0,389.0,0
2004-05-17,391.4,391.4,391.4,391.4,0
2004-05-18,387.7,387.7,387.7,387.7,0
2004-05-19,395.1,395.1,395.1,395.1,0
2004-05-20,390.5,390.5,390.5,390.5,0
2004-05-21,396.9,396.9,396.9,396.9,0
2004-05-24,398.0,398.0,398.0,398.0,0
2004-05-25,400.8,400.8,400.8,400.8,0
2004-05-26,400.8,400.8,400.8,400.8,0
2004-05-27,407.1,407.1,407.1,407.1,0
2004-05-28,406.1,406.1,406.1,406.1,0
2004-06-01,407.3,407.3,407.3,407.3,0
2004-06-02,404.3,404.3,404.3,404.3,0
2004-06-03,400.7,400.7,400.7,400.7,0
2004-06-04,403.9,403.9,403.9,403.9,0
2004-06-07,406.7,406.7,406.7,406.7,0
2004-06-08,404.0,404.0,404.0,404.0,0
2004-06-09,397.4,397.4,397.4,397.4,0
2004-06-10,399.0,399.0,399.0,399.0,0
2004-06-14,397.1,397.1,397.1,397.1,0
2004-06-15,401.0,401.0,401.0,401.0,0
2004-06-16,397.5,397.5,397.5,397.5,5
2004-06-17,401.7,401.7,401.7,401.7,0
2004-06-18,407.7,407.7,407.7,407.7,5
2004-06-21,406.5,406.5,406.5,406.5,0
2004-06-22,407.7,407.7,407.7,407.7,0
2004-06-23,407.7,407.7,407.7,407.7,0
2004-06-24,412.5,415.5,412.5,415.5,4
2004-06-25,415.2,415.2,415.2,415.2,4
2004-06-28,413.7,413.7,413.7,413.7,100
2004-06-29,404.8,404.8,404.8,404.8,0
2004-06-30,405.0,405.0,405.0,405.0,0
2004-07-01,408.2,408.2,408.2,408.2,0
2004-07-02,410.0,410.0,410.0,410.0,0
2004-07-06,404.3,404.3,404.3,404.3,0
2004-07-07,414.3,414.3,414.3,414.3,0
2004-07-08,419.9,419.9,419.9,419.9,0
2004-07-09,419.6,419.6,419.6,419.6,0
2004-07-12,420.1,420.1,420.1,420.1,0
2004-07-13,414.1,414.1,414.1,414.1,0
2004-07-14,417.3,417.3,417.3,417.3,0
2004-07-15,416.1,416.1,416.1,416.1,0
2004-07-16,418.5,418.5,418.5,418.5,0
2004-07-19,417.5,417.5,417.5,417.5,0
2004-07-20,413.8,413.8,413.8,413.8,0
2004-07-21,409.2,409.2,409.2,409.2,0
2004-07-22,407.2,407.2,407.2,407.2,0
2004-07-23,401.9,401.9,401.9,401.9,0
2004-07-26,401.9,401.9,401.9,401.9,0
2004-07-27,398.9,398.9,398.9,398.9,0
2004-07-28,401.0,401.0,401.0,401.0,0
2004-07-29,399.0,399.0,399.0,399.0,0
2004-07-30,402.9,402.9,402.9,402.9,0
2004-08-02,403.4,403.4,403.4,403.4,0
2004-08-03,405.6,405.6,405.6,405.6,0
2004-08-04,403.6,403.6,403.6,403.6,0
2004-08-05,403.7,403.7,403.7,403.7,0
2004-08-06,410.5,410.5,410.5,410.5,10
2004-08-09,411.4,411.4,411.4,411.4,0
2004-08-10,410.7,410.7,410.7,410.7,0
2004-08-11,406.3,406.3,406.3,406.3,0
2004-08-12,405.0,405.0,405.0,405.0,0
2004-08-13,409.5,409.5,409.5,409.5,0
2004-08-16,413.6,413.6,413.6,413.6,0
2004-08-17,415.1,415.1,415.1,415.1,0
2004-08-18,415.0,415.0,415.0,415.0,0
2004-08-19,417.7,417.7,417.7,417.7,0
2004-08-20,423.9,423.9,423.9,423.9,0
2004-08-23,421.2,421.2,421.2,421.2,0
2004-08-24,413.6,413.6,413.6,413.6,1
2004-08-25,418.6,418.6,418.6,418.6,0
2004-08-26,418.2,418.2,418.2,418.2,0
2004-08-27,414.0,414.0,414.0,414.0,0
2004-08-30,418.6,418.6,418.6,418.6,0
2004-08-31,421.0,421.0,421.0,421.0,400
2004-09-01,419.3,419.3,419.3,419.3,0
2004-09-02,416.4,416.4,416.4,416.4,0
2004-09-03,411.0,411.0,411.0,411.0,0
2004-09-07,408.5,408.5,408.0,408.0,5
2004-09-08,410.0,410.0,410.0,410.0,10
2004-09-09,409.0,409.0,409.0,409.0,0
2004-09-10,412.4,412.4,412.4,412.4,0
2004-09-13,414.6,414.6,414.6,414.6,0
2004-09-14,416.1,416.1,416.1,416.1,0
2004-09-15,415.3,415.3,415.3,415.3,0
2004-09-16,414.7,414.7,414.7,414.7,0
2004-09-17,415.9,415.9,415.9,415.9,0
2004-09-20,415.3,415.3,415.3,415.3,0
2004-09-21,418.5,418.5,418.5,418.5,0
2004-09-22,417.5,417.5,417.5,417.5,217
2004-09-23,421.1,421.1,421.1,421.1,0
2004-09-24,418.5,418.5,418.5,418.5,0
2004-09-27,419.5,419.5,419.5,419.5,0
2004-09-28,423.0,423.0,423.0,423.0,3
2004-09-29,423.6,423.6,423.5,423.5,1
2004-09-30,429.3,429.3,429.3,429.3,145
2004-10-01,430.1,430.1,430.1,430.1,223
2004-10-04,424.7,424.7,424.7,424.7,0
2004-10-05,428.9,428.9,428.9,428.9,0
2004-10-06,430.5,430.5,429.2,429.2,176
2004-10-07,428.7,428.7,428.7,428.7,0
2004-10-08,433.6,433.6,433.6,433.6,366
2004-10-11,432.5,432.5,432.5,432.5,0
2004-10-12,425.6,425.6,425.6,425.6,555
2004-10-13,423.4,423.4,423.4,423.4,0
2004-10-14,428.3,428.3,428.3,428.3,0
2004-10-15,429.1,429.1,429.1,429.1,0
2004-10-18,426.6,426.6,426.6,426.6,104
2004-10-19,430.6,430.6,430.6,430.6,0
2004-10-20,435.0,435.0,433.6,433.6,175
2004-10-21,434.3,434.3,434.3,434.3,150
2004-10-22,434.2,434.2,434.2,434.2,0
2004-10-25,438.6,438.6,438.6,438.6,0
2004-10-26,436.3,436.3,436.3,436.3,10
2004-10-27,434.5,434.5,434.5,434.5,213
2004-10-28,435.1,435.1,435.1,435.1,120
2004-10-29,438.5,438.5,438.5,438.5,144
2004-11-01,437.3,437.3,437.3,437.3,212
2004-11-02,430.0,430.0,430.0,430.0,0
2004-11-03,434.7,434.7,434.7,434.7,35
2004-11-04,440.4,440.4,440.4,440.4,0
2004-11-05,444.6,444.6,444.6,444.6,528
2004-11-08,445.8,445.8,444.0,444.0,189
2004-11-09,445.0,446.8,445.0,446.8,57
2004-11-10,445.3,445.3,444.0,445.2,78
2004-11-11,446.1,446.1,446.1,446.1,0
2004-11-12,448.8,448.8,448.8,448.8,55
2004-11-15,447.8,447.8,447.8,447.8,305
2004-11-16,452.0,452.0,451.2,451.2,102
2004-11-17,455.8,455.8,455.8,455.8,126
2004-11-18,455.0,455.0,453.8,453.8,8
2004-11-19,458.0,458.3,458.0,458.3,1
2004-11-22,460.5,460.5,460.5,460.5,0
2004-11-23,459.4,459.4,459.4,459.4,0
2004-11-24,460.8,460.8,460.8,460.8,0
2004-11-29,465.2,465.2,465.2,465.2,5
2004-11-30,465.0,465.0,462.5,462.5,10
2004-12-01,463.5,465.2,463.5,465.2,2
2004-12-02,465.8,465.8,461.6,461.6,47
2004-12-03,466.9,466.9,466.9,466.9,198
2004-12-06,465.0,465.0,465.0,465.0,0
2004-12-07,462.7,462.7,462.7,462.7,0
2004-12-08,447.5,447.6,447.5,447.6,39
2004-12-09,447.4,447.4,445.8,445.8,4
2004-12-10,434.3,445.5,434.3,443.9,7
2004-12-13,449.0,449.0,449.0,449.0,8
2004-12-14,446.1,446.1,446.1,446.1,6
2004-12-15,451.0,451.0,451.0,451.0,219
2004-12-16,451.0,451.0,447.2,447.2,223
2004-12-17,452.1,452.1,452.1,452.1,0
2004-12-20,452.9,452.9,452.9,452.9,0
2004-12-21,451.7,452.3,451.0,452.3,17
2004-12-22,453.4,453.4,450.8,450.8,6
2004-12-23,452.3,452.3,452.3,452.3,0
2004-12-27,455.7,455.7,455.7,455.7,1
2004-12-28,456.0,456.2,454.5,454.9,306
2004-12-29,447.0,447.0,446.4,446.4,1
2004-12-30,447.8,447.8,447.8,447.8,0
2005-01-03,439.1,439.1,439.1,439.1,0
2005-01-04,435.0,438.5,435.0,438.5,167
2005-01-05,437.3,437.3,436.7,436.7,4
2005-01-06,431.0,431.0,431.0,431.0,20
2005-01-07,433.0,433.0,428.0,428.9,3
2005-01-10,430.0,431.0,429.1,429.1,5
2005-01-11,430.7,432.0,430.7,431.8,6
2005-01-12,431.8,436.2,431.0,436.2,2
2005-01-13,434.7,434.7,434.7,434.7,60
2005-01-14,432.6,432.6,432.6,432.6,80
2005-01-18,433.1,433.1,433.1,433.1,0
2005-01-19,432.8,432.8,432.8,432.8,0
2005-01-20,432.0,432.0,432.0,432.0,73
2005-01-21,436.0,436.2,436.0,436.2,84
2005-01-24,437.0,437.0,436.5,436.5,4
2005-01-25,431.5,431.5,431.5,431.5,4
2005-01-26,431.5,436.3,431.5,436.3,13
2005-01-27,437.0,437.0,435.6,435.6,13
2005-01-28,434.1,435.3,434.1,435.3,2
2005-01-31,431.3,431.3,431.3,431.3,0
2005-02-01,431.5,431.5,430.2,430.2,42
2005-02-02,429.5,430.4,429.5,430.3,46
2005-02-03,431.2,431.2,425.0,425.9,33
2005-02-04,423.2,423.2,423.2,423.2,16
2005-02-07,422.7,422.7,422.7,422.7,44
2005-02-08,419.5,421.5,419.5,421.5,111
2005-02-09,421.6,421.6,421.6,421.6,66
2005-02-10,422.3,425.9,422.1,425.9,23
2005-02-11,425.9,430.0,425.9,429.2,88
2005-02-14,434.0,434.7,434.0,434.7,1
2005-02-15,433.3,434.8,433.3,434.8,595
2005-02-16,434.4,434.4,434.4,434.4,338
2005-02-17,436.1,436.1,436.0,436.1,33
2005-02-18,436.0,436.0,436.0,436.0,70
2005-02-22,437.3,443.6,437.3,443.6,36
2005-02-23,441.5,443.9,440.5,443.9,33
2005-02-24,443.5,443.5,443.5,443.5,142
2005-02-25,443.9,443.9,443.9,443.9,55
2005-02-28,445.4,445.4,445.4,445.4,0
2005-03-01,441.0,441.7,440.4,441.7,748
2005-03-02,438.0,441.5,438.0,441.5,180
2005-03-03,438.6,438.6,438.6,438.6,163
2005-03-04,442.9,442.9,442.9,442.9,158
2005-03-07,443.2,443.7,443.2,443.7,2
2005-03-08,448.0,449.0,448.0,449.0,2
2005-03-09,450.0,450.9,449.6,450.9,302
2005-03-10,451.4,451.4,451.4,451.4,37
2005-03-11,455.0,455.0,454.9,454.9,25
2005-03-14,452.4,452.5,449.7,449.7,14
2005-03-15,449.5,449.5,449.5,449.5,26
2005-03-16,452.5,453.5,451.8,452.3,177
2005-03-17,452.0,452.0,447.2,447.2,5
2005-03-18,446.0,447.8,444.0,447.8,33
2005-03-21,441.5,441.5,439.5,439.5,185
2005-03-22,439.7,441.2,439.0,439.6,85
2005-03-23,433.4,433.4,433.4,433.4,82
2005-03-24,433.6,434.4,432.9,432.9,14
2005-03-28,434.7,434.7,434.1,434.1,9
2005-03-29,435.0,435.0,434.1,434.1,65
2005-03-30,434.2,435.0,434.2,435.0,23
2005-03-31,436.5,436.6,436.5,436.6,1
2005-04-01,435.0,436.0,433.8,433.8,25
2005-04-04,432.0,432.0,431.4,431.5,164
2005-04-05,432.0,432.0,432.0,432.0,69
2005-04-06,432.6,434.6,432.6,434.6,7
2005-04-07,434.0,434.6,433.8,433.8,6
2005-04-08,432.7,434.2,432.7,434.2,258
2005-04-11,434.5,436.7,433.8,435.8,48
2005-04-12,435.0,435.0,434.7,434.7,10
2005-04-13,436.6,436.6,436.0,436.4,56
2005-04-14,431.0,431.0,431.0,431.0,7
2005-04-15,430.7,431.7,430.7,431.7,10
2005-04-18,434.5,434.5,433.9,434.1,24
2005-04-19,435.0,440.0,435.0,439.5,292
2005-04-20,439.7,441.9,439.0,441.9,206
2005-04-21,439.7,439.7,439.6,439.6,1
2005-04-22,442.0,442.0,440.8,440.8,258
2005-04-25,441.0,441.1,441.0,441.1,15
2005-04-26,443.0,444.4,443.0,444.4,404
2005-04-27,441.1,442.4,438.9,439.5,20
2005-04-28,440.0,440.0,437.7,437.7,122
2005-04-29,439.5,443.5,439.5,441.4,244
2005-05-02,439.5,440.1,435.0,435.8,72
2005-05-03,436.0,436.0,433.1,433.1,54
2005-05-04,433.4,436.0,433.4,435.3,80
2005-05-05,435.0,436.0,435.0,436.0,18
2005-05-06,430.5,432.2,430.0,432.2,11
2005-05-09,431.8,432.5,431.2,432.2,25
2005-05-10,434.5,434.5,432.8,433.3,44
2005-05-11,434.4,434.4,433.4,433.4,2
2005-05-12,431.0,431.0,427.6,427.6,29
2005-05-13,427.6,427.6,425.0,426.0,101
2005-05-16,425.0,425.0,424.0,424.6,240
2005-05-17,425.0,425.7,425.0,425.1,65
2005-05-18,424.6,427.1,424.6,427.1,12
2005-05-19,427.7,427.7,425.0,426.0,233
2005-05-20,425.0,425.0,422.3,423.0,71
2005-05-23,423.0,423.5,422.2,422.2,332
2005-05-24,422.0,423.6,422.0,423.0,343
2005-05-25,423.2,424.4,423.0,424.3,407
2005-05-26,424.8,425.4,423.1,423.4,292
2005-05-27,423.7,425.5,423.0,425.2,57
2005-05-31,423.1,423.1,419.3,421.6,736
2005-06-01,421.6,421.6,420.2,420.4,191
2005-06-02,422.3,427.5,421.7,427.5,359
2005-06-03,428.0,430.0,427.7,428.5,194
2005-06-06,427.5,432.0,427.5,431.1,90
2005-06-07,431.6,431.6,428.4,429.5,2109
2005-06-08,429.4,430.5,429.4,429.4,101
2005-06-09,427.5,429.3,426.8,428.9,23
2005-06-10,427.3,432.1,427.3,432.1,39
2005-06-13,430.6,434.5,430.6,433.9,350
2005-06-14,433.4,433.5,431.4,432.1,339
2005-06-15,432.0,434.0,431.4,433.8,227
2005-06-16,434.2,441.8,434.2,440.8,834
2005-06-17,440.3,444.1,440.0,442.9,305
2005-06-20,442.8,446.0,441.3,442.9,678
2005-06-21,442.5,443.4,438.9,443.4,1110
2005-06-22,443.2,443.6,441.2,442.6,985
2005-06-23,443.1,447.0,440.8,446.1,343
2005-06-24,446.3,447.8,443.5,444.9,592
2005-06-27,444.0,445.3,443.0,444.6,717
2005-06-28,444.4,444.4,440.2,440.6,466
2005-06-29,439.7,442.8,438.5,441.5,807
2005-06-30,441.2,443.0,440.0,440.1,1017
2005-07-01,439.5,440.0,431.0,431.8,395
2005-07-05,431.2,431.6,425.8,426.9,735
2005-07-06,427.8,428.7,427.4,427.4,1569
2005-07-07,427.8,432.8,425.9,427.1,295
2005-07-08,428.4,429.0,425.3,426.7,515
2005-07-11,426.4,430.4,426.4,429.2,325
2005-07-12,429.5,431.1,428.8,430.1,3208
2005-07-13,430.7,430.7,427.0,427.6,408
2005-07-14,427.4,428.1,422.4,423.2,1051
2005-07-15,423.3,424.5,421.4,424.3,1544
2005-07-18,425.3,425.6,423.7,424.0,1891
2005-07-19,424.0,424.6,421.5,423.1,1488
2005-07-20,423.3,426.4,423.0,425.0,2058
2005-07-21,426.1,429.0,426.0,428.7,1310
2005-07-22,429.0,429.8,427.5,428.0,1020
2005-07-25,427.8,429.4,427.0,428.9,2487
2005-07-26,429.0,429.0,425.4,426.4,5191
2005-07-27,426.3,428.7,424.7,427.7,6621
2005-07-28,428.2,431.5,427.6,430.3,7730
2005-07-29,430.7,433.5,429.7,432.8,2137
2005-08-01,432.6,435.2,431.6,434.7,1476
2005-08-02,434.6,436.0,433.5,434.7,1075
2005-08-03,434.8,440.0,433.3,439.6,4420
2005-08-04,439.3,441.7,438.0,440.6,1453
2005-08-05,440.1,441.6,439.3,439.7,1434
2005-08-08,440.5,440.5,436.3,437.1,2888
2005-08-09,438.0,438.0,435.2,436.6,1732
2005-08-10,436.7,439.5,436.6,438.9,1358
2005-08-11,439.2,450.0,439.1,447.8,2105
2005-08-12,447.6,452.2,446.0,448.2,3647
2005-08-15,448.3,448.5,443.1,444.4,1623
2005-08-16,443.7,448.6,442.6,448.3,1967
2005-08-17,448.3,448.5,440.5,442.0,1870
2005-08-18,442.0,444.5,440.0,441.5,2968
2005-08-19,441.6,442.0,437.5,439.1,1611
2005-08-22,439.0,442.6,438.1,439.9,1329
2005-08-23,440.0,442.0,439.9,441.2,528
2005-08-24,441.2,442.5,437.3,439.1,1020
2005-08-25,438.8,441.2,438.8,440.0,724
2005-08-26,440.0,441.5,438.0,439.0,1041
2005-08-29,438.6,441.8,438.2,438.3,863
2005-08-30,438.0,438.7,430.7,432.5,6489
2005-08-31,432.5,435.7,432.3,435.1,4057
2005-09-01,436.6,446.5,436.4,443.5,2512
2005-09-02,443.4,448.0,443.0,445.4,4500
2005-09-06,445.9,446.8,444.0,445.5,1291
2005-09-07,444.6,447.0,444.0,446.0,1226
2005-09-08,445.6,451.0,445.2,447.7,993
2005-09-09,447.4,450.4,447.0,450.0,1207
2005-09-12,450.5,452.6,448.2,450.7,903
2005-09-13,450.5,450.7,445.5,447.0,1307
2005-09-14,447.3,451.0,447.3,450.7,740
2005-09-15,451.5,457.0,449.4,456.3,2962
2005-09-16,456.6,461.3,455.9,460.3,4482
2005-09-19,460.1,469.0,458.8,467.3,886
2005-09-20,466.2,471.4,464.3,466.8,2027
2005-09-21,466.4,470.0,464.4,469.4,95
2005-09-22,470.6,475.7,463.0,467.0,2308
2005-09-23,466.7,466.7,461.0,463.9,1822
2005-09-26,463.6,466.8,459.3,466.2,2149
2005-09-27,466.5,467.3,458.5,462.9,5089
2005-09-28,462.6,470.1,462.5,469.8,8788
2005-09-29,469.5,473.8,468.0,472.3,7799
2005-09-30,472.7,474.0,468.5,469.0,2926
2005-10-03,467.8,468.0,464.2,466.1,493
2005-10-04,466.8,468.8,465.3,466.1,210
2005-10-05,465.0,466.1,463.5,466.1,226
2005-10-06,465.6,471.9,465.6,471.9,243
2005-10-07,473.0,475.5,470.0,474.7,96
2005-10-10,474.8,477.3,473.6,475.1,248
2005-10-11,475.2,477.5,475.2,477.1,99
2005-10-12,478.5,478.5,473.3,473.9,49
2005-10-13,472.0,472.0,468.3,471.1,48
2005-10-14,469.3,469.3,467.0,469.2,113
2005-04-29,437.4,437.4,437.4,437.4,0
2005-05-02,431.8,431.8,431.8,431.8,0
2005-05-03,429.0,429.0,429.0,429.0,0
2005-05-04,431.3,431.3,431.3,431.3,0
2005-05-05,432.0,432.0,432.0,432.0,0
2005-05-06,428.2,428.2,428.2,428.2,0
2005-05-09,428.2,428.2,428.2,428.2,0
2005-05-10,429.2,429.2,429.2,429.2,0
2005-05-11,429.2,429.2,429.2,429.2,1
2005-05-12,423.5,423.5,423.5,423.5,0
2005-05-13,422.0,422.0,422.0,422.0,0
2005-05-16,420.6,420.6,420.6,420.6,0
2005-05-17,421.1,421.1,421.1,421.1,0
2005-05-18,423.2,423.2,423.2,423.2,0
2005-05-19,422.1,422.1,422.1,422.1,0
2005-05-20,419.0,419.0,419.0,419.0,0
2005-05-23,418.2,418.2,418.2,418.2,0
2005-05-24,419.0,419.0,419.0,419.0,0
2005-05-25,420.3,420.3,420.3,420.3,1
2005-05-26,419.4,419.4,419.4,419.4,0
2005-05-27,421.1,421.1,421.1,421.1,0
2005-05-31,417.6,417.6,417.6,417.6,0
2005-06-01,416.4,416.4,416.4,416.4,6
2005-06-02,423.6,423.6,423.6,423.6,0
2005-06-03,424.6,424.6,424.6,424.6,0
2005-06-06,427.3,427.3,427.3,427.3,0
2005-06-07,425.6,425.6,425.6,425.6,0
2005-06-08,426.1,426.1,425.5,425.5,2
2005-06-09,424.6,425.0,424.6,425.0,2
2005-06-10,428.2,428.2,428.2,428.2,0
2005-06-13,430.0,430.0,430.0,430.0,0
2005-06-14,428.2,428.2,428.2,428.2,0
2005-06-15,429.8,429.8,429.8,429.8,0
2005-06-16,436.8,436.8,436.8,436.8,0
2005-06-17,438.9,438.9,438.9,438.9,0
2005-06-20,438.9,438.9,438.9,438.9,0
2005-06-21,439.4,439.4,439.4,439.4,0
2005-06-22,438.4,438.4,438.4,438.4,0
2005-06-23,441.9,441.9,441.9,441.9,0
2005-06-24,440.7,440.7,440.7,440.7,0
2005-06-27,441.8,441.8,440.4,440.4,0
2005-06-28,436.4,436.4,436.4,436.4,0
2005-06-29,437.3,437.3,437.3,437.3,0
2005-06-30,435.9,435.9,435.9,435.9,0
2005-07-01,427.8,427.8,427.8,427.8,0
2005-07-05,422.9,422.9,422.9,422.9,0
2005-07-06,423.5,423.8,423.5,423.5,16
2005-07-07,423.3,423.3,423.3,423.3,125
2005-07-08,422.9,422.9,422.9,422.9,0
2005-07-11,425.5,425.5,425.5,425.5,0
2005-07-12,426.3,426.3,426.3,426.3,0
2005-07-13,423.9,423.9,423.9,423.9,70
2005-07-14,419.6,419.6,419.6,419.6,0
2005-07-15,420.7,420.7,420.7,420.7,0
2005-06-30,438.6,438.6,438.6,438.6,0
2005-07-01,430.3,430.3,430.3,430.3,0
2005-07-05,425.4,425.4,425.4,425.4,0
2005-07-06,425.9,425.9,425.9,425.9,0
2005-07-07,425.6,425.6,425.6,425.6,0
2005-07-08,425.2,425.2,425.2,425.2,0
2005-07-11,427.7,427.7,427.7,427.7,0
2005-07-12,428.6,428.6,428.6,428.6,0
2005-07-13,426.1,426.1,426.1,426.1,0
2005-07-14,421.7,421.7,421.7,421.7,0
2005-07-15,422.0,422.8,422.0,422.8,10
2005-07-18,422.5,422.5,422.5,422.5,0
2005-07-19,421.6,421.6,421.6,421.6,10
2005-07-20,423.5,423.5,423.5,423.5,0
2005-07-21,426.2,427.1,426.2,427.1,10
2005-07-22,426.4,426.4,426.4,426.4,0
2005-07-25,426.4,427.3,426.4,427.3,1
2005-07-26,424.9,424.9,424.9,424.9,1
2005-07-27,426.2,426.2,426.2,426.2,0
2005-07-28,428.8,428.8,428.8,428.8,0
2005-07-29,431.3,431.3,431.3,431.3,0
2005-08-01,433.3,433.3,433.3,433.3,0
2005-08-02,433.0,433.3,433.0,433.3,1
2005-08-03,438.2,438.2,438.2,438.2,0
2005-08-04,439.2,439.2,439.2,439.2,0
2005-08-05,438.4,438.4,438.4,438.4,0
2005-08-08,435.8,435.8,435.8,435.8,0
2005-08-09,435.2,435.2,435.2,435.2,0
2005-08-10,437.5,437.5,437.5,437.5,0
2005-08-11,446.4,446.4,446.4,446.4,0
2005-08-12,446.8,446.8,446.8,446.8,0
2005-08-15,443.0,443.0,443.0,443.0,1
2005-08-16,446.9,446.9,446.9,446.9,12437
2005-08-17,440.6,440.6,440.6,440.6,0
2005-08-18,440.1,440.1,440.1,440.1,0
2005-08-19,437.7,437.7,437.7,437.7,0
2005-08-22,438.5,438.5,438.5,438.5,0
2005-08-23,439.8,439.8,439.8,439.8,0
2005-08-24,437.7,437.7,437.7,437.7,0
2005-08-25,438.6,438.6,438.6,438.6,175
2005-08-26,439.0,439.0,437.6,437.6,2
2005-08-29,437.0,437.0,437.0,437.0,0
2005-08-30,431.2,431.2,431.2,431.2,0
2005-08-31,433.8,433.8,433.8,433.8,10
2005-09-01,438.5,442.5,438.5,442.3,4
2005-09-02,444.2,444.2,444.2,444.2,0
2005-09-06,444.4,444.4,444.4,444.4,0
2005-09-07,444.7,444.9,444.7,444.9,1006
2005-09-08,446.7,446.7,446.7,446.7,6
2005-09-09,449.0,449.0,449.0,449.0,0
2005-09-12,449.7,449.7,449.7,449.7,0
2005-09-13,446.1,446.1,446.1,446.1,0
2005-09-14,449.8,449.8,449.8,449.8,0
2005-09-15,455.5,455.5,455.5,455.5,0
2003-09-30,393.3,393.3,393.3,393.3,0
2003-10-01,392.2,392.2,392.2,392.2,0
2003-10-02,391.5,391.5,391.5,391.5,0
2003-10-03,378.5,378.5,378.5,378.5,0
2003-10-06,381.9,381.9,381.9,381.9,0
2003-10-07,385.7,385.7,385.7,385.7,0
2003-10-08,383.8,383.8,383.8,383.8,0
2003-10-09,377.7,377.7,377.7,377.7,0
2003-10-10,381.9,381.9,381.9,381.9,0
2003-10-13,379.0,383.5,379.0,383.5,2
2003-10-14,384.3,384.3,384.3,384.3,0
2003-10-15,381.6,381.6,381.6,381.6,275
2003-10-16,381.8,381.8,381.8,381.8,0
2003-10-17,381.1,381.1,381.1,381.1,0
2003-10-20,383.7,383.7,383.7,383.7,82
2003-10-21,390.9,390.9,390.9,390.9,240
2003-10-22,395.3,395.3,395.3,395.3,0
2003-10-23,393.7,393.7,393.7,393.7,0
2003-10-24,397.7,397.7,397.7,397.7,0
2003-10-27,396.6,396.6,396.6,396.6,0
2003-10-28,391.8,391.8,391.8,391.8,0
2003-10-29,394.6,394.6,394.6,394.6,0
2003-10-30,393.3,393.3,393.3,393.3,0
2003-10-31,393.2,393.2,393.2,393.2,0
2003-11-03,385.9,385.9,385.9,385.9,0
2003-11-04,388.2,388.2,388.2,388.2,0
2003-11-05,390.9,390.9,390.9,390.9,0
2003-11-06,389.6,389.6,389.6,389.6,0
2003-11-07,392.7,392.7,392.7,392.7,0
2003-11-10,396.3,396.3,396.3,396.3,0
2003-11-11,398.3,398.3,398.3,398.3,0
2003-11-12,405.8,405.8,405.8,405.8,0
2003-11-13,404.9,404.9,404.9,404.9,0
2003-11-14,408.5,408.5,408.5,408.5,0
2003-11-17,401.7,401.7,401.7,401.7,0
2003-11-18,408.1,408.1,408.1,408.1,0
2003-11-19,405.3,405.3,405.3,405.3,0
2003-11-20,404.1,404.1,404.1,404.1,0
2003-11-21,406.5,406.5,406.5,406.5,0
2003-11-24,402.5,402.5,402.5,402.5,0
2003-11-25,402.1,402.1,402.1,402.1,0
2003-11-26,408.3,408.3,408.3,408.3,10
2003-12-01,414.6,414.6,414.6,414.6,0
2003-12-02,414.0,415.5,414.0,415.5,1
2003-12-03,415.7,415.7,415.7,415.7,0
2003-12-04,415.2,415.2,415.2,415.2,0
2003-12-05,417.5,417.5,417.5,417.5,0
2003-12-08,417.5,417.5,417.5,417.5,0
2003-12-09,418.9,418.9,418.9,418.9,350
2003-12-10,417.3,417.3,417.3,417.3,10
2003-12-11,415.7,415.7,415.7,415.7,0
2003-12-12,419.9,419.9,419.9,419.9,0
2003-12-15,419.7,419.7,419.7,419.7,0
2003-12-16,418.2,418.2,418.2,418.2,0
2003-12-17,422.4,422.4,422.4,422.4,0
2003-12-18,421.0,421.0,421.0,421.0,0
2003-12-19,419.8,419.8,419.8,419.8,0
2003-12-22,421.2,421.2,421.2,421.2,0
2003-12-23,421.8,421.8,421.8,421.8,0
2003-12-24,423.0,423.0,423.0,423.0,0
2003-12-29,425.6,425.6,425.6,425.6,0
2003-12-30,427.4,427.4,427.4,427.4,80
2003-12-31,426.3,426.3,426.3,426.3,0
2004-01-05,435.4,435.4,435.4,435.4,0
2004-01-06,433.2,433.2,433.2,433.2,0
2004-01-07,432.2,432.2,432.2,432.2,0
2004-01-08,434.2,434.2,434.2,434.2,0
2004-01-09,435.6,435.6,435.6,435.6,0
2004-01-12,435.1,435.1,435.1,435.1,0
2004-01-13,432.7,432.7,432.7,432.7,0
2004-01-14,430.6,430.6,430.6,430.6,0
2004-01-15,417.4,417.4,417.4,417.4,0
2004-01-16,415.8,415.8,415.8,415.8,0
2004-01-20,421.9,421.9,421.9,421.9,100
2004-01-21,420.2,420.2,420.2,420.2,0
2004-01-22,419.0,419.0,419.0,419.0,0
2004-01-23,417.3,417.3,417.3,417.3,0
2004-01-26,416.1,416.1,416.1,416.1,0
2004-01-27,419.4,419.4,419.4,419.4,0
2004-01-28,424.0,424.0,424.0,424.0,0
2004-01-29,408.3,408.3,408.3,408.3,0
2004-01-30,411.7,411.7,411.7,411.7,0
2004-02-02,408.1,408.1,408.1,408.1,0
2004-02-03,408.4,408.4,408.4,408.4,0
2004-02-04,410.2,410.2,410.2,410.2,0
2004-02-05,407.6,407.6,407.6,407.6,0
2004-02-06,412.8,412.8,412.8,412.8,10
2004-02-09,416.2,416.2,416.2,416.2,0
2004-02-10,416.0,416.0,416.0,416.0,0
2004-02-11,419.6,419.6,419.6,419.6,0
2004-02-12,423.1,423.1,423.1,423.1,0
2004-02-13,419.5,419.5,419.5,419.5,0
2004-02-17,425.2,425.2,425.2,425.2,0
2004-02-18,420.8,420.8,420.8,420.8,0
2004-02-19,418.4,418.4,418.4,418.4,0
2004-02-20,405.8,405.8,405.8,405.8,89
2004-02-23,407.2,407.2,407.2,407.2,0
2004-02-24,410.7,412.7,410.7,412.7,29
2004-02-25,403.9,403.9,403.9,403.9,0
2004-02-26,403.3,403.3,403.3,403.3,0
2004-02-27,404.5,404.5,404.5,404.5,0
2004-03-01,407.3,407.3,407.3,407.3,0
2004-03-02,401.6,401.6,401.6,401.6,160
2004-03-03,400.6,400.6,400.6,400.6,589
2004-03-04,401.1,401.1,401.1,401.1,0
2004-03-05,408.9,408.9,408.9,408.9,178
2004-03-08,408.2,408.2,408.2,408.2,0
2004-03-09,411.7,411.7,411.7,411.7,0
2004-03-10,407.5,407.5,407.5,407.5,0
2004-03-11,408.2,408.2,408.2,408.2,0
2004-03-12,402.8,402.8,402.8,402.8,0
2004-03-15,406.8,406.8,406.8,406.8,0
2004-03-16,410.1,410.1,410.1,410.1,0
2004-03-17,414.6,414.6,414.6,414.6,0
2004-03-18,418.8,418.8,418.8,418.8,0
2004-03-19,420.2,420.8,420.2,420.2,0
2004-03-22,425.3,425.3,425.3,425.3,0
2004-03-23,427.7,427.7,427.7,427.7,0
2004-03-24,425.1,425.1,425.1,425.1,0
2004-03-25,424.6,424.6,424.6,424.6,0
2004-03-26,430.1,430.1,430.1,430.1,10
2004-03-29,425.2,425.2,425.2,425.2,0
2004-03-30,429.9,429.9,429.9,429.9,0
2004-03-31,435.8,435.8,435.8,435.8,0
2004-04-01,436.6,436.6,436.6,436.6,15
2004-04-02,431.3,431.3,431.3,431.3,10
2004-04-05,425.1,425.1,425.1,425.1,0
2004-04-06,428.6,428.6,428.6,428.6,0
2004-04-07,432.4,432.4,432.4,432.4,0
2004-04-08,429.4,429.4,429.4,429.4,0
2004-04-12,429.6,429.6,429.6,429.6,0
2004-04-13,416.7,416.7,416.7,416.7,0
2004-04-14,409.9,409.9,409.9,409.9,0
2004-04-15,407.7,407.7,407.7,407.7,10
2004-04-16,411.0,411.0,411.0,411.0,0
2004-04-19,410.6,410.6,410.6,410.6,0
2004-04-20,407.5,407.5,407.5,407.5,0
2004-04-21,400.8,400.8,400.8,400.8,100
2004-04-22,402.8,402.8,402.8,402.8,30
2004-04-23,405.1,405.1,405.1,405.1,0
2004-04-26,406.0,406.0,406.0,406.0,20
2004-04-27,408.3,408.3,408.3,408.3,0
2004-04-28,395.0,395.0,395.0,395.0,1
2004-04-29,396.3,396.3,396.3,396.3,0
2004-04-30,396.7,396.7,396.7,396.7,0
2004-05-03,396.7,396.7,396.7,396.7,0
2004-05-04,401.1,401.1,401.1,401.1,20
2004-05-05,403.5,403.5,403.5,403.5,0
2004-05-06,398.3,398.3,398.3,398.3,0
2004-05-07,389.6,389.6,389.6,389.6,0
2004-05-10,389.1,389.1,389.1,389.1,0
2004-05-11,387.6,387.6,387.6,387.6,0
2004-05-12,388.1,388.1,388.1,388.1,25
2004-05-13,384.8,384.8,384.8,384.8,0
2004-05-14,387.0,387.0,387.0,387.0,0
2004-05-17,389.4,389.4,389.4,389.4,0
2004-05-18,385.7,385.7,385.7,385.7,0
2004-05-19,393.1,393.1,393.1,393.1,3
2004-05-20,388.5,388.5,388.5,388.5,0
2004-05-21,395.0,395.0,395.0,395.0,0
2004-05-24,396.0,396.0,396.0,396.0,200
2004-05-25,398.8,398.8,398.8,398.8,244
2004-05-26,398.8,398.8,398.8,398.8,0
2004-05-27,405.2,405.2,405.2,405.2,220
2004-05-28,404.2,404.2,404.2,404.2,2
2004-06-01,405.2,405.2,405.2,405.2,58
2004-06-02,405.2,405.2,402.2,402.2,29
2004-06-03,398.6,398.6,398.6,398.6,0
2004-06-04,401.7,401.7,401.7,401.7,200
2004-06-07,403.5,404.5,403.5,404.5,104
2004-06-08,401.8,401.8,401.8,401.8,10
2004-06-09,395.2,395.2,395.2,395.2,0
2004-06-10,396.8,396.8,396.8,396.8,63
2004-06-14,393.5,394.9,393.5,394.9,35
2004-06-15,398.9,398.9,398.9,398.9,0
2004-06-16,395.4,395.4,395.4,395.4,2
2004-06-17,399.6,399.6,399.6,399.6,0
2004-06-18,405.7,405.7,405.7,405.7,80
2004-06-21,404.5,404.5,404.5,404.5,0
2004-06-22,405.6,405.6,405.6,405.6,0
2004-06-23,405.6,405.6,405.6,405.6,0
2004-06-24,413.4,413.4,413.4,413.4,0
2004-06-25,413.1,413.1,413.1,413.1,80
2004-06-28,411.5,411.5,411.5,411.5,0
2004-06-29,402.6,402.6,402.6,402.6,720
2004-06-30,402.8,402.8,402.8,402.8,0
2004-07-01,406.1,406.1,406.1,406.1,0
2004-07-02,405.4,408.0,405.4,408.0,10
2004-07-06,402.3,402.3,402.3,402.3,10
2004-07-07,407.6,412.3,407.6,412.3,5
2004-07-08,416.5,417.9,416.5,417.9,9
2004-07-09,417.6,417.6,417.6,417.6,17
2004-07-12,418.1,418.1,418.1,418.1,0
2004-07-13,412.1,412.1,412.1,412.1,0
2004-07-14,415.3,415.3,415.3,415.3,0
2004-07-15,414.1,414.1,414.1,414.1,50
2004-07-16,416.5,416.5,416.5,416.5,0
2004-07-19,415.5,415.5,415.5,415.5,0
2004-07-20,411.0,411.8,411.0,411.8,9
2004-07-21,407.1,407.1,407.1,407.1,2
2004-07-22,405.1,405.1,405.1,405.1,0
2004-07-23,399.9,399.9,399.9,399.9,641
2004-07-26,399.9,399.9,399.9,399.9,6
2004-07-27,396.0,396.8,396.0,396.8,10
2004-07-28,398.9,398.9,398.9,398.9,22
2004-07-29,396.9,396.9,396.9,396.9,22
2004-07-30,400.8,400.8,400.8,400.8,156
2004-08-02,401.4,401.4,401.4,401.4,0
2004-08-03,403.6,403.6,403.6,403.6,0
2004-08-04,401.6,401.6,401.6,401.6,0
2004-08-05,401.7,401.7,401.7,401.7,438
2004-08-06,408.6,408.6,408.6,408.6,15
2004-08-09,409.5,409.5,409.5,409.5,1196
2004-08-10,408.8,408.8,408.8,408.8,0
2004-08-11,404.4,404.4,404.4,404.4,194
2004-08-12,403.1,403.1,403.1,403.1,308
2004-08-13,407.6,407.6,407.6,407.6,647
2004-08-16,411.7,411.7,411.7,411.7,0
2004-08-17,413.2,413.2,413.2,413.2,0
2004-08-18,413.1,413.1,413.1,413.1,483
2004-08-19,415.8,415.8,415.8,415.8,794
2004-08-20,422.0,422.0,422.0,422.0,592
2004-08-23,419.3,419.3,419.3,419.3,343
2004-08-24,411.7,411.7,411.7,411.7,50
2004-08-25,416.7,416.7,416.7,416.7,157
2004-08-26,416.3,416.3,416.3,416.3,12
2004-08-27,412.1,412.1,412.1,412.1,552
2004-08-30,416.7,416.7,416.7,416.7,0
2004-08-31,419.1,419.1,419.1,419.1,0
2004-09-01,417.4,417.4,417.4,417.4,420
2004-09-02,414.6,414.6,414.6,414.6,102
2004-09-03,409.1,409.1,409.1,409.1,0
2004-09-07,406.1,406.1,406.1,406.1,0
2004-09-08,404.5,408.1,404.5,408.1,3
2004-09-09,407.1,407.1,407.1,407.1,5
2004-09-10,410.5,410.5,410.5,410.5,0
2004-09-13,412.7,412.7,412.7,412.7,225
2004-09-14,414.2,414.2,414.2,414.2,109
2004-09-15,413.5,413.5,413.5,413.5,2
2004-09-16,412.9,412.9,412.9,412.9,113
2004-09-17,414.1,414.1,414.1,414.1,0
2004-09-20,413.5,413.5,413.5,413.5,104
2004-09-21,416.7,416.7,416.7,416.7,0
2004-09-22,415.6,415.6,415.6,415.6,217
2004-09-23,419.2,419.2,419.2,419.2,0
2004-09-24,416.6,416.6,416.6,416.6,0
2004-09-27,417.5,417.6,417.5,417.6,4
2004-09-28,421.1,421.1,421.1,421.1,1
2004-09-29,421.6,421.6,421.6,421.6,0
2004-09-30,427.3,427.3,427.3,427.3,34
2004-10-01,428.1,428.1,428.1,428.1,0
2004-10-04,422.7,422.7,422.7,422.7,0
2004-10-05,425.0,426.9,425.0,426.9,11
2004-10-06,427.2,427.2,427.2,427.2,64
2004-10-07,426.7,426.7,426.7,426.7,0
2004-10-08,432.3,432.3,430.5,431.6,83
2004-10-11,430.5,430.5,430.5,430.5,0
2004-10-12,423.6,423.6,423.6,423.6,0
2004-10-13,421.5,421.5,421.5,421.5,28
2004-10-14,425.0,426.4,425.0,426.4,100
2004-10-15,427.1,427.1,427.1,427.1,90
2004-10-18,425.1,425.1,424.6,424.6,2
2004-10-19,428.6,428.6,428.6,428.6,125
2004-10-20,431.7,431.7,431.7,431.7,706
2004-10-21,433.1,433.1,432.3,432.4,777
2004-10-22,432.3,432.3,432.3,432.3,699
2004-10-25,436.7,436.7,436.7,436.7,0
2004-10-26,434.4,434.4,434.4,434.4,0
2004-10-27,432.5,432.5,432.5,432.5,12
2004-10-28,433.1,433.1,433.1,433.1,23
2004-10-29,436.5,436.5,436.5,436.5,0
2004-11-01,435.3,435.3,435.3,435.3,50
2004-11-02,434.3,434.3,426.0,428.0,14
2004-11-03,432.7,432.7,432.7,432.7,10
2004-11-04,438.3,438.3,438.3,438.3,241
2004-11-05,442.0,442.5,442.0,442.3,33
2004-11-08,441.7,441.7,441.7,441.7,30
2004-11-09,444.5,444.5,444.5,444.5,0
2004-11-10,444.5,444.5,442.9,442.9,92
2004-11-11,443.8,443.8,443.8,443.8,85
2004-11-12,448.5,448.5,446.6,446.6,165
2004-11-15,445.6,445.6,445.6,445.6,370
2004-11-16,449.0,449.0,449.0,449.0,0
2004-11-17,453.5,453.6,453.5,453.6,13
2004-11-18,451.5,451.5,451.4,451.5,48
2004-11-19,455.9,455.9,455.9,455.9,60
2004-11-22,455.3,458.1,455.3,458.1,301
2004-11-23,457.0,457.0,457.0,457.0,86
2004-11-24,456.9,458.3,456.9,458.3,21
2004-11-29,462.7,462.7,462.7,462.7,1
2004-11-30,460.0,460.0,460.0,460.0,142
2004-12-01,461.1,462.7,461.1,462.7,272
2004-12-02,459.1,459.1,459.1,459.1,33
2004-12-03,459.1,464.5,459.1,464.5,4
2004-12-06,462.6,462.6,462.6,462.6,10
2004-12-07,460.3,460.3,460.3,460.3,27
2004-12-08,458.3,458.3,445.0,445.3,43
2004-12-09,445.3,445.3,443.5,443.5,99
2004-12-10,443.0,443.0,441.6,441.6,401
2004-12-13,442.1,446.7,442.1,446.7,3
2004-12-14,443.8,443.8,443.8,443.8,0
2004-12-15,448.1,449.0,448.1,448.7,24
2004-12-16,444.8,444.8,444.8,444.8,10
2004-12-17,446.5,449.7,446.5,449.7,8
2004-12-20,451.8,451.8,450.5,450.5,1
2004-12-21,451.1,451.1,449.8,449.8,21
2004-12-22,448.7,448.7,448.3,448.3,7
2004-12-23,449.8,449.8,449.8,449.8,5
2004-12-27,451.0,453.2,451.0,453.2,1
2004-12-28,453.1,453.1,452.3,452.3,101
2004-12-29,443.9,443.9,443.9,443.9,40
2004-12-30,439.5,445.3,439.5,445.3,0
2005-01-03,445.0,445.0,435.1,436.6,384
2005-01-04,436.1,436.1,436.1,436.1,4
2005-01-05,434.0,436.0,433.6,434.2,51
2005-01-06,430.0,430.0,428.5,428.5,461
2005-01-07,431.0,431.0,426.0,426.4,56
2005-01-10,427.5,427.6,426.0,426.6,4
2005-01-11,429.0,429.9,429.0,429.3,4
2005-01-12,429.7,434.0,428.0,433.6,281
2005-01-13,431.5,432.1,431.5,432.1,55
2005-01-14,430.0,430.0,430.0,430.0,11
2005-01-18,430.5,430.5,430.5,430.5,0
2005-01-19,430.2,430.2,430.2,430.2,1
2005-01-20,429.4,429.4,429.4,429.4,1
2005-01-21,429.5,433.7,429.5,433.7,46
2005-01-24,434.0,434.0,434.0,434.0,1
2005-01-25,429.0,429.0,429.0,429.0,0
2005-01-26,433.8,433.8,433.8,433.8,10
2005-01-27,433.5,433.5,431.0,433.1,12
2005-01-28,434.0,434.3,431.5,432.8,94
2005-01-31,430.2,431.0,426.5,428.8,36
2005-02-01,426.3,427.7,426.3,427.7,20
2005-02-02,427.8,428.3,427.8,427.8,73
2005-02-03,424.0,426.0,421.5,423.3,346
2005-02-04,422.6,422.6,420.6,420.6,176
2005-02-07,421.0,421.5,418.8,420.1,326
2005-02-08,420.3,420.3,416.8,419.0,108
2005-02-09,418.8,419.5,417.5,419.1,139
2005-02-10,419.8,423.4,418.0,423.4,43
2005-02-11,423.8,427.7,422.4,426.7,106
2005-02-14,429.2,432.2,429.2,432.2,65
2005-02-15,432.0,432.2,429.8,432.2,775
2005-02-16,430.3,431.8,428.3,431.8,1089
2005-02-17,432.5,434.2,431.8,433.5,31
2005-02-18,433.7,434.7,432.8,433.4,80
2005-02-22,436.9,441.8,436.8,440.9,205
2005-02-23,439.0,441.2,438.2,441.2,182
2005-02-24,439.5,441.3,439.5,440.8,69
2005-02-25,440.2,441.2,440.2,441.2,71
2005-02-28,441.0,444.0,441.0,442.7,577
2005-03-01,442.3,442.3,437.0,439.0,241
2005-03-02,438.1,438.8,435.5,438.8,822
2005-03-03,438.5,438.5,435.9,435.9,269
2005-03-04,436.0,441.5,435.8,440.2,42
2005-03-07,440.0,441.0,440.0,440.9,463
2005-03-08,441.5,446.2,441.5,446.2,292
2005-03-09,446.5,448.1,445.0,448.1,1565
2005-03-10,447.8,448.7,446.5,448.6,1179
2005-03-11,448.4,452.8,446.3,452.0,312
2005-03-14,449.5,449.5,446.0,446.8,34
2005-03-15,448.5,449.0,446.6,446.6,231
2005-03-16,448.0,450.0,448.0,449.4,800
2005-03-17,449.3,449.3,443.5,444.3,115
2005-03-18,444.8,445.0,440.0,444.9,447
2005-03-21,440.0,440.0,434.0,436.6,396
2005-03-22,437.3,438.2,435.0,436.8,554
2005-03-23,432.2,433.6,430.0,430.5,289
2005-03-24,430.0,431.3,429.6,430.0,509
2005-03-28,431.7,431.7,428.5,431.2,403
2005-03-29,432.2,432.9,431.0,431.2,1435
2005-03-30,431.0,433.5,431.0,432.1,290
2005-03-31,432.5,434.5,432.5,433.7,842
2005-04-01,433.2,433.5,429.5,430.9,307
2005-04-04,431.3,431.3,427.1,428.6,546
2005-04-05,428.8,430.0,428.6,429.2,336
2005-04-06,429.4,432.4,429.4,431.8,91
2005-04-07,431.2,433.5,430.2,431.0,78
2005-04-08,430.6,432.0,429.8,431.4,282
2005-04-11,431.5,434.5,431.5,433.0,207
2005-04-12,432.7,433.3,431.5,431.9,194
2005-04-13,433.5,434.3,431.5,433.6,143
2005-04-14,433.6,433.6,426.5,428.2,665
2005-04-15,428.1,430.7,427.6,429.0,228
2005-04-18,428.8,432.0,427.3,431.5,1089
2005-04-19,431.8,438.0,431.0,436.9,402
2005-04-20,438.0,440.0,435.5,439.2,574
2005-04-21,439.0,439.0,436.5,436.9,453
2005-04-22,436.5,439.5,436.5,438.1,227
2005-04-25,438.1,439.0,436.5,438.3,626
2005-04-26,439.0,441.7,438.6,441.6,4524
2005-04-27,441.4,441.4,435.7,436.7,1481
2005-04-28,436.7,437.8,434.8,435.0,444
2005-04-29,434.5,440.4,434.5,438.7,1236
2005-05-02,438.4,438.4,432.5,433.1,744
2005-05-03,433.9,433.9,430.0,430.3,2237
2005-05-04,430.8,433.3,430.7,432.6,2064
2005-05-05,433.0,435.0,431.8,433.3,638
2005-05-06,433.5,434.5,427.2,429.5,2490
2005-05-09,429.9,430.0,428.2,429.5,652
2005-05-10,429.1,431.5,429.1,430.6,5411
2005-05-11,430.4,431.5,428.5,430.6,1646
2005-05-12,430.4,430.7,423.7,424.8,10698
2005-05-13,424.8,425.5,422.0,423.3,4879
2005-05-16,423.4,423.5,420.8,421.9,13884
2005-05-17,422.0,424.2,422.0,422.4,8514
2005-05-18,422.7,424.7,421.3,424.5,11016
2005-05-19,424.5,425.7,422.1,423.3,4706
2005-05-20,423.4,423.6,419.4,420.2,7102
2005-05-23,420.1,421.0,419.2,419.4,13109
2005-05-24,419.9,422.0,419.0,420.2,49084
2005-05-25,420.4,421.6,419.5,421.5,53777
2005-05-26,421.5,422.6,419.6,420.6,51951
2005-05-27,420.6,422.8,420.0,422.4,67328
2005-05-31,421.5,422.9,415.8,418.9,65636
2005-06-01,418.7,419.9,416.7,417.7,79132
2005-06-02,417.8,425.8,417.2,424.8,95845
2005-06-03,424.6,427.0,423.8,425.8,51378
2005-06-06,424.6,429.5,424.3,428.4,44814
2005-06-07,428.2,429.6,426.2,426.7,49121
2005-06-08,426.7,428.7,426.4,426.6,28096
2005-06-09,426.2,427.1,423.0,426.1,38075
2005-06-10,425.9,430.5,424.1,429.3,58586
2005-06-13,428.8,432.6,426.3,431.1,63254
2005-06-14,431.1,431.1,428.3,429.3,34885
2005-06-15,429.0,431.8,428.0,430.9,35196
2005-06-16,430.9,438.5,430.0,437.9,110696
2005-06-17,437.7,441.3,437.1,440.0,71861
2005-06-20,439.2,443.2,438.5,440.0,47252
2005-06-21,440.1,440.8,435.9,440.5,53633
2005-06-22,440.7,441.1,438.0,439.7,28688
2005-06-23,439.8,444.2,437.5,443.2,70899
2005-06-24,443.1,445.4,440.0,442.0,55328
2005-06-27,441.0,442.0,440.1,441.7,27964
2005-06-28,441.5,441.6,437.2,437.7,38325
2005-06-29,437.6,439.6,435.3,438.6,45905
2005-06-30,438.5,440.3,436.7,437.1,42083
2005-07-01,436.5,438.2,428.0,428.8,91896
2005-07-05,428.4,429.4,422.6,423.9,83906
2005-07-06,424.1,425.9,424.0,424.5,37975
2005-07-07,424.7,430.1,422.5,424.2,59936
2005-07-08,424.4,425.8,422.3,423.8,45995
2005-07-11,424.5,427.4,423.8,426.3,32566
2005-07-12,426.2,428.5,425.5,427.1,36332
2005-07-13,427.1,428.0,424.0,424.6,35368
2005-07-14,424.7,425.1,419.2,420.2,70709
2005-07-15,420.0,421.5,418.2,421.3,48538
2005-07-18,421.7,422.8,420.4,421.0,31928
2005-07-19,421.1,422.4,418.9,420.2,40719
2005-07-20,420.9,423.3,420.0,422.1,41340
2005-07-21,422.5,426.0,422.5,425.7,64389
2005-07-22,426.0,426.9,424.5,425.0,46412
2005-07-25,425.0,426.4,424.3,425.9,60720
2005-07-26,426.0,426.1,422.2,423.5,68160
2005-07-27,423.4,426.0,421.8,424.8,70257
2005-07-28,425.0,428.6,424.4,427.4,40680
2005-07-29,427.7,430.5,427.0,429.9,3607
2005-08-01,430.0,432.3,429.1,431.9,776
2005-08-02,431.7,433.0,430.8,431.9,206
2005-08-03,431.5,437.5,430.7,436.9,270
2005-08-04,436.5,439.0,436.1,437.9,91
2005-08-05,437.7,438.5,437.0,437.2,0
2005-08-08,437.0,437.0,434.0,434.7,51
2005-08-09,432.5,434.4,432.5,434.2,52
2005-08-10,434.9,437.0,434.9,436.5,187
2005-08-11,437.2,446.5,437.2,445.5,306
2005-08-12,445.8,449.5,444.5,445.9,169
2005-08-15,441.4,442.5,441.4,442.2,61
