Date,open,high,low,close,volume
2010-01-04,3.35,3.429,3.3465,3.406,24673
2010-01-05,3.4135,3.4295,3.382,3.4135,21346
2010-01-06,3.419,3.522,3.4125,3.4945,30719
2010-01-07,3.4905,3.544,3.4255,3.427,27648
2010-01-08,3.434,3.448,3.3915,3.4005,32315
2010-01-11,3.43,3.504,3.413,3.441,24973
2010-01-12,3.4455,3.4625,3.305,3.3495,37537
2010-01-13,3.3295,3.4285,3.315,3.4,35847
2010-01-14,3.42,3.444,3.383,3.3875,31993
2010-01-15,3.4055,3.426,3.348,3.366,22922
2010-01-19,3.369,3.46,3.358,3.447,30945
2010-01-20,3.4495,3.47,3.3385,3.355,30403
2010-01-21,3.358,3.4065,3.2815,3.295,41726
2010-01-22,3.2915,3.3735,3.267,3.347,43385
2010-01-25,3.326,3.4025,3.324,3.393,29694
2010-01-26,3.383,3.3965,3.306,3.3395,32449
2010-01-27,3.3395,3.357,3.174,3.2225,45675
2010-01-28,3.197,3.2435,3.0915,3.098,51651
2010-01-29,3.1185,3.154,3.0345,3.0525,49335
2010-02-01,3.04,3.1095,2.9905,3.0835,37464
2010-02-02,3.109,3.1245,3.053,3.0895,37305
2010-02-03,3.0905,3.144,2.9535,2.9735,66205
2010-02-04,2.9805,3.021,2.856,2.879,49757
2010-02-05,2.865,2.9035,2.811,2.8575,60580
2010-02-08,2.87,2.9315,2.8605,2.913,49703
2010-02-09,2.881,3.004,2.8765,2.987,62841
2010-02-10,2.9975,3.015,2.9305,2.989,58994
2010-02-11,2.988,3.149,2.98,3.1335,66535
2010-02-12,3.1325,3.14,3.034,3.0825,46496
2010-02-16,3.1125,3.243,3.0825,3.2395,61923
2010-02-17,3.223,3.2865,3.211,3.259,50166
2010-02-18,3.25,3.347,3.1985,3.3055,52075
2010-02-19,3.3075,3.3855,3.2305,3.379,54093
2010-02-22,3.375,3.388,3.3075,3.3285,45707
2010-02-23,3.3195,3.365,3.211,3.2345,53040
2010-02-24,3.242,3.2695,3.191,3.2535,51283
2010-02-25,3.2375,3.2875,3.166,3.21,54214
2010-02-26,3.23,3.295,3.203,3.284,37815
2010-03-01,3.383,3.487,3.322,3.35,52449
2010-03-02,3.3455,3.415,3.29,3.4115,35751
2010-03-03,3.4055,3.472,3.351,3.435,46385
2010-03-04,3.422,3.435,3.3485,3.3755,38473
2010-03-05,3.3755,3.4585,3.3655,3.4175,33362
2010-03-08,3.418,3.465,3.3855,3.4105,31530
2010-03-09,3.425,3.425,3.355,3.4115,32177
2010-03-10,3.399,3.446,3.3505,3.368,39052
2010-03-11,3.38,3.3995,3.3385,3.377,33468
2010-03-12,3.39,3.4065,3.3585,3.38,24942
2010-03-15,3.383,3.3915,3.29,3.315,27566
2010-03-16,3.322,3.384,3.31,3.365,30998
2010-03-17,3.374,3.436,3.3715,3.418,26044
2010-03-18,3.4245,3.428,3.3755,3.3955,23558
2010-03-19,3.3945,3.424,3.3565,3.3725,27346
2010-03-22,3.377,3.389,3.3105,3.3805,35071
2010-03-23,3.3855,3.4095,3.358,3.379,24239
2010-03-24,3.375,3.3875,3.321,3.3455,28980
2010-03-25,3.33,3.387,3.3205,3.3805,30455
2010-03-26,3.3535,3.434,3.3375,3.403,33298
2010-03-29,3.4115,3.5425,3.4115,3.5355,40474
2010-03-30,3.544,3.5775,3.5005,3.5635,36274
2010-03-31,3.549,3.5735,3.5215,3.5535,40416
2010-04-01,3.552,3.606,3.536,3.584,30629
2010-04-05,3.5835,3.636,3.5755,3.6315,19761
2010-04-06,3.636,3.6385,3.6005,3.617,35288
2010-04-07,3.62,3.635,3.563,3.5975,41592
2010-04-08,3.585,3.59,3.535,3.5865,42912
2010-04-09,3.585,3.6235,3.573,3.59,43390
2010-04-12,3.6485,3.68,3.547,3.5645,54973
2010-04-13,3.56,3.603,3.544,3.6005,73322
2010-04-14,3.594,3.619,3.5875,3.6105,47412
2010-04-15,3.616,3.6255,3.564,3.6005,55942
2010-04-16,3.5925,3.61,3.4915,3.5145,62187
2010-04-19,3.536,3.538,3.4725,3.518,48496
2010-04-20,3.542,3.5735,3.513,3.5355,56320
2010-04-21,3.5395,3.5605,3.4935,3.5575,49650
2010-04-22,3.5335,3.553,3.483,3.5065,57234
2010-04-23,3.52,3.542,3.478,3.5305,58168
2010-04-26,3.5375,3.5805,3.5355,3.548,43548
2010-04-27,3.5445,3.551,3.368,3.3825,75629
2010-04-28,3.3865,3.407,3.344,3.3865,68112
2010-04-29,3.402,3.413,3.334,3.3505,45623
2010-04-30,3.3585,3.3935,3.3355,3.3535,38758
2010-05-03,3.356,3.3635,3.2735,3.2935,27199
2010-05-04,3.295,3.328,3.172,3.1785,49555
2010-05-05,3.1705,3.2055,3.0055,3.1515,69932
2010-05-06,3.1515,3.209,3.05,3.117,64417
2010-05-07,3.0775,3.179,3.062,3.1445,57246
2010-05-10,3.1905,3.2675,3.1665,3.228,37955
2010-05-11,3.227,3.2375,3.1285,3.2065,38390
2010-05-12,3.1725,3.244,3.135,3.188,37575
2010-05-13,3.176,3.259,3.1755,3.2315,37321
2010-05-14,3.22,3.228,3.117,3.134,38305
2010-05-17,3.114,3.123,2.914,2.932,51702
2010-05-18,2.966,3.069,2.941,3.031,43402
2010-05-19,2.9965,3.0135,2.9265,2.9595,49988
2010-05-20,2.993,3.0455,2.9005,2.9445,58311
2010-05-21,2.946,3.1145,2.9415,3.061,56401
2010-05-24,3.0905,3.151,3.0585,3.1475,35030
2010-05-25,3.119,3.1195,3.0075,3.042,45470
2010-05-26,3.0885,3.1185,3.053,3.0805,30361
2010-05-27,3.0515,3.181,3.045,3.1585,33021
2010-05-28,3.1675,3.187,3.089,3.1045,32840
2010-06-01,3.112,3.142,3.0185,3.063,37481
2010-06-02,3.04,3.065,2.9705,3.0405,38098
2010-06-03,3.062,3.0845,2.9255,2.9465,37676
2010-06-04,2.9505,2.992,2.79,2.8195,51704
2010-06-07,2.805,2.8095,2.72,2.766,51187
2010-06-08,2.7545,2.809,2.73,2.7795,52996
2010-06-09,2.8,2.879,2.7555,2.85,63705
2010-06-10,2.82,2.905,2.8015,2.8625,51807
2010-06-11,2.893,2.945,2.868,2.904,62078
2010-06-14,2.9275,3.023,2.9225,2.992,39903
2010-06-15,2.9915,3.0465,2.9695,3.024,43630
2010-06-16,3.04,3.0675,2.973,3.0135,37271
2010-06-17,3.009,3.013,2.907,2.924,47770
2010-06-18,2.946,2.9465,2.863,2.9015,43480
2010-06-21,2.9385,3.0505,2.9215,2.9595,40270
2010-06-22,2.9485,3.015,2.93,3.0105,46690
2010-06-23,2.975,3.012,2.9345,2.9545,56265
2010-06-24,2.966,3.0315,2.96,3.024,47002
2010-06-25,3.0155,3.119,2.987,3.111,66733
2010-06-28,3.085,3.123,3.0685,3.0895,44445
2010-06-29,3.0915,3.098,2.9235,2.9305,49649
2010-06-30,2.934,2.9745,2.8705,2.9505,41009
2010-07-01,2.91,2.936,2.8555,2.877,40805
2010-07-02,2.8955,2.958,2.8945,2.916,25172
2010-07-06,2.9285,3.02,2.905,2.971,33347
2010-07-07,2.9645,3.0375,2.9435,3.015,23976
2010-07-08,3.038,3.0545,2.991,3.0155,25004
2010-07-09,3.0295,3.0705,3.016,3.0535,21942
2010-07-12,3.0565,3.065,2.985,3.009,25756
2010-07-13,3.025,3.035,2.972,3.0175,25811
2010-07-14,3.039,3.056,2.9855,3.0085,33947
2010-07-15,3.0,3.045,2.987,3.012,30816
2010-07-16,3.02,3.03,2.9285,2.9295,37700
2010-07-19,2.933,2.9625,2.925,2.938,29313
2010-07-20,2.9315,3.03,2.9315,3.0015,42564
2010-07-21,3.0235,3.1065,2.998,3.093,53447
2010-07-22,3.069,3.193,3.0475,3.1645,54072
2010-07-23,3.162,3.226,3.144,3.185,33853
2010-07-26,3.1975,3.238,3.166,3.223,34613
2010-07-27,3.2275,3.2365,3.176,3.2065,42459
2010-07-28,3.198,3.265,3.186,3.2455,37691
2010-07-29,3.2375,3.297,3.2265,3.29,36707
2010-07-30,3.2785,3.3165,3.247,3.3115,35672
2010-08-02,3.3115,3.3965,3.3015,3.3895,37865
2010-08-03,3.39,3.3925,3.3275,3.3585,33514
2010-08-04,3.3525,3.4105,3.333,3.4045,41050
2010-08-05,3.4,3.4085,3.3225,3.3535,41210
2010-08-06,3.342,3.38,3.325,3.343,54354
2010-08-09,3.36,3.394,3.336,3.354,40400
2010-08-10,3.36,3.366,3.2715,3.3125,51276
2010-08-11,3.317,3.3335,3.2385,3.254,51306
2010-08-12,3.26,3.3165,3.255,3.3055,56794
2010-08-13,3.306,3.3305,3.2565,3.2725,46562
2010-08-16,3.275,3.321,3.27,3.3005,29194
2010-08-17,3.301,3.371,3.2975,3.3585,40977
2010-08-18,3.3555,3.3745,3.3275,3.3705,48586
2010-08-19,3.361,3.41,3.315,3.3395,43647
2010-08-20,3.3445,3.3485,3.2705,3.3115,38331
2010-08-23,3.316,3.3315,3.2925,3.3125,24704
2010-08-24,3.306,3.3125,3.211,3.262,58817
2010-08-25,3.245,3.28,3.2,3.2315,43609
2010-08-26,3.2525,3.335,3.2425,3.3255,55298
2010-08-27,3.305,3.405,3.2995,3.3845,62470
2010-08-30,3.45,3.46,3.399,3.4295,36734
2010-08-31,3.405,3.408,3.356,3.37,43568
2010-09-01,3.3805,3.486,3.3735,3.4775,35298
2010-09-02,3.4715,3.5045,3.462,3.4955,21448
2010-09-03,3.4925,3.5345,3.471,3.5,29978
2010-09-07,3.4935,3.5345,3.42,3.4705,29640
2010-09-08,3.463,3.515,3.451,3.5005,32768
2010-09-09,3.49,3.502,3.393,3.4435,45124
2010-09-10,3.428,3.4515,3.395,3.4065,27506
2010-09-13,3.4135,3.4935,3.413,3.479,23353
2010-09-14,3.487,3.4975,3.428,3.4685,29748
2010-09-15,3.4515,3.478,3.433,3.4665,22807
2010-09-16,3.47,3.517,3.4435,3.4935,26917
2010-09-17,3.486,3.5525,3.486,3.522,28458
2010-09-20,3.5205,3.5555,3.4945,3.5045,19054
2010-09-21,3.507,3.528,3.4725,3.481,27943
2010-09-22,3.482,3.5905,3.4795,3.565,36026
2010-09-23,3.57,3.5995,3.559,3.5905,24791
2010-09-24,3.577,3.636,3.5655,3.618,26800
2010-09-27,3.636,3.644,3.588,3.597,24181
2010-09-28,3.586,3.6395,3.569,3.637,29194
2010-09-29,3.634,3.6735,3.6195,3.6615,28633
2010-09-30,3.652,3.669,3.62,3.6515,34494
2010-10-01,3.655,3.722,3.6535,3.6905,27123
2010-10-04,3.697,3.719,3.653,3.664,22738
2010-10-05,3.666,3.745,3.6445,3.7265,33183
2010-10-06,3.7255,3.7895,3.723,3.753,29300
2010-10-07,3.7625,3.7845,3.6565,3.6795,49792
2010-10-08,3.689,3.8015,3.6565,3.7745,49091
2010-10-11,3.784,3.82,3.7725,3.7895,29412
2010-10-12,3.7855,3.8135,3.7175,3.7895,41794
2010-10-13,3.804,3.841,3.795,3.8205,35395
2010-10-14,3.8205,3.8675,3.7615,3.8155,37341
2010-10-15,3.808,3.8645,3.7945,3.839,48780
2010-10-18,3.836,3.88,3.778,3.855,34678
2010-10-19,3.8515,3.8675,3.7215,3.7575,58255
2010-10-20,3.7275,3.818,3.72,3.7935,38406
2010-10-21,3.802,3.85,3.7655,3.7815,48894
2010-10-22,3.767,3.8155,3.7515,3.797,38457
2010-10-25,3.813,3.8895,3.81,3.863,37582
2010-10-26,3.856,3.893,3.8395,3.869,37632
2010-10-27,3.881,3.9,3.7605,3.7755,45326
2010-10-28,3.778,3.8295,3.766,3.7875,37956
2010-10-29,3.785,3.7875,3.7035,3.7335,40952
2010-11-01,3.748,3.816,3.7475,3.785,31515
2010-11-02,3.785,3.841,3.77,3.839,29497
2010-11-03,3.825,3.8495,3.763,3.785,44851
2010-11-04,3.845,3.917,3.8125,3.912,50226
2010-11-05,3.9095,3.9955,3.9095,3.9485,50227
2010-11-08,3.961,3.9815,3.92,3.9565,57229
2010-11-09,3.9585,4.0475,3.9275,4.043,64840
2010-11-10,3.9815,4.0215,3.9415,3.969,54669
2010-11-11,3.982,4.0835,3.9675,4.0225,53135
2010-11-12,4.0315,4.05,3.88,3.8935,63207
2010-11-15,3.8875,3.9535,3.8495,3.925,55566
2010-11-16,3.911,3.9325,3.6855,3.7275,75225
2010-11-17,3.7295,3.7675,3.611,3.734,74010
2010-11-18,3.735,3.852,3.72,3.8385,53909
2010-11-19,3.8575,3.8805,3.7895,3.8425,48068
2010-11-22,3.8475,3.8785,3.7375,3.762,55637
2010-11-23,3.7805,3.79,3.6675,3.711,59069
2010-11-24,3.709,3.7875,3.709,3.7665,52465
2010-11-26,3.763,3.8,3.7075,3.7625,42884
2010-11-29,3.7595,3.8095,3.7115,3.7675,51619
2010-11-30,3.77,3.837,3.72,3.8255,50829
2010-12-01,3.808,3.9505,3.787,3.9475,38163
2010-12-02,3.954,3.997,3.9315,3.979,35702
2010-12-03,3.9745,4.01,3.9455,3.999,30437
2010-12-06,4.0195,4.029,3.9745,4.008,27995
2010-12-07,4.008,4.1315,3.98,4.0495,50414
2010-12-08,4.014,4.1185,3.978,4.1005,49602
2010-12-09,4.112,4.1545,4.0555,4.087,39275
2010-12-10,4.067,4.143,4.067,4.112,31481
2010-12-13,4.1125,4.2225,4.0995,4.207,29174
2010-12-14,4.203,4.229,4.185,4.209,28004
2010-12-15,4.203,4.2185,4.0855,4.1325,37018
2010-12-16,4.1075,4.1385,4.078,4.116,31319
2010-12-17,4.1105,4.192,4.1095,4.159,24416
2010-12-20,4.169,4.2235,4.1605,4.206,27392
2010-12-21,4.216,4.2895,4.192,4.276,29815
2010-12-22,4.295,4.2965,4.2475,4.275,22668
2010-12-23,4.275,4.285,4.21,4.2585,20758
2010-12-27,4.23,4.2985,4.204,4.28,11589
2010-12-28,4.2855,4.335,4.281,4.328,17473
2010-12-29,4.3265,4.332,4.289,4.3115,16719
2010-12-30,4.3125,4.379,4.304,4.3625,17880
2010-12-31,4.37,4.452,4.3675,4.447,14158
2008-03-17,3.3775,3.3775,3.3775,3.3775,0
2008-03-18,3.4385,3.4385,3.4385,3.4385,0
2008-03-19,3.3355,3.3355,3.3355,3.3355,0
2008-03-20,3.3065,3.3065,3.3065,3.3065,0
2008-03-24,3.366,3.366,3.366,3.366,0
2008-03-25,3.375,3.375,3.375,3.375,0
2008-03-26,3.4185,3.4185,3.4185,3.4185,0
2008-03-27,3.526,3.526,3.526,3.526,0
2008-03-28,3.5035,3.5035,3.5035,3.5035,0
2008-03-31,3.523,3.523,3.523,3.523,0
2008-04-01,3.4985,3.4985,3.4985,3.4985,0
2008-04-02,3.554,3.554,3.554,3.554,0
2008-04-03,3.5635,3.5635,3.5635,3.5635,0
2008-04-04,3.636,3.636,3.636,3.636,0
2008-04-07,3.6295,3.6295,3.6295,3.6295,0
2008-04-08,3.561,3.561,3.561,3.561,0
2008-04-09,3.641,3.641,3.641,3.641,0
2008-04-10,3.576,3.576,3.576,3.576,0
2008-04-11,3.6105,3.6105,3.6105,3.6105,0
2008-04-14,3.5715,3.5715,3.5715,3.5715,0
2008-04-15,3.545,3.545,3.545,3.545,0
2008-04-16,3.622,3.622,3.622,3.622,0
2008-04-17,3.591,3.591,3.591,3.591,0
2008-04-18,3.597,3.597,3.597,3.597,0
2008-04-21,3.583,3.583,3.583,3.583,0
2008-04-22,3.654,3.654,3.654,3.654,0
2008-04-23,3.607,3.607,3.607,3.607,0
2008-04-24,3.5845,3.5845,3.5845,3.5845,0
2008-04-25,3.6235,3.6235,3.6235,3.6235,0
2008-04-28,3.63,3.63,3.63,3.63,0
2008-04-29,3.5815,3.5815,3.5815,3.5815,0
2008-04-30,3.5915,3.5915,3.5915,3.5915,0
2008-05-01,3.43,3.43,3.43,3.43,0
2008-05-02,3.544,3.544,3.544,3.544,0
2008-05-05,3.639,3.639,3.639,3.639,0
2008-05-06,3.5885,3.5885,3.5885,3.5885,0
2008-05-07,3.566,3.566,3.566,3.566,0
2008-05-08,3.539,3.539,3.539,3.539,0
2008-05-09,3.494,3.494,3.494,3.494,0
2008-05-12,3.512,3.512,3.512,3.512,0
2008-05-13,3.523,3.523,3.523,3.523,0
2008-05-14,3.505,3.505,3.505,3.505,0
2008-05-15,3.5475,3.5475,3.5475,3.5475,0
2008-05-16,3.619,3.619,3.619,3.619,0
2008-05-19,3.589,3.589,3.589,3.589,0
2008-05-20,3.5815,3.5815,3.5815,3.5815,0
2008-05-21,3.579,3.579,3.579,3.579,0
2008-05-22,3.5725,3.5725,3.5725,3.5725,0
2008-05-23,3.5925,3.5925,3.5925,3.5925,0
2008-05-27,3.5715,3.5715,3.5715,3.5715,0
2008-05-28,3.553,3.553,3.553,3.553,0
2008-05-29,3.447,3.447,3.447,3.447,0
2008-05-30,3.4865,3.4865,3.4865,3.4865,0
2008-06-02,3.4885,3.4885,3.4885,3.4885,0
2008-06-03,3.47,3.47,3.47,3.47,0
2008-06-04,3.4245,3.4245,3.4245,3.4245,0
2008-06-05,3.4215,3.4215,3.4215,3.4215,0
2008-06-06,3.4875,3.4875,3.4875,3.4875,0
2008-06-09,3.5025,3.5025,3.5025,3.5025,0
2008-06-10,3.4515,3.4515,3.4515,3.4515,0
2008-06-11,3.461,3.461,3.461,3.461,0
2008-06-12,3.422,3.422,3.422,3.422,0
2008-06-13,3.4455,3.4455,3.4455,3.4455,0
2008-06-16,3.5145,3.5145,3.5145,3.5145,0
2008-06-17,3.518,3.518,3.518,3.518,0
2008-06-18,3.576,3.576,3.576,3.576,0
2008-06-19,3.594,3.594,3.594,3.594,0
2008-06-20,3.6405,3.6405,3.6405,3.6405,0
2008-06-23,3.6015,3.6015,3.6015,3.6015,0
2008-06-24,3.5815,3.5815,3.5815,3.5815,0
2008-06-25,3.584,3.584,3.584,3.584,0
2008-06-26,3.6135,3.6135,3.6135,3.6135,0
2008-06-27,3.6585,3.6585,3.6585,3.6585,0
2008-06-30,3.6645,3.6645,3.6645,3.6645,0
2008-07-01,3.6915,3.6915,3.6915,3.6915,0
2008-07-02,3.804,3.804,3.804,3.804,0
2008-07-03,3.7,3.7,3.7,3.7,0
2008-07-07,3.625,3.625,3.625,3.625,0
2008-07-08,3.5005,3.5005,3.5005,3.5005,0
2008-07-09,3.5375,3.5375,3.5375,3.5375,0
2008-07-10,3.518,3.518,3.518,3.518,0
2008-07-11,3.54,3.54,3.54,3.54,0
2008-07-14,3.553,3.553,3.553,3.553,0
2008-07-15,3.5025,3.5025,3.5025,3.5025,0
2008-07-16,3.428,3.428,3.428,3.428,0
2008-07-17,3.451,3.451,3.451,3.451,0
2008-07-18,3.434,3.434,3.434,3.434,0
2008-07-21,3.4705,3.4705,3.4705,3.4705,0
2008-07-22,3.481,3.481,3.481,3.481,0
2008-07-23,3.4575,3.4575,3.4575,3.4575,0
2008-07-24,3.384,3.384,3.384,3.384,0
2008-07-25,3.407,3.407,3.407,3.407,0
2008-07-28,3.417,3.417,3.417,3.417,0
2008-07-29,3.412,3.412,3.412,3.412,0
2008-07-30,3.4535,3.4535,3.4535,3.4535,0
2008-07-31,3.4775,3.4775,3.4775,3.4775,0
2008-08-01,3.412,3.412,3.412,3.412,0
2008-08-04,3.3145,3.3145,3.3145,3.3145,0
2008-08-05,3.2935,3.2935,3.2935,3.2935,0
2008-08-06,3.3055,3.3055,3.3055,3.3055,0
2008-08-07,3.3005,3.3005,3.3005,3.3005,0
2008-08-08,3.24,3.24,3.24,3.24,0
2008-08-11,3.2115,3.2115,3.2115,3.2115,0
2008-08-12,3.151,3.151,3.151,3.151,0
2008-08-13,3.274,3.274,3.274,3.274,0
2008-08-14,3.2415,3.2415,3.2415,3.2415,0
2008-08-15,3.2495,3.2495,3.2495,3.2495,0
2008-08-18,3.2255,3.2255,3.2255,3.2255,0
2008-08-19,3.335,3.335,3.335,3.335,0
2008-08-20,3.3105,3.3105,3.3105,3.3105,0
2008-08-21,3.429,3.429,3.429,3.429,0
2008-08-22,3.3685,3.3685,3.3685,3.3685,0
2008-08-25,3.3595,3.3595,3.3595,3.3595,0
2008-08-26,3.3195,3.3195,3.3195,3.3195,0
2008-08-27,3.3475,3.3475,3.3475,3.3475,0
2008-08-28,3.316,3.316,3.316,3.316,0
2008-08-29,3.302,3.302,3.302,3.302,0
2008-09-02,3.217,3.217,3.217,3.217,0
2008-09-03,3.2555,3.2555,3.2555,3.2555,0
2008-09-04,3.2235,3.2235,3.2235,3.2235,0
2008-09-05,3.0825,3.0825,3.0825,3.0825,0
2008-09-08,3.073,3.073,3.073,3.073,0
2008-09-09,3.063,3.063,3.063,3.063,0
2008-09-10,3.081,3.081,3.081,3.081,0
2008-09-11,3.0805,3.0805,3.0805,3.0805,0
2008-09-12,3.143,3.143,3.143,3.143,0
2008-09-15,3.1005,3.1005,3.1005,3.1005,0
2008-09-16,3.046,3.046,3.046,3.046,0
2008-09-17,2.9995,2.9995,2.9995,2.9995,0
2008-09-18,3.029,3.029,3.029,3.029,0
2008-09-19,3.131,3.131,3.131,3.131,0
2008-09-22,3.211,3.211,3.211,3.211,0
2008-09-23,3.127,3.14,3.127,3.127,7
2008-09-24,3.0845,3.0845,3.0845,3.0845,0
2008-09-25,3.1055,3.1055,3.1055,3.1055,0
2008-09-26,3.057,3.057,3.057,3.057,0
2008-09-29,2.926,2.926,2.905,2.905,2
2008-09-30,2.8825,2.8825,2.8825,2.8825,5
2008-10-01,2.8,2.8,2.8,2.8,0
2008-10-02,2.6435,2.6435,2.6435,2.6435,0
2008-10-03,2.6915,2.6915,2.6915,2.6915,0
2008-10-06,2.5055,2.5055,2.5055,2.5055,2
2008-10-07,2.538,2.538,2.538,2.538,0
2008-10-08,2.3665,2.3665,2.3665,2.3665,0
2008-10-09,2.416,2.416,2.416,2.416,0
2008-10-10,2.1605,2.1605,2.1605,2.1605,0
2008-10-13,2.3315,2.3315,2.3315,2.3315,0
2008-10-14,2.4305,2.4305,2.4305,2.4305,0
2008-10-15,2.2495,2.2495,2.2495,2.2495,0
2008-10-16,2.1285,2.1285,2.1285,2.1285,0
2008-10-17,2.2195,2.2195,2.2195,2.2195,0
2008-10-20,2.159,2.159,2.159,2.159,0
2008-10-21,2.0565,2.0565,2.0565,2.0565,0
2008-10-22,1.9215,1.9215,1.9215,1.9215,0
2008-10-23,1.848,1.848,1.848,1.848,36
2008-10-24,1.729,1.729,1.729,1.729,0
2008-10-27,1.849,1.849,1.849,1.849,0
2008-10-28,1.9015,1.9015,1.9015,1.9015,0
2008-10-29,2.126,2.126,2.126,2.126,0
2008-10-30,1.9295,1.9295,1.9295,1.9295,0
2008-10-31,1.8745,1.8745,1.8745,1.8745,3
2008-11-03,1.8875,1.8875,1.8875,1.8875,0
2008-11-04,2.004,2.004,2.004,2.004,0
2008-11-05,1.8625,1.8625,1.8625,1.8625,0
2008-11-06,1.77,1.77,1.77,1.77,0
2008-11-07,1.749,1.749,1.749,1.749,0
2008-11-10,1.8025,1.8025,1.8025,1.8025,0
2008-11-11,1.7055,1.7055,1.7055,1.7055,0
2008-11-12,1.712,1.712,1.712,1.712,0
2008-11-13,1.6815,1.6815,1.6815,1.6815,0
2008-11-14,1.7665,1.7665,1.7665,1.7665,0
2008-11-17,1.709,1.719,1.709,1.719,4
2008-11-18,1.729,1.729,1.729,1.729,10
2008-11-19,1.671,1.671,1.671,1.671,0
2008-11-20,1.64,1.64,1.64,1.64,0
2008-11-21,1.634,1.634,1.634,1.634,0
2008-11-24,1.7195,1.7195,1.7195,1.7195,0
2008-11-25,1.704,1.704,1.704,1.704,0
2008-11-26,1.74,1.74,1.74,1.74,0
2008-11-28,1.6975,1.6975,1.6975,1.6975,0
2008-12-01,1.679,1.679,1.679,1.679,0
2008-12-02,1.644,1.644,1.644,1.644,0
2008-12-03,1.597,1.597,1.597,1.597,0
2008-12-04,1.511,1.511,1.511,1.511,0
2008-12-05,1.414,1.414,1.414,1.414,0
2008-12-08,1.5325,1.5325,1.5325,1.5325,0
2008-12-09,1.4795,1.4795,1.4795,1.4795,0
2008-12-10,1.531,1.531,1.531,1.531,0
2008-12-11,1.549,1.549,1.549,1.549,2
2008-12-12,1.4705,1.4705,1.4705,1.4705,0
2008-12-15,1.448,1.448,1.448,1.448,0
2008-12-16,1.4205,1.4205,1.4205,1.4205,0
2008-12-17,1.4145,1.4145,1.4145,1.4145,0
2008-12-18,1.344,1.344,1.344,1.344,0
2008-12-19,1.366,1.366,1.366,1.366,0
2008-12-22,1.387,1.387,1.387,1.387,0
2008-12-23,1.3295,1.3295,1.3295,1.3295,0
2008-12-24,1.325,1.325,1.325,1.325,0
2008-12-26,1.351,1.351,1.351,1.351,0
2008-12-29,1.3575,1.3575,1.3575,1.3575,0
2008-12-30,1.3645,1.3645,1.3645,1.3645,0
2008-12-31,1.4445,1.4445,1.4445,1.4445,0
2009-01-02,1.496,1.496,1.496,1.496,0
2009-01-05,1.497,1.497,1.497,1.497,0
2009-01-06,1.618,1.618,1.618,1.618,0
2009-01-07,1.547,1.547,1.547,1.547,0
2009-01-08,1.519,1.519,1.519,1.519,0
2009-01-09,1.5915,1.5915,1.5915,1.5915,0
2009-01-12,1.5075,1.5225,1.5075,1.5225,1
2009-01-13,1.526,1.5865,1.526,1.5865,1
2009-01-14,1.5315,1.5315,1.5315,1.5315,0
2009-01-15,1.496,1.496,1.496,1.496,0
2009-01-16,1.567,1.567,1.567,1.567,0
2009-01-20,1.5415,1.5415,1.5415,1.5415,0
2009-01-21,1.4705,1.4705,1.4705,1.4705,0
2009-01-22,1.4355,1.4355,1.4355,1.4355,0
2009-01-23,1.513,1.513,1.513,1.513,0
2009-01-26,1.625,1.625,1.625,1.625,0
2009-01-27,1.524,1.524,1.524,1.524,0
2009-01-28,1.534,1.534,1.534,1.534,0
2009-01-29,1.5,1.5,1.5,1.5,0
2009-01-30,1.48,1.513,1.48,1.513,1
2009-02-02,1.479,1.479,1.479,1.479,0
2009-02-03,1.5655,1.5655,1.5655,1.5655,0
2009-02-04,1.5685,1.5685,1.5685,1.5685,0
2009-02-05,1.5375,1.5375,1.5375,1.5375,0
2009-02-06,1.67,1.67,1.67,1.67,0
2009-02-09,1.657,1.657,1.657,1.657,0
2009-02-10,1.6225,1.6225,1.6225,1.6225,0
2009-02-11,1.5875,1.5875,1.5875,1.5875,0
2009-02-12,1.585,1.585,1.585,1.585,0
2009-02-13,1.5865,1.5865,1.5865,1.5865,0
2009-02-17,1.4825,1.4825,1.4825,1.4825,0
2009-02-18,1.4945,1.4945,1.4945,1.4945,0
2009-02-19,1.5245,1.5245,1.5245,1.5245,0
2009-02-20,1.473,1.473,1.473,1.473,0
2009-02-23,1.492,1.492,1.492,1.492,0
2009-02-24,1.5395,1.5395,1.5395,1.5395,0
2009-02-25,1.571,1.571,1.571,1.571,0
2009-02-26,1.613,1.613,1.613,1.613,0
2009-02-27,1.573,1.573,1.573,1.573,0
2009-03-02,1.5495,1.5495,1.5495,1.5495,0
2009-03-03,1.6325,1.6325,1.6325,1.6325,0
2009-03-04,1.716,1.716,1.716,1.716,0
2009-03-05,1.6775,1.6775,1.6775,1.6775,0
2009-03-06,1.7155,1.7155,1.7155,1.7155,0
2009-03-09,1.67,1.6745,1.67,1.6745,7
2009-03-10,1.7165,1.7165,1.7165,1.7165,0
2009-03-11,1.658,1.658,1.658,1.658,0
2009-03-12,1.661,1.661,1.661,1.661,0
2009-03-13,1.696,1.696,1.696,1.696,0
2009-03-16,1.7735,1.7735,1.7735,1.7735,0
2009-03-17,1.75,1.75,1.75,1.75,0
2009-03-18,1.748,1.748,1.748,1.748,0
2009-03-19,1.8485,1.8485,1.8355,1.8355,1
2009-03-20,1.826,1.826,1.826,1.826,0
2009-03-23,1.8725,1.8725,1.8725,1.8725,0
2009-03-24,1.844,1.844,1.841,1.841,1
2009-03-25,1.838,1.838,1.838,1.838,0
2009-03-26,1.8975,1.904,1.8885,1.8885,4
2009-03-27,1.869,1.869,1.869,1.869,0
2009-03-30,1.8015,1.8015,1.8015,1.8015,0
2009-03-31,1.879,1.879,1.879,1.879,0
2009-04-01,1.8805,1.8805,1.8805,1.8805,0
2009-04-02,1.925,1.925,1.9185,1.9185,1
2009-04-03,2.0225,2.0225,2.0225,2.0225,0
2009-04-06,1.984,1.984,1.984,1.984,0
2009-04-07,2.01,2.0215,2.01,2.0215,1
2009-04-08,2.0315,2.0315,2.0315,2.0315,0
2009-04-09,2.1035,2.1035,2.1035,2.1035,0
2009-04-13,2.158,2.158,2.158,2.158,0
2009-04-14,2.1495,2.1495,2.1495,2.1495,0
2009-04-15,2.224,2.224,2.224,2.224,0
2009-04-16,2.2,2.2,2.173,2.192,2
2009-04-17,2.19,2.19,2.19,2.19,15
2009-04-20,2.1,2.1,2.1,2.1,0
2009-04-21,2.0215,2.068,2.0215,2.068,3
2009-04-22,2.046,2.046,2.046,2.046,0
2009-04-23,1.9765,1.9835,1.9765,1.9775,3
2009-04-24,2.0375,2.0375,2.0335,2.0335,3
2009-04-27,1.973,1.973,1.973,1.973,0
2009-04-28,1.9145,1.9145,1.9145,1.9145,0
2009-04-29,2.0,2.0,2.0,2.0,0
2009-04-30,2.04,2.04,2.04,2.04,0
2009-05-01,2.0945,2.0945,2.0945,2.0945,0
2009-05-04,2.1385,2.1385,2.1385,2.1385,0
2009-05-05,2.0805,2.0805,2.0805,2.0805,0
2009-05-06,2.181,2.181,2.181,2.181,0
2009-05-07,2.167,2.167,2.167,2.167,0
2009-05-08,2.1545,2.1545,2.1545,2.1545,0
2009-05-11,2.105,2.105,2.105,2.105,0
2009-05-12,2.102,2.102,2.102,2.102,0
2009-05-13,2.0595,2.06,2.044,2.044,23
2009-05-14,2.0365,2.0365,2.0365,2.0365,0
2009-05-15,2.03,2.03,2.03,2.03,9
2009-05-18,2.0835,2.0835,2.0835,2.0835,0
2009-05-19,2.0865,2.0865,2.0865,2.0865,0
2009-05-20,2.122,2.122,2.122,2.122,0
2009-05-21,2.0655,2.0655,2.0655,2.0655,0
2009-05-22,2.107,2.107,2.107,2.107,1
2009-05-26,2.146,2.146,2.146,2.146,0
2009-05-27,2.133,2.133,2.133,2.133,0
2009-05-28,2.151,2.151,2.151,2.151,0
2009-05-29,2.203,2.203,2.203,2.203,1
2009-06-01,2.32,2.324,2.32,2.324,1
2009-06-02,2.3075,2.3075,2.3075,2.3075,0
2009-06-03,2.2285,2.2285,2.2285,2.2285,10
2009-06-04,2.3,2.32,2.3,2.3175,25
2009-06-05,2.306,2.306,2.306,2.306,2
2009-06-08,2.2755,2.2755,2.2755,2.2755,22
2009-06-09,2.3855,2.3855,2.3855,2.3855,44
2009-06-10,2.383,2.383,2.383,2.383,22
2009-06-11,2.46,2.46,2.46,2.46,0
2009-06-12,2.393,2.393,2.393,2.393,0
2009-06-15,2.3,2.3085,2.3,2.3085,6
2009-06-16,2.2975,2.2975,2.2625,2.2765,4
2009-06-17,2.279,2.279,2.279,2.279,0
2009-06-18,2.292,2.292,2.292,2.292,0
2009-06-19,2.295,2.3095,2.272,2.272,6
2009-06-22,2.2075,2.2075,2.16,2.16,2
2009-06-23,2.2275,2.2275,2.2275,2.2275,0
2009-06-24,2.292,2.292,2.292,2.292,0
2009-06-25,2.304,2.324,2.304,2.324,1
2009-06-26,2.319,2.319,2.319,2.319,2
2009-06-29,2.336,2.336,2.336,2.336,0
2009-06-30,2.2835,2.2835,2.2835,2.2835,0
2009-07-01,2.343,2.343,2.343,2.343,0
2009-07-02,2.32,2.32,2.32,2.32,1
2009-07-06,2.2425,2.28,2.2425,2.28,7
2009-07-07,2.246,2.246,2.246,2.246,5
2009-07-08,2.227,2.227,2.181,2.181,1
2009-07-09,2.2075,2.257,2.2075,2.257,7
2009-07-10,2.2285,2.2285,2.2285,2.2285,0
2009-07-13,2.237,2.237,2.237,2.237,0
2009-07-14,2.31,2.3155,2.31,2.312,50
2009-07-15,2.402,2.402,2.402,2.402,0
2009-07-16,2.404,2.404,2.4,2.4,1
2009-07-17,2.4325,2.434,2.4325,2.434,11
2009-07-20,2.4795,2.4795,2.4795,2.4795,0
2009-07-21,2.4615,2.4615,2.4615,2.4615,37
2009-07-22,2.534,2.534,2.534,2.534,0
2009-07-23,2.5065,2.53,2.5065,2.53,1
2009-07-24,2.528,2.528,2.528,2.528,0
2009-07-27,2.552,2.5555,2.552,2.552,2
2009-07-28,2.534,2.534,2.534,2.534,0
2009-07-29,2.49,2.49,2.49,2.49,3
2009-07-30,2.5705,2.5705,2.5705,2.5705,0
2009-07-31,2.631,2.631,2.631,2.631,0
2009-08-03,2.7365,2.7545,2.7365,2.7505,3
2009-08-04,2.742,2.806,2.742,2.806,3
2009-08-05,2.8245,2.8245,2.823,2.823,1
2009-08-06,2.757,2.766,2.757,2.764,19
2009-08-07,2.8015,2.8015,2.8015,2.8015,0
2009-08-10,2.7895,2.7895,2.7895,2.7895,0
2009-08-11,2.7575,2.7575,2.755,2.755,1
2009-08-12,2.8435,2.8435,2.842,2.842,1
2009-08-13,2.942,2.942,2.933,2.933,52
2009-08-14,2.8645,2.8645,2.8465,2.858,65
2009-08-17,2.7905,2.7905,2.7905,2.7905,10
2009-08-18,2.777,2.777,2.7755,2.7755,11
2009-08-19,2.7585,2.774,2.7585,2.7705,2
2009-08-20,2.7535,2.7535,2.7535,2.7535,1
2009-08-21,2.73,2.893,2.73,2.893,6
2009-08-24,2.9025,2.9295,2.89,2.9295,9
2009-08-25,2.876,2.876,2.8735,2.8735,73
2009-08-26,2.8815,2.8815,2.88,2.88,1
2009-08-27,2.8765,2.887,2.876,2.876,2
2009-08-28,2.9645,2.9645,2.954,2.954,15
2009-08-31,2.8305,2.8305,2.8305,2.8305,0
2009-09-01,2.8585,2.8585,2.825,2.825,2
2009-09-02,2.8155,2.832,2.8095,2.832,22
2009-09-03,2.8645,2.88,2.8645,2.871,7
2009-09-04,2.876,2.876,2.8725,2.8725,1
2009-09-08,2.955,2.9625,2.955,2.9625,4
2009-09-09,2.967,2.967,2.921,2.931,7
2009-09-10,2.8685,2.8855,2.8685,2.8855,1
2009-09-11,2.855,2.857,2.855,2.8555,4
2009-09-14,2.8145,2.8145,2.8145,2.8145,4
2009-09-15,2.857,2.857,2.8545,2.8545,4
2009-09-16,2.859,2.9455,2.859,2.9455,3
2009-09-17,2.9385,2.9385,2.9005,2.9055,12
2009-09-18,2.8865,2.8865,2.796,2.796,4
2009-09-21,2.79,2.8195,2.772,2.8165,6
2009-09-22,2.838,2.8755,2.838,2.8755,1
2009-09-23,2.819,2.822,2.819,2.819,31
2009-09-24,2.73,2.73,2.71,2.7195,4
2009-09-25,2.7475,2.7515,2.7475,2.7505,53
2009-09-28,2.7365,2.7365,2.7365,2.7365,9
2009-09-29,2.728,2.7385,2.728,2.7385,19
2009-09-30,2.8275,2.8275,2.8275,2.8275,211
2009-10-01,2.7875,2.788,2.7325,2.747,245
2009-10-02,2.718,2.718,2.674,2.693,687
2009-10-05,2.7385,2.742,2.7385,2.7385,623
2009-10-06,2.7945,2.7945,2.792,2.7945,436
2009-10-07,2.7915,2.7915,2.789,2.789,623
2009-10-08,2.9065,2.9065,2.9065,2.9065,141
2009-10-09,2.863,2.863,2.8455,2.8465,46
2009-10-12,2.866,2.866,2.866,2.866,3
2009-10-13,2.795,2.807,2.795,2.8045,214
2009-10-14,2.8545,2.8545,2.8545,2.8545,176
2009-10-15,2.868,2.8685,2.868,2.8685,5
2009-10-16,2.8355,2.86,2.8355,2.8565,54
2009-10-19,2.972,2.9755,2.972,2.9755,293
2009-10-20,2.9775,2.9775,2.933,2.942,777
2009-10-21,2.9735,3.045,2.9735,3.045,154
2009-10-22,3.03,3.0305,3.0065,3.007,124
2009-10-23,3.0415,3.045,3.04,3.044,77
2009-10-26,3.044,3.0735,3.0115,3.021,40
2009-10-27,3.0135,3.0305,3.0095,3.0095,134
2009-10-28,2.9645,2.9645,2.9345,2.9405,74
2009-10-29,2.9815,3.0395,2.9775,3.0395,14
2009-10-30,3.046,3.046,2.966,2.966,141
2009-11-02,2.959,2.959,2.956,2.956,4
2009-11-03,2.992,2.992,2.912,2.968,89
2009-11-04,3.009,3.015,2.9945,3.006,119
2009-11-05,2.998,2.998,2.9705,2.9705,46
2009-11-06,2.97,2.982,2.9605,2.9685,182
2009-11-09,3.0075,3.017,2.984,2.984,18
2009-11-10,2.976,2.984,2.976,2.978,289
2009-11-11,3.033,3.033,2.978,2.983,92
2009-11-12,2.98,2.983,2.95,2.9655,89
2009-11-13,2.9645,2.9915,2.958,2.9915,8
2009-11-16,3.006,3.13,3.006,3.1215,146
2009-11-17,3.1,3.1305,3.1,3.126,21
2009-11-18,3.135,3.1705,3.1285,3.1285,9
2009-11-19,3.1355,3.1355,3.099,3.099,4
2009-11-20,3.1055,3.1385,3.1025,3.1255,445
2009-11-23,3.1745,3.19,3.147,3.1535,427
2009-11-24,3.133,3.1515,3.122,3.135,391
2009-11-25,3.162,3.1885,3.144,3.1885,301
2009-11-27,3.16,3.16,3.03,3.1165,173
2009-11-30,3.125,3.1735,3.1095,3.168,132
2009-12-01,3.175,3.222,3.1495,3.222,131
2009-12-02,3.255,3.26,3.2375,3.2495,490
2009-12-03,3.24,3.2475,3.23,3.2365,21
2009-12-04,3.22,3.2565,3.193,3.2285,67
2009-12-07,3.2015,3.208,3.155,3.2005,152
2009-12-08,3.1995,3.23,3.139,3.156,138
2009-12-09,3.153,3.1715,3.1,3.114,190
2009-12-10,3.114,3.13,3.076,3.0945,97
2009-12-11,3.132,3.132,3.107,3.1245,231
2009-12-14,3.1365,3.151,3.113,3.1435,98
2009-12-15,3.153,3.155,3.1065,3.1335,75
2009-12-16,3.1445,3.207,3.1445,3.198,49
2009-12-17,3.168,3.1775,3.113,3.121,104
2009-12-18,3.142,3.142,3.105,3.1315,60
2009-12-21,3.1365,3.1585,3.136,3.1515,104
2009-12-22,3.1265,3.131,3.1115,3.131,25
2009-12-23,3.141,3.2005,3.141,3.1965,42
2009-12-24,3.194,3.289,3.194,3.283,169
2009-12-28,3.3305,3.332,3.306,3.328,253
2009-12-29,3.2915,3.309,3.29,3.3055,234
2009-12-30,3.3115,3.345,3.309,3.337,204
2009-12-31,3.363,3.3695,3.331,3.3385,299
2010-01-04,3.377,3.4105,3.373,3.3985,135
2010-01-05,3.393,3.42,3.381,3.4055,160
2010-01-06,3.4285,3.511,3.4285,3.4865,140
2010-01-07,3.483,3.5,3.4185,3.4185,245
2010-01-08,3.4265,3.4335,3.388,3.393,242
2010-01-11,3.4225,3.486,3.4225,3.4335,304
2010-01-12,3.4345,3.4535,3.3075,3.342,185
2010-01-13,3.3255,3.4075,3.319,3.392,113
2010-01-14,3.413,3.43,3.3795,3.3795,308
2010-01-15,3.418,3.418,3.349,3.358,188
2010-01-19,3.36,3.449,3.36,3.44,469
2010-01-20,3.459,3.459,3.3355,3.348,188
2010-01-21,3.382,3.3985,3.2755,3.2885,292
2010-01-22,3.29,3.353,3.2675,3.3405,164
2010-01-25,3.326,3.3875,3.326,3.386,155
2010-01-26,3.37,3.37,3.3,3.331,380
2010-01-27,3.3325,3.335,3.177,3.215,252
2010-01-28,3.197,3.214,3.089,3.09,351
2010-01-29,3.1355,3.1355,3.036,3.046,451
2010-02-01,3.03,3.1045,2.996,3.0785,436
2010-02-02,3.075,3.1165,3.075,3.085,137
2010-02-03,3.065,3.065,2.968,2.968,218
2010-02-04,2.9865,2.9865,2.875,2.8755,167
2010-02-05,2.86,2.8855,2.854,2.854,103
2010-02-08,2.8745,2.9095,2.872,2.9095,87
2010-02-09,2.9435,2.997,2.923,2.9835,333
2010-02-10,2.9835,3.0,2.9665,2.986,116
2010-02-11,3.0455,3.1365,3.0165,3.1295,268
2010-02-12,3.105,3.105,3.035,3.079,111
2008-05-15,3.5255,3.5255,3.5255,3.5255,0
2008-05-16,3.595,3.595,3.595,3.595,0
2008-05-19,3.567,3.567,3.567,3.567,0
2008-05-20,3.5585,3.5585,3.5585,3.5585,0
2008-05-21,3.559,3.559,3.559,3.559,0
2008-05-22,3.5555,3.5555,3.5555,3.5555,0
2008-05-23,3.5755,3.5755,3.5755,3.5755,0
2008-05-27,3.5545,3.5545,3.5545,3.5545,0
2008-05-28,3.58,3.58,3.536,3.536,1
2008-05-29,3.433,3.433,3.433,3.433,0
2008-05-30,3.4715,3.4715,3.4715,3.4715,0
2008-06-02,3.4745,3.4745,3.4745,3.4745,0
2008-06-03,3.456,3.456,3.456,3.456,0
2008-06-04,3.4095,3.4095,3.4095,3.4095,0
2008-06-05,3.4065,3.4065,3.4065,3.4065,0
2008-06-06,3.4705,3.4705,3.4705,3.4705,0
2008-06-09,3.4885,3.4885,3.4885,3.4885,0
2008-06-10,3.4375,3.4375,3.4375,3.4375,0
2008-06-11,3.446,3.446,3.446,3.446,0
2008-06-12,3.407,3.407,3.407,3.407,0
2008-06-13,3.4275,3.4275,3.4275,3.4275,0
2008-06-16,3.4965,3.4965,3.4965,3.4965,0
2008-06-17,3.502,3.502,3.502,3.502,0
2008-06-18,3.555,3.555,3.555,3.555,0
2008-06-19,3.571,3.571,3.571,3.571,0
2008-06-20,3.6175,3.6175,3.6175,3.6175,0
2008-06-23,3.5755,3.5755,3.5755,3.5755,0
2008-06-24,3.5535,3.5535,3.5535,3.5535,0
2008-06-25,3.558,3.558,3.558,3.558,0
2008-06-26,3.5855,3.5855,3.5855,3.5855,0
2008-06-27,3.6295,3.6295,3.6295,3.6295,0
2008-06-30,3.6355,3.6355,3.6355,3.6355,0
2008-07-01,3.6625,3.6625,3.6625,3.6625,0
2008-07-02,3.771,3.771,3.771,3.771,0
2008-07-03,3.669,3.669,3.669,3.669,0
2008-07-07,3.596,3.596,3.596,3.596,0
2008-07-08,3.4735,3.4735,3.4735,3.4735,0
2008-07-09,3.5095,3.5095,3.5095,3.5095,0
2008-07-10,3.49,3.49,3.49,3.49,0
2008-07-11,3.525,3.525,3.513,3.513,1
2008-07-14,3.526,3.526,3.526,3.526,0
2008-07-15,3.4755,3.4755,3.4755,3.4755,0
2008-07-16,3.397,3.397,3.397,3.397,0
2008-07-17,3.418,3.418,3.418,3.418,0
2008-07-18,3.402,3.402,3.402,3.402,0
2008-07-21,3.4415,3.4415,3.4415,3.4415,0
2008-07-22,3.452,3.452,3.452,3.452,0
2008-07-23,3.4295,3.4295,3.4295,3.4295,0
2008-07-24,3.358,3.358,3.358,3.358,0
2008-07-25,3.381,3.381,3.381,3.381,0
2008-07-28,3.391,3.391,3.391,3.391,0
2008-07-29,3.388,3.388,3.388,3.388,0
2008-07-30,3.4275,3.4275,3.4275,3.4275,0
2008-07-31,3.4525,3.4525,3.4525,3.4525,0
2008-08-01,3.389,3.389,3.389,3.389,0
2008-08-04,3.2965,3.2965,3.2965,3.2965,0
2008-08-05,3.2755,3.2755,3.2755,3.2755,0
2008-08-06,3.2885,3.2885,3.2885,3.2885,0
2008-08-07,3.2835,3.2835,3.2835,3.2835,0
2008-08-08,3.226,3.226,3.226,3.226,0
2008-08-11,3.1995,3.1995,3.1995,3.1995,0
2008-08-12,3.14,3.14,3.14,3.14,0
2008-08-13,3.263,3.263,3.263,3.263,0
2008-08-14,3.2315,3.2315,3.2315,3.2315,0
2008-08-15,3.2385,3.2385,3.2385,3.2385,0
2008-08-18,3.2145,3.2145,3.2145,3.2145,0
2008-08-19,3.323,3.323,3.323,3.323,0
2008-08-20,3.2995,3.2995,3.2995,3.2995,0
2008-08-21,3.414,3.414,3.414,3.414,0
2008-08-22,3.3555,3.3555,3.3555,3.3555,0
2008-08-25,3.3445,3.3445,3.3445,3.3445,0
2008-08-26,3.3045,3.3045,3.3045,3.3045,0
2008-08-27,3.3325,3.3325,3.3325,3.3325,0
2008-08-28,3.303,3.303,3.303,3.303,0
2008-08-29,3.289,3.289,3.289,3.289,0
2008-09-02,3.208,3.208,3.208,3.208,0
2008-09-03,3.2465,3.2465,3.2465,3.2465,0
2008-09-04,3.2165,3.2165,3.2165,3.2165,0
2008-09-05,3.0785,3.0785,3.0785,3.0785,0
2008-09-08,3.041,3.065,3.041,3.065,1
2008-09-09,3.055,3.055,3.055,3.055,0
2008-09-10,3.073,3.073,3.073,3.073,0
2008-09-11,3.0685,3.0685,3.0685,3.0685,0
2008-09-12,3.13,3.13,3.13,3.13,0
2008-09-15,3.0895,3.0895,3.0895,3.0895,0
2008-09-16,3.034,3.034,3.034,3.034,0
2008-09-17,2.9885,2.9885,2.9885,2.9885,0
2008-09-18,3.02,3.02,3.02,3.02,0
2008-09-19,3.121,3.121,3.121,3.121,0
2008-09-22,3.201,3.201,3.201,3.201,0
2008-09-23,3.119,3.119,3.119,3.119,0
2008-09-24,3.0765,3.0765,3.0765,3.0765,0
2008-09-25,3.097,3.097,3.097,3.097,0
2008-09-26,3.05,3.05,3.05,3.05,0
2008-09-29,2.9,2.9,2.9,2.9,0
2008-09-30,2.8775,2.8775,2.8775,2.8775,0
2008-10-01,2.795,2.795,2.795,2.795,0
2008-10-02,2.6385,2.6385,2.6385,2.6385,0
2008-10-03,2.6865,2.6865,2.6865,2.6865,0
2008-10-06,2.5015,2.5015,2.5015,2.5015,0
2008-10-07,2.534,2.534,2.534,2.534,0
2008-10-08,2.3625,2.3625,2.3625,2.3625,0
2008-10-09,2.412,2.412,2.412,2.412,0
2008-10-10,2.1565,2.1565,2.1565,2.1565,0
2008-10-13,2.3275,2.3275,2.3275,2.3275,0
2008-10-14,2.4285,2.4285,2.4285,2.4285,0
2008-10-15,2.2475,2.2475,2.2475,2.2475,0
2008-10-16,2.1275,2.1275,2.1275,2.1275,0
2008-10-17,2.2185,2.2185,2.2185,2.2185,0
2008-10-20,2.158,2.158,2.158,2.158,0
2008-10-21,2.0565,2.0565,2.0565,2.0565,0
2008-10-22,1.9225,1.9225,1.9225,1.9225,0
2008-10-23,1.848,1.848,1.848,1.848,0
2008-10-24,1.729,1.729,1.729,1.729,0
2008-10-27,1.849,1.849,1.849,1.849,0
2008-10-28,1.9015,1.9015,1.9015,1.9015,0
2008-10-29,2.126,2.126,2.126,2.126,0
2008-10-30,1.9295,1.9295,1.9295,1.9295,0
2008-10-31,1.8765,1.8765,1.8765,1.8765,3
2008-11-03,1.8915,1.8915,1.8915,1.8915,0
2008-11-04,2.008,2.008,2.008,2.008,0
2008-11-05,1.8665,1.8665,1.8665,1.8665,0
2008-11-06,1.774,1.774,1.774,1.774,0
2008-11-07,1.753,1.753,1.753,1.753,0
2008-11-10,1.8065,1.8065,1.8065,1.8065,0
2008-11-11,1.7105,1.7105,1.7105,1.7105,0
2008-11-12,1.717,1.717,1.717,1.717,0
2008-11-13,1.6865,1.6865,1.6865,1.6865,0
2008-11-14,1.7715,1.7715,1.7715,1.7715,0
2008-11-17,1.7265,1.7325,1.724,1.724,19
2008-11-18,1.735,1.735,1.735,1.735,10
2008-11-19,1.678,1.678,1.678,1.678,0
2008-11-20,1.647,1.647,1.647,1.647,0
2008-11-21,1.641,1.641,1.641,1.641,0
2008-11-24,1.7255,1.7255,1.7255,1.7255,0
2008-11-25,1.71,1.71,1.71,1.71,0
2008-11-26,1.746,1.746,1.746,1.746,0
2008-11-28,1.7035,1.7035,1.7035,1.7035,2
2008-12-01,1.685,1.685,1.685,1.685,0
2008-12-02,1.649,1.649,1.649,1.649,0
2008-12-03,1.602,1.602,1.602,1.602,0
2008-12-04,1.516,1.516,1.516,1.516,0
2008-12-05,1.418,1.418,1.418,1.418,0
2008-12-08,1.5355,1.5355,1.5355,1.5355,0
2008-12-09,1.4825,1.4825,1.4825,1.4825,0
2008-12-10,1.534,1.534,1.534,1.534,0
2008-12-11,1.553,1.553,1.553,1.553,2
2008-12-12,1.4745,1.4745,1.4745,1.4745,0
2008-12-15,1.452,1.452,1.452,1.452,0
2008-12-16,1.4245,1.4245,1.4245,1.4245,0
2008-12-17,1.4185,1.4185,1.4185,1.4185,0
2008-12-18,1.348,1.348,1.348,1.348,0
2008-12-19,1.37,1.37,1.37,1.37,0
2008-12-22,1.391,1.391,1.391,1.391,0
2008-12-23,1.3345,1.3345,1.3345,1.3345,0
2008-12-24,1.33,1.33,1.33,1.33,0
2008-12-26,1.34,1.356,1.34,1.356,3
2008-12-29,1.3625,1.3625,1.3625,1.3625,0
2008-12-30,1.3695,1.3695,1.3695,1.3695,0
2008-12-31,1.4495,1.4495,1.4495,1.4495,0
2009-01-02,1.501,1.501,1.501,1.501,0
2009-01-05,1.502,1.502,1.502,1.502,0
2009-01-06,1.622,1.622,1.622,1.622,0
2009-01-07,1.551,1.551,1.551,1.551,0
2009-01-08,1.523,1.523,1.523,1.523,0
2009-01-09,1.5935,1.5935,1.5935,1.5935,0
2009-01-12,1.525,1.525,1.525,1.525,0
2009-01-13,1.59,1.59,1.59,1.59,0
2009-01-14,1.535,1.535,1.535,1.535,0
2009-01-15,1.4995,1.4995,1.4995,1.4995,0
2009-01-16,1.571,1.571,1.571,1.571,0
2009-01-20,1.5445,1.5445,1.5445,1.5445,0
2009-01-21,1.4735,1.4735,1.4735,1.4735,0
2009-01-22,1.4385,1.4385,1.4385,1.4385,0
2009-01-23,1.516,1.516,1.516,1.516,0
2009-01-26,1.627,1.627,1.627,1.627,0
2009-01-27,1.526,1.526,1.526,1.526,0
2009-01-28,1.536,1.536,1.536,1.536,0
2009-01-29,1.503,1.503,1.503,1.503,0
2009-01-30,1.516,1.516,1.516,1.516,0
2009-02-02,1.483,1.483,1.483,1.483,1
2009-02-03,1.5685,1.5685,1.5685,1.5685,0
2009-02-04,1.5705,1.5705,1.5705,1.5705,0
2009-02-05,1.5405,1.5405,1.5405,1.5405,0
2009-02-06,1.673,1.673,1.673,1.673,0
2009-02-09,1.661,1.661,1.661,1.661,0
2009-02-10,1.6265,1.6265,1.6265,1.6265,0
2009-02-11,1.5915,1.5915,1.5915,1.5915,0
2009-02-12,1.589,1.589,1.589,1.589,0
2009-02-13,1.5895,1.5895,1.5895,1.5895,0
2009-02-17,1.487,1.487,1.487,1.487,0
2009-02-18,1.499,1.499,1.499,1.499,0
2009-02-19,1.528,1.528,1.528,1.528,0
2009-02-20,1.4775,1.4775,1.4775,1.4775,0
2009-02-23,1.497,1.497,1.497,1.497,0
2009-02-24,1.5445,1.5445,1.5445,1.5445,0
2009-02-25,1.575,1.575,1.575,1.575,0
2009-02-26,1.6175,1.6175,1.6175,1.6175,0
2009-02-27,1.5775,1.5775,1.5775,1.5775,0
2009-03-02,1.554,1.554,1.554,1.554,0
2009-03-03,1.636,1.636,1.636,1.636,0
2009-03-04,1.7185,1.7185,1.7185,1.7185,0
2009-03-05,1.68,1.68,1.68,1.68,0
2009-03-06,1.718,1.718,1.718,1.718,0
2009-03-09,1.679,1.679,1.679,1.679,0
2009-03-10,1.7205,1.7205,1.7205,1.7205,0
2009-03-11,1.662,1.662,1.662,1.662,0
2009-03-12,1.666,1.666,1.666,1.666,0
2009-03-13,1.701,1.701,1.701,1.701,0
2009-03-16,1.7775,1.7775,1.7775,1.7775,0
2009-03-17,1.753,1.753,1.753,1.753,0
2009-03-18,1.752,1.752,1.752,1.752,0
2009-03-19,1.8545,1.8545,1.8395,1.8395,1
2009-03-20,1.83,1.83,1.83,1.83,0
2009-03-23,1.8765,1.8765,1.8765,1.8765,0
2009-03-24,1.846,1.846,1.846,1.846,0
2009-03-25,1.843,1.843,1.843,1.843,0
2009-03-26,1.913,1.913,1.8935,1.8935,2
2009-03-27,1.874,1.874,1.874,1.874,0
2009-03-30,1.8065,1.8065,1.8065,1.8065,0
2009-03-31,1.883,1.883,1.883,1.883,0
2009-04-01,1.8845,1.8845,1.8845,1.8845,0
2009-04-02,1.9215,1.9215,1.9215,1.9215,0
2009-04-03,2.0235,2.0235,2.0235,2.0235,2
2009-04-06,1.986,1.986,1.986,1.986,0
2009-04-07,2.0235,2.0235,2.0235,2.0235,0
2009-04-08,2.0335,2.0335,2.0335,2.0335,0
2009-04-09,2.1055,2.1055,2.1055,2.1055,0
2009-04-13,2.1675,2.1675,2.1605,2.1605,7
2009-04-14,2.1545,2.1545,2.1545,2.1545,0
2009-04-15,2.2275,2.2275,2.2275,2.2275,0
2009-04-16,2.1755,2.1945,2.1755,2.1945,1
2009-04-17,2.187,2.193,2.15,2.187,24
2009-04-20,2.0975,2.0975,2.0975,2.0975,0
2009-04-21,2.0635,2.0635,2.0635,2.0635,0
2009-04-22,2.0415,2.0415,2.0415,2.0415,0
2009-04-23,1.9795,1.9945,1.975,1.975,4
2009-04-24,2.0305,2.0305,2.0305,2.0305,0
2009-04-27,1.971,1.971,1.971,1.971,0
2009-04-28,1.9135,1.9135,1.9135,1.9135,0
2009-04-29,1.999,1.999,1.999,1.999,0
2009-04-30,2.038,2.038,2.038,2.038,0
2009-05-01,2.0925,2.0925,2.0925,2.0925,0
2009-05-04,2.1365,2.1365,2.1365,2.1365,0
2009-05-05,2.0795,2.0795,2.0795,2.0795,0
2009-05-06,2.179,2.179,2.179,2.179,0
2009-05-07,2.1665,2.1665,2.1665,2.1665,0
2009-05-08,2.1545,2.1545,2.1545,2.1545,0
2009-05-11,2.106,2.106,2.106,2.106,0
2009-05-12,2.103,2.103,2.103,2.103,0
2009-05-13,2.044,2.044,2.044,2.044,0
2009-05-14,2.0365,2.0365,2.0365,2.0365,0
2009-05-15,2.0305,2.0305,2.0305,2.0305,0
2009-05-18,2.084,2.084,2.084,2.084,0
2009-05-19,2.11,2.11,2.088,2.088,3
2009-05-20,2.1235,2.1235,2.1235,2.1235,0
2009-05-21,2.075,2.075,2.063,2.067,3
2009-05-22,2.1075,2.1075,2.1075,2.1075,0
2009-05-26,2.1455,2.1455,2.1455,2.1455,1
2009-05-27,2.134,2.134,2.134,2.134,0
2009-05-28,2.152,2.152,2.152,2.152,0
2009-05-29,2.202,2.202,2.202,2.202,0
2009-06-01,2.322,2.322,2.322,2.322,0
2009-06-02,2.306,2.306,2.306,2.306,0
2009-06-03,2.229,2.229,2.229,2.229,0
2009-06-04,2.318,2.318,2.318,2.318,0
2009-06-05,2.3065,2.3065,2.3065,2.3065,0
2009-06-08,2.276,2.276,2.276,2.276,22
2009-06-09,2.3855,2.3855,2.3855,2.3855,44
2009-06-10,2.383,2.383,2.383,2.383,22
2009-06-11,2.46,2.46,2.46,2.46,0
2009-06-12,2.393,2.393,2.393,2.393,0
2009-06-15,2.3085,2.3085,2.3085,2.3085,0
2009-06-16,2.3,2.3,2.2765,2.2765,4
2009-06-17,2.2795,2.2795,2.2795,2.2795,0
2009-06-18,2.2925,2.2925,2.2925,2.2925,0
2009-06-19,2.296,2.296,2.2725,2.2725,1
2009-06-22,2.2,2.2,2.1595,2.1595,8
2009-06-23,2.227,2.227,2.227,2.227,0
2009-06-24,2.2925,2.2925,2.2925,2.2925,0
2009-06-25,2.324,2.324,2.324,2.324,1
2009-06-26,2.3165,2.3195,2.3165,2.3195,2
2009-06-29,2.3365,2.3365,2.3365,2.3365,0
2009-06-30,2.2845,2.2845,2.2845,2.2845,0
2009-07-01,2.3435,2.3435,2.3435,2.3435,0
2009-07-02,2.3205,2.3205,2.3205,2.3205,0
2009-07-06,2.281,2.281,2.281,2.281,0
2009-07-07,2.2475,2.2475,2.2475,2.2475,0
2009-07-08,2.183,2.183,2.183,2.183,1
2009-07-09,2.215,2.258,2.215,2.258,6
2009-07-10,2.2295,2.2295,2.2295,2.2295,0
2009-07-13,2.238,2.238,2.238,2.238,0
2009-07-14,2.3145,2.3145,2.313,2.313,45
2009-07-15,2.4,2.402,2.4,2.402,232
2009-07-16,2.4005,2.4005,2.4005,2.4005,0
2009-07-17,2.434,2.434,2.434,2.434,0
2009-07-20,2.4795,2.4795,2.4795,2.4795,0
2009-07-21,2.487,2.487,2.4615,2.4615,67
2009-07-22,2.534,2.534,2.534,2.534,0
2009-07-23,2.5075,2.5275,2.5075,2.5275,1
2009-07-24,2.527,2.527,2.527,2.527,0
2009-07-27,2.5505,2.5505,2.5505,2.5505,0
2009-07-28,2.5345,2.5345,2.5345,2.5345,0
2009-07-29,2.49,2.49,2.49,2.49,0
2009-07-30,2.568,2.57,2.568,2.57,2
2009-07-31,2.6305,2.6305,2.6305,2.6305,0
2009-08-03,2.737,2.748,2.737,2.748,2
2009-08-04,2.8035,2.8035,2.8035,2.8035,0
2009-08-05,2.8195,2.8195,2.8195,2.8195,0
2009-08-06,2.762,2.762,2.762,2.762,0
2009-08-07,2.7985,2.7985,2.7985,2.7985,0
2009-08-10,2.787,2.787,2.787,2.787,0
2009-08-11,2.7545,2.7545,2.7545,2.7545,0
2009-08-12,2.8385,2.8385,2.8385,2.8385,0
2009-08-13,2.9285,2.9285,2.9285,2.9285,0
2009-08-14,2.846,2.8515,2.8445,2.8515,3
2009-08-17,2.787,2.787,2.787,2.787,0
2009-08-18,2.749,2.77,2.749,2.77,18
2009-08-19,2.765,2.765,2.765,2.765,0
2009-08-20,2.73,2.7485,2.73,2.7485,1
2009-08-21,2.8,2.8875,2.8,2.8875,1
2009-08-24,2.895,2.9235,2.895,2.9235,8
2009-08-25,2.869,2.869,2.869,2.869,0
2009-08-26,2.878,2.878,2.878,2.878,10
2009-08-27,2.875,2.875,2.875,2.875,0
2009-08-28,2.9505,2.9505,2.9505,2.9505,0
2009-08-31,2.828,2.828,2.828,2.828,0
2009-09-01,2.8275,2.8275,2.8275,2.8275,0
2009-09-02,2.836,2.836,2.836,2.836,0
2009-09-03,2.822,2.88,2.822,2.872,8
2009-09-04,2.874,2.874,2.874,2.874,8
2009-09-08,2.9585,2.9585,2.9585,2.9585,0
2009-09-09,2.927,2.927,2.927,2.927,0
2009-09-10,2.87,2.8835,2.87,2.8835,1
2009-09-11,2.8555,2.8555,2.8555,2.8555,0
2009-09-14,2.818,2.818,2.818,2.818,0
2009-09-15,2.8575,2.8575,2.8575,2.8575,0
2009-09-16,2.8945,2.9475,2.8945,2.9475,2
2009-09-17,2.907,2.907,2.907,2.907,0
2009-09-18,2.799,2.799,2.799,2.799,0
2009-09-21,2.82,2.82,2.82,2.82,0
2009-09-22,2.83,2.8795,2.83,2.8795,2
2009-09-23,2.8245,2.8245,2.8245,2.8245,0
2009-09-24,2.75,2.75,2.725,2.725,10
2009-09-25,2.756,2.756,2.756,2.756,0
2009-09-28,2.742,2.742,2.742,2.742,0
2009-09-29,2.735,2.745,2.735,2.745,3
2009-09-30,2.834,2.834,2.834,2.834,0
2009-10-01,2.7545,2.7545,2.753,2.753,15
2009-10-02,2.7,2.7,2.6985,2.6985,1
2009-10-05,2.75,2.75,2.743,2.743,1
2009-10-06,2.8075,2.808,2.7985,2.7985,7
2009-10-07,2.794,2.7945,2.794,2.7945,1
2009-10-08,2.913,2.913,2.913,2.913,1
2009-10-09,2.8545,2.8545,2.8525,2.8525,1
2009-10-12,2.8735,2.8735,2.871,2.871,1
2009-10-13,2.812,2.812,2.811,2.811,1
2009-10-14,2.8625,2.8625,2.862,2.862,5
2009-10-15,2.814,2.876,2.814,2.8755,11
2009-10-16,2.8525,2.865,2.8525,2.865,6
2009-10-19,2.984,2.984,2.9835,2.9835,1
2009-10-20,2.9495,2.95,2.9495,2.95,1
2009-10-21,3.013,3.054,3.013,3.053,3
2009-10-22,3.0175,3.038,3.0155,3.0155,8
2009-10-23,3.0515,3.0525,3.0275,3.0525,3
2009-10-26,3.044,3.044,3.031,3.031,3
2009-10-27,3.021,3.021,3.021,3.021,49
2009-10-28,2.962,2.962,2.9525,2.9525,3
2009-10-29,3.0525,3.0525,3.05,3.0505,2
2009-10-30,2.9825,2.9825,2.978,2.978,2
2009-11-02,2.967,2.967,2.967,2.967,110
2009-11-03,2.9485,2.9775,2.9485,2.9775,5
2009-11-04,3.016,3.016,3.016,3.016,0
2009-11-05,2.9815,2.9815,2.9815,2.9815,86
2009-11-06,2.9795,2.9795,2.9795,2.9795,0
2009-11-09,2.9965,2.9965,2.9965,2.9965,0
2009-11-10,2.982,2.9965,2.982,2.9905,6
2009-11-11,2.9955,2.9955,2.9905,2.9955,0
2009-11-12,2.9775,2.9955,2.9775,2.9775,0
2009-11-13,3.0045,3.005,2.9775,3.005,9
2009-11-16,3.0565,3.15,3.0565,3.133,2
2009-11-17,3.1365,3.1365,3.125,3.1365,8
2009-11-18,3.139,3.139,3.139,3.139,0
2009-11-19,3.1105,3.1105,3.1105,3.1105,0
2009-11-20,3.1505,3.1505,3.139,3.139,3
2009-11-23,3.1665,3.1695,3.1665,3.1665,0
2009-11-24,3.1495,3.1505,3.142,3.1485,268
2009-11-25,3.177,3.208,3.177,3.2025,186
2009-11-27,3.0975,3.1335,3.0575,3.1315,48
2009-11-30,3.142,3.184,3.128,3.1825,42
2009-12-01,3.1685,3.24,3.1685,3.236,36
2009-12-02,3.243,3.266,3.243,3.2635,15
2009-12-03,3.2665,3.277,3.251,3.251,50
2009-12-04,3.245,3.245,3.2435,3.2435,4
2009-12-07,3.2155,3.226,3.215,3.216,70
2009-12-08,3.2315,3.2315,3.1485,3.1715,74
2009-12-09,3.1885,3.1885,3.131,3.131,12
2009-12-10,3.125,3.125,3.11,3.1105,14
2009-12-11,3.134,3.141,3.1225,3.141,110
2009-12-14,3.1625,3.1625,3.16,3.16,11
2009-12-15,3.162,3.162,3.1495,3.1495,2
2009-12-16,3.191,3.2135,3.191,3.2135,7
2009-12-17,3.13,3.1345,3.1265,3.1345,113
2009-12-18,3.125,3.149,3.125,3.1455,84
2009-12-21,3.1515,3.1655,3.1515,3.1655,4
2009-12-22,3.1615,3.1615,3.145,3.145,63
2009-12-23,3.17,3.214,3.17,3.2105,9
2009-12-24,3.273,3.3005,3.2665,3.2995,4
2009-12-28,3.326,3.3435,3.326,3.3435,14
2009-12-29,3.312,3.325,3.312,3.3205,18
2009-12-30,3.3405,3.354,3.339,3.352,30
2009-12-31,3.3735,3.3735,3.3535,3.3535,6
2010-01-04,3.425,3.425,3.405,3.4135,9
2010-01-05,3.41,3.422,3.397,3.421,20
2010-01-06,3.472,3.5045,3.472,3.5015,17
2010-01-07,3.519,3.519,3.434,3.434,36
2010-01-08,3.4485,3.4485,3.4005,3.4075,119
2010-01-11,3.485,3.501,3.4475,3.4475,165
2010-01-12,3.438,3.438,3.3215,3.3565,134
2010-01-13,3.3415,3.418,3.34,3.407,102
2010-01-14,3.444,3.444,3.394,3.394,59
2010-01-15,3.3875,3.39,3.371,3.3725,55
2010-01-19,3.3735,3.458,3.3735,3.452,70
2010-01-20,3.452,3.452,3.3485,3.361,75
2010-01-21,3.399,3.399,3.3015,3.3015,163
2010-01-22,3.286,3.368,3.2825,3.3535,25
2010-01-25,3.33,3.4085,3.33,3.3995,22
2010-01-26,3.3695,3.3705,3.3325,3.3465,53
2010-01-27,3.3325,3.3325,3.1955,3.23,80
2010-01-28,3.2095,3.2495,3.1025,3.106,134
2010-01-29,3.105,3.155,3.045,3.0595,82
2010-02-01,3.015,3.1135,3.015,3.091,79
2010-02-02,3.0905,3.123,3.0655,3.0965,103
2010-02-03,3.1325,3.15,2.965,2.9805,188
2010-02-04,2.9955,2.9955,2.865,2.8865,125
2010-02-05,2.894,2.9,2.83,2.866,154
2010-02-08,2.88,2.924,2.8775,2.922,131
2010-02-09,2.906,3.006,2.906,2.9965,102
2010-02-10,2.986,3.0085,2.9415,2.999,286
2010-02-11,3.014,3.1495,3.014,3.143,107
2010-02-12,3.1465,3.1465,3.0635,3.0925,436
2010-02-16,3.0925,3.2325,3.075,3.231,368
2010-02-17,3.227,3.269,3.21,3.2495,274
2010-02-18,3.2175,3.3325,3.19,3.2965,422
2010-02-19,3.256,3.37,3.2245,3.3695,891
2010-02-22,3.3675,3.368,3.2995,3.3195,401
2010-02-23,3.306,3.356,3.206,3.226,611
2010-02-24,3.224,3.254,3.1875,3.246,289
2010-02-25,3.264,3.2785,3.161,3.2025,648
2010-02-26,3.213,3.282,3.1985,3.2765,130
2010-03-01,3.3525,3.4725,3.3175,3.343,732
2010-03-02,3.338,3.407,3.291,3.4045,264
2010-03-03,3.395,3.4625,3.345,3.4275,307
2010-03-04,3.4,3.423,3.342,3.368,236
2010-03-05,3.373,3.45,3.37,3.41,287
2010-03-08,3.4155,3.4525,3.379,3.404,263
2010-03-09,3.3875,3.411,3.356,3.4045,254
2010-03-10,3.3925,3.435,3.3475,3.361,314
2010-03-11,3.3775,3.3865,3.332,3.37,197
2010-03-12,3.389,3.398,3.3585,3.3725,104
2010-03-15,3.35,3.35,3.2885,3.308,434
2010-03-16,3.32,3.376,3.32,3.3575,180
2010-03-17,3.372,3.42,3.369,3.4125,378
2010-03-18,3.41,3.41,3.3725,3.3895,119
2010-03-19,3.4065,3.4125,3.3525,3.3665,411
2010-03-22,3.367,3.3805,3.3065,3.3745,717
2010-03-23,3.3835,3.4,3.3545,3.373,535
2010-03-24,3.3645,3.3645,3.315,3.3395,623
2010-03-25,3.322,3.3775,3.32,3.374,583
2010-03-26,3.345,3.425,3.335,3.395,339
2010-03-29,3.4125,3.533,3.4125,3.528,417
2010-03-30,3.5015,3.5655,3.4985,3.555,886
2010-03-31,3.538,3.5575,3.5145,3.546,283
2010-04-01,3.544,3.589,3.542,3.577,213
2010-04-05,3.6085,3.6295,3.6,3.626,159
2010-04-06,3.6195,3.6265,3.6015,3.6095,82
2010-04-07,3.6005,3.6255,3.58,3.592,188
2010-04-08,3.538,3.581,3.538,3.581,102
2010-04-09,3.603,3.6045,3.5805,3.5845,204
2010-04-12,3.5865,3.5945,3.549,3.5595,89
2010-04-13,3.5675,3.5955,3.54,3.5955,146
2010-04-14,3.594,3.6125,3.593,3.6055,250
2010-04-15,3.605,3.6075,3.5655,3.5965,219
2008-11-17,1.739,1.739,1.739,1.739,0
2008-11-18,1.753,1.753,1.753,1.753,10
2008-11-19,1.699,1.699,1.699,1.699,0
2008-11-20,1.668,1.668,1.668,1.668,0
2008-11-21,1.662,1.662,1.662,1.662,0
2008-11-24,1.7435,1.7435,1.7435,1.7435,0
2008-11-25,1.7255,1.7255,1.7255,1.7255,0
2008-11-26,1.7615,1.7615,1.7615,1.7615,0
2008-11-28,1.8095,1.811,1.719,1.719,11
2008-12-01,1.7005,1.7005,1.7005,1.7005,0
2008-12-02,1.664,1.664,1.664,1.664,0
2008-12-03,1.617,1.617,1.617,1.617,0
2008-12-04,1.531,1.531,1.531,1.531,0
2008-12-05,1.43,1.43,1.43,1.43,0
2008-12-08,1.5445,1.5445,1.5445,1.5445,0
2008-12-09,1.4915,1.4915,1.4915,1.4915,0
2008-12-10,1.543,1.543,1.543,1.543,0
2008-12-11,1.565,1.565,1.565,1.565,2
2008-12-12,1.4865,1.4865,1.4865,1.4865,0
2008-12-15,1.464,1.464,1.464,1.464,0
2008-12-16,1.4365,1.4365,1.4365,1.4365,0
2008-12-17,1.4305,1.4305,1.4305,1.4305,0
2008-12-18,1.4,1.4,1.36,1.36,4
2008-12-19,1.382,1.382,1.382,1.382,0
2008-12-22,1.403,1.403,1.403,1.403,0
2008-12-23,1.3495,1.3495,1.3495,1.3495,0
2008-12-24,1.345,1.345,1.345,1.345,0
2008-12-26,1.371,1.371,1.371,1.371,0
2008-12-29,1.3775,1.3775,1.3775,1.3775,0
2008-12-30,1.3845,1.3845,1.3845,1.3845,0
2008-12-31,1.4645,1.4645,1.4645,1.4645,0
2009-01-02,1.516,1.516,1.516,1.516,0
2009-01-05,1.517,1.517,1.517,1.517,0
2009-01-06,1.634,1.634,1.634,1.634,0
2009-01-07,1.563,1.563,1.563,1.563,0
2009-01-08,1.535,1.535,1.535,1.535,0
2009-01-09,1.5995,1.5995,1.5995,1.5995,0
2009-01-12,1.531,1.531,1.531,1.531,0
2009-01-13,1.599,1.599,1.599,1.599,0
2009-01-14,1.544,1.544,1.544,1.544,0
2009-01-15,1.5085,1.5085,1.5085,1.5085,0
2009-01-16,1.58,1.58,1.58,1.58,0
2009-01-20,1.5505,1.5505,1.5505,1.5505,0
2009-01-21,1.4795,1.4795,1.4795,1.4795,0
2009-01-22,1.4445,1.4445,1.4445,1.4445,0
2009-01-23,1.522,1.522,1.522,1.522,0
2009-01-26,1.633,1.633,1.633,1.633,0
2009-01-27,1.532,1.532,1.532,1.532,0
2009-01-28,1.542,1.542,1.542,1.542,0
2009-01-29,1.512,1.512,1.512,1.512,0
2009-01-30,1.525,1.525,1.525,1.525,0
2009-02-02,1.495,1.495,1.495,1.495,0
2009-02-03,1.5775,1.5775,1.5775,1.5775,0
2009-02-04,1.5765,1.5765,1.5765,1.5765,0
2009-02-05,1.5495,1.5495,1.5495,1.5495,0
2009-02-06,1.682,1.682,1.682,1.682,0
2009-02-09,1.673,1.673,1.673,1.673,0
2009-02-10,1.6385,1.6385,1.6385,1.6385,0
2009-02-11,1.6035,1.6035,1.6035,1.6035,0
2009-02-12,1.601,1.601,1.601,1.601,0
2009-02-13,1.5985,1.5985,1.5985,1.5985,0
2009-02-17,1.499,1.499,1.499,1.499,0
2009-02-18,1.511,1.511,1.511,1.511,0
2009-02-19,1.537,1.537,1.537,1.537,0
2009-02-20,1.4895,1.4895,1.4895,1.4895,0
2009-02-23,1.512,1.512,1.512,1.512,0
2009-02-24,1.5595,1.5595,1.5595,1.5595,0
2009-02-25,1.587,1.587,1.587,1.587,0
2009-02-26,1.6295,1.6295,1.6295,1.6295,0
2009-02-27,1.5895,1.5895,1.5895,1.5895,0
2009-03-02,1.566,1.566,1.566,1.566,0
2009-03-03,1.645,1.645,1.645,1.645,0
2009-03-04,1.7245,1.7245,1.7245,1.7245,0
2009-03-05,1.686,1.686,1.686,1.686,0
2009-03-06,1.724,1.724,1.724,1.724,0
2009-03-09,1.691,1.691,1.691,1.691,0
2009-03-10,1.7325,1.7325,1.7325,1.7325,0
2009-03-11,1.674,1.674,1.674,1.674,0
2009-03-12,1.681,1.681,1.681,1.681,0
2009-03-13,1.716,1.716,1.716,1.716,0
2009-03-16,1.7895,1.7895,1.7895,1.7895,0
2009-03-17,1.762,1.762,1.762,1.762,0
2009-03-18,1.764,1.764,1.764,1.764,0
2009-03-19,1.88,1.88,1.8515,1.8515,1
2009-03-20,1.842,1.842,1.842,1.842,0
2009-03-23,1.8885,1.8885,1.8885,1.8885,0
2009-03-24,1.861,1.861,1.861,1.861,0
2009-03-25,1.858,1.858,1.858,1.858,0
2009-03-26,1.9085,1.9085,1.9085,1.9085,0
2009-03-27,1.889,1.889,1.889,1.889,0
2009-03-30,1.8215,1.8215,1.8215,1.8215,0
2009-03-31,1.895,1.895,1.895,1.895,0
2009-04-01,1.8965,1.8965,1.8965,1.8965,0
2009-04-02,1.9305,1.9305,1.9305,1.9305,0
2009-04-03,2.0265,2.0265,2.0265,2.0265,0
2009-04-06,1.992,1.992,1.992,1.992,0
2009-04-07,2.0295,2.0295,2.0295,2.0295,0
2009-04-08,2.0395,2.0395,2.0395,2.0395,0
2009-04-09,2.1115,2.1115,2.1115,2.1115,0
2009-04-13,2.1665,2.1665,2.1665,2.1665,0
2009-04-14,2.1635,2.1635,2.1635,2.1635,0
2009-04-15,2.165,2.234,2.165,2.234,11
2009-04-16,2.198,2.198,2.198,2.198,0
2009-04-17,2.184,2.184,2.178,2.178,13
2009-04-20,2.0885,2.0885,2.0885,2.0885,0
2009-04-21,2.0485,2.0485,2.0485,2.0485,0
2009-04-22,2.0265,2.0265,2.0265,2.0265,0
2009-04-23,1.966,1.966,1.966,1.966,0
2009-04-24,2.0215,2.0215,2.0215,2.0215,0
2009-04-27,1.965,1.965,1.965,1.965,0
2009-04-28,1.9105,1.9105,1.9105,1.9105,0
2009-04-29,1.996,1.996,1.996,1.996,0
2009-04-30,2.032,2.032,2.032,2.032,0
2009-05-01,2.0865,2.0865,2.0865,2.0865,0
2009-05-04,2.1305,2.1305,2.1305,2.1305,0
2009-05-05,2.0765,2.0765,2.0765,2.0765,0
2009-05-06,2.173,2.173,2.173,2.173,0
2009-05-07,2.1635,2.1635,2.1635,2.1635,0
2009-05-08,2.1545,2.1545,2.1545,2.1545,0
2009-05-11,2.109,2.109,2.109,2.109,0
2009-05-12,2.12,2.12,2.106,2.106,5
2009-05-13,2.044,2.044,2.044,2.044,0
2009-05-14,2.0365,2.0365,2.0365,2.0365,0
2009-05-15,2.0305,2.0305,2.0305,2.0305,0
2009-05-18,2.084,2.084,2.084,2.084,0
2009-05-19,2.091,2.091,2.091,2.091,0
2009-05-20,2.1265,2.1265,2.1265,2.1265,0
2009-05-21,2.07,2.07,2.07,2.07,0
2009-05-22,2.1075,2.1075,2.1075,2.1075,0
2009-05-26,2.1425,2.1425,2.1425,2.1425,0
2009-05-27,2.137,2.137,2.137,2.137,0
2009-05-28,2.155,2.155,2.155,2.155,0
2009-05-29,2.199,2.199,2.199,2.199,0
2009-06-01,2.316,2.316,2.316,2.316,0
2009-06-02,2.3,2.3,2.3,2.3,0
2009-06-03,2.229,2.229,2.229,2.229,0
2009-06-04,2.318,2.318,2.318,2.318,0
2009-06-05,2.3095,2.3095,2.3095,2.3095,0
2009-06-08,2.279,2.279,2.279,2.279,22
2009-06-09,2.3855,2.3855,2.3855,2.3855,44
2009-06-10,2.383,2.383,2.383,2.383,22
2009-06-11,2.4,2.46,2.4,2.46,4
2009-06-12,2.393,2.393,2.393,2.393,0
2009-06-15,2.3085,2.3085,2.3085,2.3085,0
2009-06-16,2.3,2.3,2.2765,2.2765,1
2009-06-17,2.2825,2.2825,2.2825,2.2825,0
2009-06-18,2.2955,2.2955,2.2955,2.2955,0
2009-06-19,2.2755,2.2755,2.2755,2.2755,0
2009-06-22,2.1625,2.1625,2.1625,2.1625,0
2009-06-23,2.23,2.23,2.23,2.23,0
2009-06-24,2.2955,2.2955,2.2955,2.2955,0
2009-06-25,2.326,2.326,2.326,2.326,0
2009-06-26,2.3215,2.3215,2.3215,2.3215,0
2009-06-29,2.3385,2.3385,2.3385,2.3385,0
2009-06-30,2.288,2.288,2.288,2.288,0
2009-07-01,2.3465,2.3465,2.3465,2.3465,0
2009-07-02,2.3235,2.3235,2.3235,2.3235,0
2009-07-06,2.287,2.287,2.287,2.287,0
2009-07-07,2.2535,2.2535,2.2535,2.2535,0
2009-07-08,2.189,2.189,2.189,2.189,0
2009-07-09,2.261,2.261,2.261,2.261,0
2009-07-10,2.229,2.229,2.229,2.229,0
2009-07-13,2.2375,2.2375,2.2375,2.2375,0
2009-07-14,2.313,2.313,2.313,2.313,44
2009-07-15,2.401,2.401,2.399,2.399,11
2009-07-16,2.3975,2.3975,2.3975,2.3975,0
2009-07-17,2.431,2.431,2.431,2.431,0
2009-07-20,2.478,2.478,2.478,2.478,0
2009-07-21,2.4605,2.4605,2.4605,2.4605,0
2009-07-22,2.533,2.533,2.533,2.533,0
2009-07-23,2.514,2.514,2.514,2.514,0
2009-07-24,2.517,2.517,2.517,2.517,0
2009-07-27,2.5405,2.5405,2.5405,2.5405,0
2009-07-28,2.5345,2.5345,2.5345,2.5345,0
2009-07-29,2.4865,2.4865,2.4865,2.4865,0
2009-07-30,2.5645,2.5645,2.5645,2.5645,0
2009-07-31,2.579,2.6245,2.579,2.6245,18
2009-08-03,2.727,2.741,2.727,2.741,11
2009-08-04,2.7975,2.7975,2.7975,2.7975,0
2009-08-05,2.8105,2.8105,2.8105,2.8105,0
2009-08-06,2.756,2.756,2.756,2.756,0
2009-08-07,2.789,2.789,2.789,2.789,0
2009-08-10,2.7765,2.7765,2.7765,2.7765,0
2009-08-11,2.744,2.744,2.744,2.744,0
2009-08-12,2.825,2.825,2.825,2.825,0
2009-08-13,2.9075,2.9075,2.9075,2.9075,0
2009-08-14,2.8335,2.8335,2.8335,2.8335,0
2009-08-17,2.772,2.772,2.772,2.772,0
2009-08-18,2.7475,2.7475,2.7475,2.7475,0
2009-08-19,2.7435,2.7435,2.7435,2.7435,0
2009-08-20,2.73,2.73,2.73,2.73,0
2009-08-21,2.868,2.868,2.868,2.868,2
2009-08-24,2.9,2.9,2.9,2.9,11
2009-08-25,2.8485,2.8485,2.8485,2.8485,0
2009-08-26,2.861,2.861,2.861,2.861,0
2009-08-27,2.859,2.859,2.859,2.859,0
2009-08-28,2.9285,2.9285,2.9285,2.9285,0
2009-08-31,2.8055,2.8055,2.8055,2.8055,0
2009-09-01,2.8065,2.8065,2.8065,2.8065,0
2009-09-02,2.8165,2.8165,2.8165,2.8165,0
2009-09-03,2.85,2.85,2.85,2.85,0
2009-09-04,2.851,2.851,2.851,2.851,0
2009-09-08,2.88,2.9355,2.88,2.9355,1
2009-09-09,2.9325,2.9325,2.908,2.908,22
2009-09-10,2.864,2.864,2.864,2.864,0
2009-09-11,2.84,2.84,2.84,2.84,0
2009-09-14,2.8015,2.8015,2.8015,2.8015,0
2009-09-15,2.8415,2.8415,2.8415,2.8415,0
2009-09-16,2.9305,2.9305,2.9305,2.9305,0
2009-09-17,2.9035,2.9035,2.8915,2.8915,1
2009-09-18,2.7855,2.7855,2.7855,2.7855,1
2009-09-21,2.8065,2.8065,2.8065,2.8065,0
2009-09-22,2.866,2.866,2.866,2.866,0
2009-09-23,2.814,2.814,2.814,2.814,0
2009-09-24,2.7155,2.7155,2.7155,2.7155,0
2009-09-25,2.7465,2.7465,2.7465,2.7465,0
2009-09-28,2.7325,2.7325,2.7325,2.7325,0
2009-09-29,2.7375,2.7375,2.7375,2.7375,0
2009-09-30,2.8275,2.8275,2.8275,2.8275,0
2009-10-01,2.749,2.749,2.749,2.749,1
2009-10-02,2.69,2.6965,2.69,2.6965,1
2009-10-05,2.741,2.741,2.741,2.741,0
2009-10-06,2.795,2.795,2.795,2.795,0
2009-10-07,2.791,2.791,2.791,2.791,0
2009-10-08,2.906,2.906,2.906,2.906,0
2009-10-09,2.847,2.847,2.847,2.847,0
2009-10-12,2.864,2.864,2.864,2.864,0
2009-10-13,2.804,2.804,2.804,2.804,0
2009-10-14,2.8595,2.8595,2.8595,2.8595,4
2009-10-15,2.873,2.873,2.873,2.873,1
2009-10-16,2.863,2.863,2.863,2.863,0
2009-10-19,2.9815,2.9815,2.9815,2.9815,0
2009-10-20,2.948,2.948,2.948,2.948,0
2009-10-21,3.05,3.05,3.05,3.05,0
2009-10-22,3.013,3.013,3.013,3.013,0
2009-10-23,3.0535,3.0535,3.0535,3.0535,3
2009-10-26,3.035,3.035,3.035,3.035,8
2009-10-27,3.029,3.029,3.029,3.029,0
2009-10-28,2.961,2.961,2.961,2.961,0
2009-10-29,3.0575,3.0575,3.0575,3.0575,0
2009-10-30,2.9855,2.9855,2.9855,2.9855,0
2009-11-02,2.9755,2.9755,2.9755,2.9755,0
2009-11-03,2.9865,2.9865,2.9865,2.9865,0
2009-11-04,3.024,3.024,3.024,3.024,0
2009-11-05,2.9915,2.9915,2.9915,2.9915,0
2009-11-06,2.9895,2.9895,2.9895,2.9895,0
2009-11-09,3.0075,3.0075,3.0075,3.0075,0
2009-11-10,3.0005,3.0075,3.0005,3.0005,0
2009-11-11,3.0075,3.0075,3.0005,3.0075,0
2009-11-12,3.0005,3.0075,2.991,2.991,2
2009-11-13,3.019,3.019,2.991,3.019,0
2009-11-16,3.145,3.145,3.145,3.145,0
2009-11-17,3.1485,3.1485,3.1485,3.1485,0
2009-11-18,3.1505,3.1505,3.1505,3.1505,0
2009-11-19,3.123,3.123,3.123,3.123,0
2009-11-20,3.154,3.154,3.154,3.154,0
2009-11-23,3.181,3.181,3.181,3.181,0
2009-11-24,3.1775,3.1775,3.163,3.1665,7
2009-11-25,3.2205,3.2205,3.2205,3.2205,0
2009-11-27,3.151,3.151,3.151,3.151,0
2009-11-30,3.2015,3.2015,3.2015,3.2015,0
2009-12-01,3.254,3.254,3.254,3.254,0
2009-12-02,3.281,3.281,3.281,3.281,0
2009-12-03,3.271,3.271,3.271,3.271,0
2009-12-04,3.24,3.265,3.24,3.265,1
2009-12-07,3.238,3.238,3.238,3.238,0
2009-12-08,3.1955,3.1955,3.1955,3.1955,0
2009-12-09,3.1925,3.1925,3.154,3.154,11
2009-12-10,3.1365,3.1365,3.1365,3.1365,0
2009-12-11,3.1675,3.1675,3.1675,3.1675,0
2009-12-14,3.1865,3.1865,3.1865,3.1865,0
2009-12-15,3.179,3.179,3.1745,3.1745,1
2009-12-16,3.2385,3.2385,3.2385,3.2385,0
2009-12-17,3.1635,3.1635,3.1635,3.1635,0
2009-12-18,3.157,3.173,3.157,3.173,1
2009-12-21,3.19,3.191,3.19,3.191,1
2009-12-22,3.171,3.171,3.171,3.171,0
2009-12-23,3.235,3.235,3.235,3.235,0
2009-12-24,3.324,3.324,3.324,3.324,0
2009-12-28,3.3675,3.368,3.3675,3.3675,0
2009-12-29,3.3485,3.3485,3.3435,3.3435,1
2009-12-30,3.376,3.376,3.376,3.376,0
2009-12-31,3.378,3.378,3.378,3.378,0
2010-01-04,3.4375,3.4375,3.4375,3.4375,0
2010-01-05,3.445,3.445,3.445,3.445,12
2010-01-06,3.525,3.525,3.5205,3.5205,2
2010-01-07,3.4545,3.4545,3.4545,3.4545,3
2010-01-08,3.426,3.426,3.426,3.426,0
2010-01-11,3.464,3.464,3.464,3.464,0
2010-01-12,3.372,3.372,3.372,3.372,0
2010-01-13,3.4215,3.4215,3.4215,3.4215,0
2010-01-14,3.405,3.405,3.405,3.405,0
2010-01-15,3.386,3.386,3.386,3.386,0
2010-01-19,3.4625,3.4625,3.45,3.4625,8
2010-01-20,3.373,3.373,3.373,3.373,0
2010-01-21,3.3145,3.3145,3.3145,3.3145,0
2010-01-22,3.367,3.367,3.367,3.367,0
2010-01-25,3.4155,3.4155,3.4155,3.4155,0
2010-01-26,3.3605,3.3605,3.3605,3.3605,0
2010-01-27,3.2445,3.2445,3.2445,3.2445,0
2010-01-28,3.122,3.2465,3.122,3.122,1
2010-01-29,3.1345,3.1355,3.06,3.075,18
2010-02-01,3.06,3.1185,3.06,3.1085,17
2010-02-02,3.115,3.115,3.115,3.115,0
2010-02-03,3.15,3.15,3.0005,3.0005,26
2010-02-04,2.9665,2.9665,2.895,2.909,10
2010-02-05,2.8895,2.8905,2.8895,2.8905,2
2010-02-08,2.935,2.947,2.935,2.947,31
2010-02-09,2.9775,3.0205,2.9775,3.0205,1
2010-02-10,3.022,3.022,3.022,3.022,0
2010-02-11,3.072,3.1635,3.072,3.1635,3
2010-02-12,3.117,3.117,3.117,3.117,20
2010-02-16,3.175,3.252,3.175,3.252,12
2010-02-17,3.249,3.2745,3.249,3.2745,3
2010-02-18,3.251,3.322,3.2495,3.322,11
2010-02-19,3.396,3.396,3.096,3.396,0
2010-02-22,3.338,3.346,3.338,3.346,3
2010-02-23,3.254,3.254,3.254,3.254,4
2010-02-24,3.274,3.274,3.274,3.274,0
2010-02-25,3.22,3.2325,3.22,3.2325,4
2010-02-26,3.307,3.307,3.307,3.307,0
2010-03-01,3.3955,3.3955,3.374,3.374,3
2010-03-02,3.432,3.432,3.4315,3.432,0
2010-03-03,3.457,3.457,3.457,3.457,0
2010-03-04,3.3985,3.3985,3.3985,3.3985,0
2010-03-05,3.4415,3.4415,3.4415,3.4415,0
2010-03-08,3.437,3.437,3.437,3.437,0
2010-03-09,3.4385,3.4385,3.4385,3.4385,0
2010-03-10,3.4385,3.4385,3.3945,3.3945,1
2010-03-11,3.4045,3.4045,3.4045,3.4045,0
2010-03-12,3.405,3.408,3.405,3.408,14
2010-03-15,3.3435,3.3435,3.3435,3.3435,0
2010-03-16,3.394,3.394,3.394,3.394,0
2010-03-17,3.4475,3.4475,3.4475,3.4475,1
2010-03-18,3.4185,3.427,3.4185,3.427,9
2010-03-19,3.404,3.404,3.404,3.404,9
2010-03-22,3.413,3.413,3.413,3.413,0
2010-03-23,3.4115,3.4115,3.4115,3.4115,0
2010-03-24,3.378,3.378,3.378,3.378,0
2010-03-25,3.402,3.4135,3.396,3.413,8
2010-03-26,3.462,3.462,3.436,3.436,3
2010-03-29,3.568,3.568,3.568,3.568,0
2010-03-30,3.596,3.596,3.594,3.594,7
2010-03-31,3.5845,3.5845,3.5845,3.5845,1
2010-04-01,3.615,3.615,3.615,3.615,11
2010-04-05,3.663,3.6635,3.663,3.6635,3
2010-04-06,3.648,3.6555,3.648,3.648,2
2010-04-07,3.6395,3.6395,3.6295,3.6295,18
2010-04-08,3.623,3.623,3.621,3.621,1
2010-04-09,3.6295,3.6295,3.625,3.625,3
2010-04-12,3.602,3.602,3.6005,3.6005,6
2010-04-13,3.6385,3.6385,3.636,3.636,18
2010-04-14,3.6355,3.649,3.6355,3.645,4
2010-04-15,3.6315,3.645,3.6315,3.638,111
2010-04-16,3.555,3.559,3.553,3.553,5
2010-04-19,3.537,3.537,3.5365,3.5365,2
2010-04-20,3.556,3.556,3.5545,3.5545,1
2010-04-21,3.5775,3.5775,3.5765,3.5765,1
2010-04-22,3.5265,3.5265,3.5255,3.5255,1
2010-04-23,3.5105,3.55,3.5105,3.549,9
2010-04-26,3.5685,3.5685,3.567,3.567,1
2010-04-27,3.4065,3.4065,3.4025,3.4025,6
2010-04-28,3.4045,3.4075,3.4045,3.4065,3
2010-04-29,3.3915,3.392,3.3725,3.3725,5
2010-04-30,3.3865,3.388,3.376,3.376,25
2010-05-03,3.318,3.321,3.3165,3.3165,8
2010-05-04,3.3405,3.3405,3.2,3.2035,38
2010-05-05,3.15,3.196,3.0415,3.176,90
2010-05-06,3.233,3.233,3.142,3.142,86
2010-05-07,3.1515,3.169,3.1515,3.169,8
2010-05-10,3.262,3.2655,3.2445,3.254,33
2010-05-11,3.1755,3.235,3.1695,3.2315,16
2010-05-12,3.1915,3.247,3.1915,3.214,11
2010-05-13,3.22,3.258,3.22,3.256,21
2010-05-14,3.2,3.2,3.152,3.159,16
2010-05-17,3.06,3.06,2.9555,2.959,69
2010-05-18,3.0605,3.0805,3.0345,3.058,12
2010-05-19,2.99,3.0105,2.974,2.9855,38
2010-05-20,2.999,3.012,2.935,2.97,29
2010-05-21,3.104,3.112,3.085,3.085,63
2010-05-24,3.1635,3.1715,3.1535,3.1715,7
2010-05-25,3.0505,3.0725,3.05,3.069,5
2010-05-26,3.125,3.125,3.096,3.1075,27
2010-05-27,3.1785,3.1995,3.177,3.186,14
2010-05-28,3.1785,3.1885,3.132,3.132,21
2010-06-01,3.138,3.138,3.0545,3.091,1659
2010-06-02,3.041,3.087,3.0,3.069,1418
2010-06-03,3.042,3.0425,2.975,2.975,550
2010-06-04,2.9805,2.9805,2.8475,2.8475,691
2010-06-07,2.815,2.815,2.764,2.7945,410
2010-06-08,2.7835,2.83,2.7835,2.8085,180
2010-06-09,2.829,2.893,2.829,2.8775,27
2010-06-10,2.928,2.928,2.887,2.89,492
2010-06-11,2.931,2.9565,2.919,2.9335,54
2010-06-14,3.0325,3.0365,3.0055,3.022,25
2010-06-15,3.0055,3.0555,3.0055,3.033,133
2010-06-16,3.049,3.049,3.004,3.0225,655
2010-06-17,2.998,2.998,2.9315,2.933,39
2010-06-18,2.9,2.93,2.9,2.9105,605
2010-06-21,3.0355,3.059,2.9685,2.9685,705
2010-06-22,2.9825,3.019,2.982,3.019,99
2010-06-23,2.99,2.994,2.963,2.963,13
2010-06-24,3.003,3.032,3.003,3.032,31
2010-06-25,3.0355,3.12,3.021,3.119,149
2010-06-28,3.079,3.1225,3.079,3.097,37
2010-06-29,3.0775,3.0775,2.938,2.938,36
2010-06-30,2.9305,2.96,2.9305,2.9585,29
2010-07-01,2.9295,2.9295,2.882,2.8845,34
2010-07-02,2.923,2.965,2.916,2.924,16
2010-07-06,2.9425,3.02,2.939,2.9795,68
2010-07-07,3.0045,3.04,3.0045,3.023,82
2010-07-08,3.04,3.046,3.0175,3.0235,88
2010-07-09,3.0375,3.07,3.033,3.0615,26
2010-07-12,3.0405,3.0405,3.0125,3.017,55
2010-07-13,3.017,3.036,2.9935,3.0255,522
2010-07-14,3.035,3.045,3.0,3.0165,15
2010-07-15,3.014,3.0355,3.0125,3.0195,210
2010-07-16,3.005,3.005,2.9375,2.9375,19
2010-07-19,2.9655,2.9655,2.9445,2.9465,755
2010-07-20,2.963,3.0235,2.963,3.01,386
2010-07-21,3.0145,3.1115,3.0145,3.101,1907
2010-07-22,3.0615,3.191,3.056,3.1715,2046
2010-07-23,3.1745,3.2145,3.174,3.192,81
2010-07-26,3.188,3.242,3.181,3.23,258
2010-07-27,3.2275,3.2375,3.19,3.2155,945
2010-07-28,3.256,3.266,3.2,3.2545,661
2010-07-29,3.2575,3.3035,3.2575,3.299,671
2010-07-30,3.278,3.323,3.267,3.32,155
2010-08-02,3.322,3.3995,3.322,3.398,1056
2010-08-03,3.3745,3.3745,3.348,3.3665,390
2010-08-04,3.3635,3.4125,3.3615,3.4125,83
2010-08-05,3.412,3.412,3.3545,3.3615,110
2010-08-06,3.36,3.38,3.3505,3.3515,673
2010-08-09,3.3795,3.3965,3.356,3.3625,68
2010-08-10,3.3605,3.3605,3.2835,3.3215,188
2010-08-11,3.3195,3.322,3.2565,3.263,157
2010-08-12,3.257,3.3005,3.243,3.293,113
2010-08-13,3.288,3.3105,3.248,3.2605,199
2010-08-16,3.268,3.3045,3.26,3.288,81
2010-08-17,3.288,3.358,3.288,3.3465,157
2010-08-18,3.3365,3.361,3.32,3.358,60
2010-08-19,3.351,3.389,3.3015,3.3275,138
2010-08-20,3.3285,3.3285,3.263,3.2995,277
2010-08-23,3.308,3.308,3.285,3.3005,134
2010-08-24,3.28,3.28,3.2235,3.251,789
2010-08-25,3.231,3.2655,3.193,3.2205,337
2010-08-26,3.2365,3.32,3.235,3.3145,961
2010-08-27,3.299,3.3925,3.299,3.374,1447
2010-08-30,3.4335,3.4405,3.392,3.42,1189
2010-08-31,3.3985,3.401,3.355,3.365,1156
2010-09-01,3.379,3.4795,3.3755,3.4725,405
2010-09-02,3.466,3.493,3.462,3.4905,159
2010-09-03,3.4755,3.5275,3.47,3.4965,155
2010-09-07,3.489,3.5275,3.42,3.466,357
2010-09-08,3.4595,3.5075,3.448,3.4935,498
2010-09-09,3.484,3.488,3.391,3.4365,252
2010-09-10,3.4235,3.4415,3.3945,3.3995,224
2010-09-13,3.4335,3.483,3.4335,3.4735,203
2010-09-14,3.465,3.4875,3.4275,3.4625,728
2010-09-15,3.4515,3.4675,3.44,3.4605,202
2010-09-16,3.468,3.507,3.44,3.4865,579
2010-09-17,3.519,3.545,3.497,3.517,246
2010-09-20,3.53,3.549,3.499,3.499,250
2010-09-21,3.5105,3.5135,3.4755,3.4755,519
2010-09-22,3.5005,3.585,3.4905,3.559,657
2010-09-23,3.581,3.5885,3.5625,3.585,628
2010-09-24,3.5795,3.631,3.5795,3.6135,587
2010-09-27,3.623,3.623,3.58,3.5935,464
2010-09-28,3.5775,3.633,3.568,3.633,488
2010-09-29,3.6475,3.6665,3.629,3.6565,308
2010-09-30,3.6295,3.66,3.627,3.646,339
2010-10-01,3.6775,3.699,3.6735,3.6835,328
2010-10-04,3.675,3.678,3.648,3.6575,189
2010-10-05,3.6485,3.735,3.645,3.719,212
2010-10-06,3.73,3.7775,3.73,3.746,270
2010-10-07,3.75,3.7585,3.66,3.6735,267
2010-10-08,3.66,3.781,3.66,3.7665,140
2010-10-11,3.774,3.781,3.774,3.7795,158
2010-10-12,3.7275,3.8,3.7255,3.781,165
2010-10-13,3.8275,3.8275,3.807,3.814,161
2010-10-14,3.849,3.849,3.799,3.809,180
2010-10-15,3.833,3.8345,3.8,3.8345,219
2008-04-15,3.527,3.527,3.527,3.527,0
2008-04-16,3.603,3.603,3.603,3.603,0
2008-04-17,3.5725,3.5725,3.5725,3.5725,0
2008-04-18,3.58,3.58,3.58,3.58,0
2008-04-21,3.5665,3.5665,3.5665,3.5665,0
2008-04-22,3.65,3.65,3.6365,3.6365,5
2008-04-23,3.59,3.59,3.59,3.59,0
2008-04-24,3.5675,3.5675,3.5675,3.5675,0
2008-04-25,3.6065,3.6065,3.6065,3.6065,0
2008-04-28,3.6125,3.6125,3.6125,3.6125,0
2008-04-29,3.564,3.564,3.564,3.564,0
2008-04-30,3.5735,3.5735,3.5735,3.5735,0
2008-05-01,3.4145,3.4145,3.4145,3.4145,0
2008-05-02,3.5285,3.5285,3.5285,3.5285,0
2008-05-05,3.622,3.622,3.622,3.622,0
2008-05-06,3.5725,3.5725,3.5725,3.5725,5
2008-05-07,3.551,3.551,3.551,3.551,0
2008-05-08,3.525,3.525,3.525,3.525,0
2008-05-09,3.4815,3.4815,3.4815,3.4815,0
2008-05-12,3.4985,3.4985,3.4985,3.4985,0
2008-05-13,3.511,3.511,3.511,3.511,0
2008-05-14,3.5685,3.5685,3.495,3.495,2
2008-05-15,3.5365,3.5365,3.5365,3.5365,0
2008-05-16,3.607,3.607,3.607,3.607,0
2008-05-19,3.578,3.578,3.578,3.578,0
2008-05-20,3.57,3.57,3.57,3.57,0
2008-05-21,3.569,3.569,3.569,3.569,0
2008-05-22,3.564,3.564,3.564,3.564,0
2008-05-23,3.584,3.584,3.584,3.584,0
2008-05-27,3.563,3.563,3.563,3.563,0
2008-05-28,3.5445,3.5445,3.5445,3.5445,0
2008-05-29,3.44,3.44,3.44,3.44,0
2008-05-30,3.479,3.479,3.479,3.479,0
2008-06-02,3.4815,3.4815,3.4815,3.4815,0
2008-06-03,3.463,3.463,3.463,3.463,0
2008-06-04,3.417,3.417,3.417,3.417,0
2008-06-05,3.414,3.414,3.414,3.414,0
2008-06-06,3.479,3.479,3.479,3.479,0
2008-06-09,3.4955,3.4955,3.4955,3.4955,0
2008-06-10,3.4445,3.4445,3.4445,3.4445,0
2008-06-11,3.4535,3.4535,3.4535,3.4535,0
2008-06-12,3.4145,3.4145,3.4145,3.4145,0
2008-06-13,3.4365,3.4365,3.4365,3.4365,0
2008-06-16,3.5055,3.5055,3.5055,3.5055,0
2008-06-17,3.51,3.51,3.51,3.51,0
2008-06-18,3.5655,3.5655,3.5655,3.5655,0
2008-06-19,3.5825,3.5825,3.5825,3.5825,29
2008-06-20,3.629,3.629,3.629,3.629,0
2008-06-23,3.5885,3.5885,3.5885,3.5885,0
2008-06-24,3.5675,3.5675,3.5675,3.5675,0
2008-06-25,3.571,3.571,3.571,3.571,0
2008-06-26,3.5995,3.5995,3.5995,3.5995,0
2008-06-27,3.644,3.644,3.644,3.644,0
2008-06-30,3.65,3.65,3.65,3.65,0
2008-07-01,3.677,3.677,3.677,3.677,0
2008-07-02,3.7875,3.7875,3.7875,3.7875,0
2008-07-03,3.6845,3.6845,3.6845,3.6845,0
2008-07-07,3.6105,3.6105,3.6105,3.6105,0
2008-07-08,3.487,3.487,3.487,3.487,0
2008-07-09,3.5235,3.5235,3.5235,3.5235,0
2008-07-10,3.504,3.504,3.504,3.504,2
2008-07-11,3.5265,3.5265,3.5265,3.5265,18
2008-07-14,3.5395,3.5395,3.5395,3.5395,0
2008-07-15,3.489,3.489,3.489,3.489,0
2008-07-16,3.4125,3.4125,3.4125,3.4125,0
2008-07-17,3.4345,3.4345,3.4345,3.4345,5
2008-07-18,3.418,3.418,3.418,3.418,0
2008-07-21,3.456,3.456,3.456,3.456,0
2008-07-22,3.4665,3.4665,3.4665,3.4665,0
2008-07-23,3.4435,3.4435,3.4435,3.4435,0
2008-07-24,3.42,3.42,3.371,3.371,10
2008-07-25,3.394,3.394,3.394,3.394,0
2008-07-28,3.404,3.404,3.404,3.404,0
2008-07-29,3.4,3.4,3.4,3.4,0
2008-07-30,3.4405,3.4405,3.4405,3.4405,0
2008-07-31,3.465,3.465,3.465,3.465,0
2008-08-01,3.4005,3.4005,3.4005,3.4005,1
2008-08-04,3.3055,3.3055,3.3055,3.3055,0
2008-08-05,3.2845,3.2845,3.2845,3.2845,0
2008-08-06,3.297,3.297,3.297,3.297,0
2008-08-07,3.292,3.292,3.292,3.292,0
2008-08-08,3.233,3.233,3.233,3.233,0
2008-08-11,3.2055,3.2055,3.2055,3.2055,19
2008-08-12,3.1455,3.1455,3.1455,3.1455,5
2008-08-13,3.2685,3.2685,3.2685,3.2685,0
2008-08-14,3.2365,3.2365,3.2365,3.2365,0
2008-08-15,3.244,3.244,3.244,3.244,0
2008-08-18,3.22,3.22,3.22,3.22,1
2008-08-19,3.329,3.329,3.329,3.329,0
2008-08-20,3.305,3.305,3.305,3.305,5
2008-08-21,3.4215,3.4215,3.4215,3.4215,0
2008-08-22,3.362,3.362,3.362,3.362,0
2008-08-25,3.352,3.352,3.352,3.352,1
2008-08-26,3.312,3.312,3.312,3.312,0
2008-08-27,3.34,3.34,3.34,3.34,0
2008-08-28,3.3095,3.3095,3.3095,3.3095,0
2008-08-29,3.2955,3.2955,3.2955,3.2955,0
2008-09-02,3.2125,3.2125,3.2125,3.2125,0
2008-09-03,3.251,3.251,3.251,3.251,0
2008-09-04,3.22,3.22,3.22,3.22,1
2008-09-05,3.0805,3.0805,3.0805,3.0805,0
2008-09-08,3.069,3.069,3.069,3.069,3
2008-09-09,3.059,3.059,3.059,3.059,2
2008-09-10,3.077,3.077,3.077,3.077,0
2008-09-11,3.0745,3.0745,3.0745,3.0745,0
2008-09-12,3.132,3.1365,3.132,3.1365,9
2008-09-15,3.095,3.095,3.095,3.095,0
2008-09-16,3.04,3.04,3.04,3.04,0
2008-09-17,2.994,2.994,2.994,2.994,1
2008-09-18,3.0245,3.0245,3.0245,3.0245,1
2008-09-19,3.126,3.126,3.126,3.126,1
2008-09-22,3.206,3.206,3.206,3.206,1
2008-09-23,3.123,3.123,3.123,3.123,4
2008-09-24,3.0805,3.0805,3.0805,3.0805,1
2008-09-25,3.101,3.101,3.101,3.101,0
2008-09-26,3.0535,3.0535,3.0535,3.0535,0
2008-09-29,2.96,2.96,2.9025,2.9025,12
2008-09-30,2.88,2.88,2.88,2.88,0
2008-10-01,2.7975,2.7975,2.7975,2.7975,1
2008-10-02,2.641,2.641,2.641,2.641,1
2008-10-03,2.64,2.7,2.64,2.689,15
2008-10-06,2.5035,2.5035,2.495,2.5035,17
2008-10-07,2.545,2.545,2.536,2.536,3
2008-10-08,2.3645,2.3645,2.3645,2.3645,3
2008-10-09,2.414,2.414,2.414,2.414,0
2008-10-10,2.1585,2.1585,2.1585,2.1585,0
2008-10-13,2.3295,2.3295,2.3295,2.3295,0
2008-10-14,2.4295,2.4295,2.4295,2.4295,0
2008-10-15,2.214,2.2485,2.214,2.2485,1
2008-10-16,2.165,2.165,2.128,2.128,1
2008-10-17,2.18,2.219,2.18,2.219,15
2008-10-20,2.1585,2.1585,2.1585,2.1585,0
2008-10-21,2.0565,2.0565,2.0565,2.0565,0
2008-10-22,1.93,1.93,1.9,1.922,5
2008-10-23,1.848,1.848,1.848,1.848,0
2008-10-24,1.729,1.729,1.729,1.729,0
2008-10-27,1.849,1.849,1.849,1.849,0
2008-10-28,1.9015,1.9015,1.9015,1.9015,0
2008-10-29,2.126,2.126,2.126,2.126,0
2008-10-30,2.06,2.06,1.9295,1.9295,8
2008-10-31,1.86,1.926,1.86,1.8755,13
2008-11-03,1.8895,1.8895,1.8895,1.8895,0
2008-11-04,1.8765,2.006,1.8765,2.006,1
2008-11-05,1.8645,1.8645,1.8645,1.8645,0
2008-11-06,1.78,1.78,1.772,1.772,1
2008-11-07,1.751,1.751,1.751,1.751,0
2008-11-10,1.8045,1.8045,1.8045,1.8045,0
2008-11-11,1.708,1.708,1.708,1.708,0
2008-11-12,1.7,1.722,1.65,1.7145,21
2008-11-13,1.685,1.685,1.684,1.684,10
2008-11-14,1.769,1.769,1.769,1.769,0
2008-11-17,1.709,1.7215,1.709,1.7215,6
2008-11-18,1.732,1.732,1.732,1.732,10
2008-11-19,1.6745,1.6745,1.6745,1.6745,0
2008-11-20,1.6435,1.6435,1.6435,1.6435,0
2008-11-21,1.6375,1.6375,1.6375,1.6375,0
2008-11-24,1.7225,1.7225,1.7225,1.7225,0
2008-11-25,1.707,1.707,1.707,1.707,0
2008-11-26,1.743,1.743,1.743,1.743,0
2008-11-28,1.74,1.74,1.7005,1.7005,3
2008-12-01,1.682,1.682,1.682,1.682,15
2008-12-02,1.6465,1.6465,1.6465,1.6465,0
2008-12-03,1.5995,1.5995,1.5995,1.5995,0
2008-12-04,1.5135,1.5135,1.5135,1.5135,0
2008-12-05,1.5,1.5,1.416,1.416,9
2008-12-08,1.534,1.534,1.534,1.534,0
2008-12-09,1.481,1.481,1.481,1.481,0
2008-12-10,1.5325,1.5325,1.5325,1.5325,0
2008-12-11,1.551,1.551,1.551,1.551,2
2008-12-12,1.4725,1.4725,1.4725,1.4725,0
2008-12-15,1.45,1.45,1.45,1.45,0
2008-12-16,1.4225,1.4225,1.4225,1.4225,0
2008-12-17,1.42,1.425,1.4165,1.4165,4
2008-12-18,1.4,1.4,1.346,1.346,5
2008-12-19,1.373,1.373,1.368,1.368,2
2008-12-22,1.389,1.389,1.389,1.389,1
2008-12-23,1.332,1.332,1.332,1.332,3
2008-12-24,1.3275,1.3275,1.3275,1.3275,1
2008-12-26,1.3535,1.3535,1.3535,1.3535,1
2008-12-29,1.36,1.36,1.36,1.36,2
2008-12-30,1.367,1.367,1.367,1.367,2
2008-12-31,1.447,1.447,1.447,1.447,0
2009-01-02,1.4985,1.4985,1.4985,1.4985,1
2009-01-05,1.4995,1.4995,1.4995,1.4995,21
2009-01-06,1.62,1.62,1.62,1.62,0
2009-01-07,1.549,1.549,1.549,1.549,0
2009-01-08,1.5,1.521,1.5,1.521,1
2009-01-09,1.5515,1.5925,1.551,1.5925,32
2009-01-12,1.4975,1.524,1.4975,1.524,4
2009-01-13,1.475,1.5885,1.475,1.5885,4
2009-01-14,1.5335,1.5335,1.5335,1.5335,1
2009-01-15,1.498,1.498,1.498,1.498,2
2009-01-16,1.569,1.569,1.569,1.569,0
2009-01-20,1.53,1.543,1.53,1.543,1
2009-01-21,1.472,1.472,1.472,1.472,0
2009-01-22,1.46,1.466,1.437,1.437,3
2009-01-23,1.5145,1.5145,1.5145,1.5145,1
2009-01-26,1.626,1.626,1.626,1.626,4
2009-01-27,1.525,1.525,1.525,1.525,1
2009-01-28,1.535,1.535,1.535,1.535,0
2009-01-29,1.4845,1.5015,1.4845,1.5015,3
2009-01-30,1.46,1.5145,1.46,1.5145,28
2009-02-02,1.4965,1.497,1.481,1.481,8
2009-02-03,1.567,1.567,1.567,1.567,11
2009-02-04,1.5695,1.5695,1.5695,1.5695,5
2009-02-05,1.539,1.539,1.539,1.539,5
2009-02-06,1.6715,1.6715,1.653,1.6715,5
2009-02-09,1.659,1.659,1.659,1.659,0
2009-02-10,1.629,1.629,1.6245,1.6245,5
2009-02-11,1.595,1.595,1.5895,1.5895,4
2009-02-12,1.57,1.587,1.57,1.587,1
2009-02-13,1.588,1.588,1.588,1.588,0
2009-02-17,1.54,1.54,1.485,1.485,18
2009-02-18,1.497,1.497,1.497,1.497,51
2009-02-19,1.5435,1.5435,1.5265,1.5265,1
2009-02-20,1.47,1.4755,1.47,1.4755,2
2009-02-23,1.4945,1.4945,1.4945,1.4945,0
2009-02-24,1.542,1.542,1.542,1.542,0
2009-02-25,1.579,1.579,1.573,1.573,9
2009-02-26,1.618,1.618,1.6095,1.6155,32
2009-02-27,1.5755,1.5755,1.5755,1.5755,0
2009-03-02,1.552,1.552,1.552,1.552,13
2009-03-03,1.6345,1.643,1.6345,1.6345,20
2009-03-04,1.73,1.73,1.7175,1.7175,5
2009-03-05,1.717,1.717,1.663,1.679,13
2009-03-06,1.715,1.717,1.689,1.717,12
2009-03-09,1.677,1.677,1.677,1.677,1
2009-03-10,1.7185,1.7185,1.7185,1.7185,10
2009-03-11,1.67,1.67,1.66,1.66,8
2009-03-12,1.66,1.6745,1.64,1.6635,32
2009-03-13,1.702,1.702,1.6985,1.6985,14
2009-03-16,1.7755,1.7755,1.7755,1.7755,15
2009-03-17,1.75,1.7515,1.75,1.7515,9
2009-03-18,1.742,1.75,1.742,1.75,2
2009-03-19,1.8375,1.8475,1.8345,1.8375,13
2009-03-20,1.828,1.842,1.828,1.828,22
2009-03-23,1.8645,1.8745,1.8645,1.8745,26
2009-03-24,1.842,1.8435,1.842,1.8435,2
2009-03-25,1.8405,1.8405,1.8405,1.8405,153
2009-03-26,1.9,1.904,1.891,1.891,17
2009-03-27,1.8715,1.8715,1.8715,1.8715,1
2009-03-30,1.804,1.804,1.804,1.804,0
2009-03-31,1.88,1.881,1.88,1.881,30
2009-04-01,1.877,1.8825,1.877,1.8825,6
2009-04-02,1.92,1.92,1.92,1.92,68
2009-04-03,1.975,2.023,1.975,2.023,70
2009-04-06,1.99,1.99,1.97,1.985,9
2009-04-07,2.0225,2.0225,2.0225,2.0225,15
2009-04-08,2.0235,2.0325,2.018,2.0325,7
2009-04-09,2.0545,2.105,2.0545,2.1045,59
2009-04-13,2.151,2.1595,2.15,2.1595,8
2009-04-14,2.1325,2.156,2.1325,2.1515,64
2009-04-15,2.168,2.2255,2.1655,2.2255,107
2009-04-16,2.1715,2.193,2.1715,2.193,52
2009-04-17,2.1885,2.1885,2.1885,2.1885,151
2009-04-20,2.1,2.1,2.07,2.099,137
2009-04-21,2.05,2.066,2.02,2.066,44
2009-04-22,2.044,2.044,2.044,2.044,25
2009-04-23,2.03,2.03,1.9675,1.9765,134
2009-04-24,1.96,2.032,1.96,2.032,28
2009-04-27,1.943,1.972,1.943,1.972,15
2009-04-28,1.9075,1.92,1.9075,1.914,56
2009-04-29,1.9995,1.9995,1.9995,1.9995,61
2009-04-30,2.039,2.039,2.039,2.039,5
2009-05-01,2.0935,2.0935,2.0935,2.0935,72
2009-05-04,2.1375,2.1375,2.1375,2.1375,8
2009-05-05,2.08,2.08,2.08,2.08,17
2009-05-06,2.18,2.18,2.18,2.18,16
2009-05-07,2.167,2.167,2.167,2.167,4
2009-05-08,2.18,2.18,2.142,2.1545,126
2009-05-11,2.1055,2.1055,2.1055,2.1055,25
2009-05-12,2.1025,2.1025,2.1025,2.1025,5
2009-05-13,2.05,2.05,2.044,2.044,33
2009-05-14,2.01,2.0365,2.01,2.0365,64
2009-05-15,2.05,2.05,2.0305,2.0305,57
2009-05-18,2.084,2.084,2.084,2.084,25
2009-05-19,2.09,2.09,2.084,2.0875,16
2009-05-20,2.123,2.123,2.123,2.123,783
2009-05-21,2.0665,2.0665,2.0665,2.0665,60
2009-05-22,2.1075,2.1075,2.1075,2.1075,85
2009-05-26,2.146,2.146,2.146,2.146,32
2009-05-27,2.1335,2.1335,2.1335,2.1335,6
2009-05-28,2.155,2.155,2.1515,2.1515,48
2009-05-29,2.2,2.2025,2.2,2.2025,303
2009-06-01,2.22,2.323,2.22,2.323,80
2009-06-02,2.307,2.307,2.307,2.307,11
2009-06-03,2.229,2.229,2.229,2.229,35
2009-06-04,2.318,2.318,2.318,2.318,63
2009-06-05,2.285,2.306,2.285,2.306,14
2009-06-08,2.282,2.288,2.2755,2.2755,330
2009-06-09,2.335,2.387,2.334,2.3855,202
2009-06-10,2.3775,2.383,2.369,2.383,141
2009-06-11,2.422,2.466,2.422,2.46,165
2009-06-12,2.425,2.425,2.385,2.393,354
2009-06-15,2.3175,2.3175,2.3,2.3085,112
2009-06-16,2.3125,2.3125,2.2615,2.2765,57
2009-06-17,2.279,2.279,2.279,2.279,37
2009-06-18,2.265,2.292,2.265,2.292,68
2009-06-19,2.297,2.3065,2.2715,2.272,28
2009-06-22,2.2,2.213,2.159,2.159,169
2009-06-23,2.2265,2.2265,2.222,2.2265,43
2009-06-24,2.2415,2.304,2.2415,2.2915,83
2009-06-25,2.322,2.3235,2.322,2.3235,142
2009-06-26,2.33,2.33,2.319,2.319,32
2009-06-29,2.351,2.351,2.3315,2.336,14
2009-06-30,2.2505,2.2835,2.2505,2.2835,54
2009-07-01,2.3375,2.376,2.3375,2.343,58
2009-07-02,2.32,2.32,2.32,2.32,59
2009-07-06,2.24,2.28,2.24,2.28,32
2009-07-07,2.3075,2.3075,2.2465,2.2465,95
2009-07-08,2.235,2.2365,2.169,2.182,228
2009-07-09,2.2285,2.259,2.2085,2.2575,119
2009-07-10,2.229,2.2295,2.229,2.2295,459
2009-07-13,2.2185,2.245,2.2185,2.238,99
2009-07-14,2.2815,2.3135,2.28,2.3125,514
2009-07-15,2.379,2.4065,2.379,2.402,183
2009-07-16,2.396,2.4135,2.3905,2.4005,202
2009-07-17,2.3905,2.4425,2.383,2.434,254
2009-07-20,2.4955,2.4965,2.4435,2.4795,635
2009-07-21,2.465,2.4965,2.449,2.4615,345
2009-07-22,2.473,2.534,2.473,2.534,67
2009-07-23,2.5215,2.531,2.49,2.5295,189
2009-07-24,2.5325,2.54,2.52,2.5275,373
2009-07-27,2.575,2.575,2.55,2.5515,147
2009-07-28,2.559,2.5735,2.5225,2.5345,254
2009-07-29,2.521,2.521,2.466,2.4905,81
2009-07-30,2.5345,2.5705,2.5335,2.5705,147
2009-07-31,2.6045,2.633,2.5715,2.6315,193
2009-08-03,2.73,2.7535,2.7255,2.7495,453
2009-08-04,2.706,2.8045,2.706,2.8045,134
2009-08-05,2.8025,2.8425,2.793,2.821,166
2009-08-06,2.765,2.799,2.748,2.763,240
2009-08-07,2.74,2.8025,2.7345,2.8,1240
2009-08-10,2.77,2.81,2.77,2.7885,1237
2009-08-11,2.793,2.793,2.7545,2.7555,1031
2009-08-12,2.773,2.85,2.7285,2.8405,914
2009-08-13,2.9,2.939,2.9,2.9315,1171
2009-08-14,2.948,2.948,2.838,2.854,475
2009-08-17,2.844,2.844,2.7525,2.788,317
2009-08-18,2.7675,2.825,2.736,2.772,1240
2009-08-19,2.7365,2.77,2.685,2.767,192
2009-08-20,2.7815,2.7815,2.73,2.75,614
2009-08-21,2.786,2.89,2.786,2.8895,459
2009-08-24,2.9,2.926,2.872,2.926,363
2009-08-25,2.8805,2.906,2.855,2.8715,421
2009-08-26,2.8835,2.904,2.8725,2.879,491
2009-08-27,2.8955,2.902,2.8545,2.8755,208
2009-08-28,2.89,2.9895,2.89,2.9525,417
2009-08-31,2.902,2.902,2.812,2.8295,137
2009-09-01,2.8635,2.91,2.825,2.826,632
2009-09-02,2.8105,2.843,2.756,2.8345,418
2009-09-03,2.796,2.88,2.796,2.871,610
2009-09-04,2.8785,2.901,2.8445,2.873,641
2009-09-08,2.8705,2.9825,2.8705,2.9605,2372
2009-09-09,2.9605,2.9665,2.9095,2.9295,2032
2009-09-10,2.9265,2.9545,2.8435,2.885,2189
2009-09-11,2.905,2.9195,2.838,2.856,1793
2009-09-14,2.836,2.836,2.78,2.8175,1859
2009-09-15,2.82,2.8655,2.8155,2.8575,858
2009-09-16,2.8715,2.9635,2.862,2.9485,1581
2009-09-17,2.964,2.964,2.899,2.9085,1066
2009-09-18,2.908,2.91,2.7985,2.799,993
2009-09-21,2.7775,2.836,2.768,2.819,834
2009-09-22,2.825,2.902,2.825,2.879,785
2009-09-23,2.8675,2.8675,2.787,2.823,1180
2009-09-24,2.7895,2.803,2.7,2.7235,760
2009-09-25,2.709,2.755,2.709,2.754,1226
2009-09-28,2.7555,2.7555,2.6885,2.74,475
2009-09-29,2.713,2.762,2.7045,2.7425,721
2009-09-30,2.727,2.839,2.727,2.8315,2641
2009-10-01,2.825,2.825,2.7295,2.7505,919
2009-10-02,2.733,2.735,2.657,2.6955,1698
2009-10-05,2.6785,2.75,2.675,2.7405,932
2009-10-06,2.75,2.822,2.75,2.7965,1887
2009-10-07,2.79,2.8145,2.765,2.7925,932
2009-10-08,2.8055,2.912,2.802,2.91,2686
2009-10-09,2.8855,2.8975,2.84,2.851,2415
2009-10-12,2.869,2.887,2.8535,2.8695,1491
2009-10-13,2.859,2.896,2.7735,2.809,2438
2009-10-14,2.8265,2.872,2.8265,2.859,1571
2009-10-15,2.864,2.895,2.7955,2.8725,2199
2009-10-16,2.875,2.8865,2.826,2.861,2841
2009-10-19,2.831,2.982,2.831,2.98,4280
2009-10-20,2.97,3.0115,2.927,2.9465,3742
2009-10-21,2.945,3.07,2.9105,3.05,3535
2009-10-22,3.024,3.043,2.994,3.012,1741
2009-10-23,3.03,3.072,3.009,3.049,1795
2009-10-26,3.049,3.0845,2.995,3.0265,3937
2009-10-27,3.0,3.044,2.97,3.017,4177
2009-10-28,3.024,3.05,2.94,2.9485,3627
2009-10-29,2.9395,3.0555,2.937,3.047,2732
2009-10-30,3.044,3.068,2.962,2.974,4439
2009-11-02,2.9635,3.003,2.9425,2.964,8236
2009-11-03,2.925,3.005,2.9145,2.9745,3572
2009-11-04,2.995,3.0365,2.98,3.0125,5924
2009-11-05,2.991,3.0105,2.9665,2.9775,6461
2009-11-06,2.995,3.02,2.9515,2.9755,13622
2009-11-09,2.9825,3.025,2.98,2.992,13259
2009-11-10,3.02,3.02,2.9615,2.986,13715
2009-11-11,2.979,3.055,2.976,2.991,12301
2009-11-12,3.0195,3.025,2.955,2.973,14235
2009-11-13,2.9675,3.0005,2.958,2.9995,11328
2009-11-16,3.0,3.1525,2.9995,3.1285,17061
2009-11-17,3.1265,3.1455,3.1,3.133,8348
2009-11-18,3.14,3.193,3.119,3.1355,8950
2009-11-19,3.158,3.1645,3.0895,3.106,9207
2009-11-20,3.116,3.155,3.0775,3.134,10835
2009-11-23,3.155,3.204,3.143,3.162,14186
2009-11-24,3.1565,3.172,3.119,3.1435,17365
2009-11-25,3.157,3.2135,3.1515,3.197,18083
2009-11-27,3.1845,3.23,3.021,3.1255,27272
2009-11-30,3.1295,3.184,3.106,3.177,23943
2009-12-01,3.182,3.238,3.155,3.231,21079
2009-12-02,3.217,3.273,3.2075,3.2585,19840
2009-12-03,3.2625,3.2745,3.233,3.245,21943
2009-12-04,3.2345,3.275,3.191,3.2375,28603
2009-12-07,3.2045,3.225,3.156,3.209,19510
2009-12-08,3.201,3.245,3.1405,3.165,25247
2009-12-09,3.158,3.192,3.1065,3.1235,23615
2009-12-10,3.136,3.1435,3.0815,3.103,21338
2009-12-11,3.119,3.154,3.1055,3.133,18464
2009-12-14,3.14,3.164,3.1105,3.152,11791
2009-12-15,3.1485,3.168,3.112,3.1415,14997
2009-12-16,3.138,3.2195,3.1365,3.2055,20272
2009-12-17,3.1945,3.2045,3.1155,3.128,21000
2009-12-18,3.123,3.154,3.103,3.1385,17455
2009-12-21,3.1435,3.174,3.1365,3.1585,12004
2009-12-22,3.1455,3.157,3.113,3.138,13307
2009-12-23,3.137,3.2115,3.124,3.2035,17226
2009-12-24,3.2025,3.304,3.192,3.2925,12916
2009-12-28,3.294,3.344,3.28,3.3365,8525
2009-12-29,3.3175,3.328,3.2925,3.3135,14257
2009-12-30,3.302,3.362,3.2935,3.345,12367
2009-12-31,3.343,3.379,3.336,3.3465,9792
2010-01-04,3.35,3.429,3.3465,3.406,22606
2010-01-05,3.4135,3.4295,3.382,3.4135,18107
2010-01-06,3.419,3.522,3.4125,3.4945,25925
2010-01-07,3.4905,3.544,3.4255,3.427,24011
2010-01-08,3.434,3.448,3.3915,3.4005,26080
2010-01-11,3.43,3.504,3.413,3.441,21424
2010-01-12,3.4455,3.4625,3.305,3.3495,33041
2010-01-13,3.3295,3.4285,3.315,3.4,30956
2010-01-14,3.42,3.444,3.383,3.3875,26175
2010-01-15,3.4055,3.426,3.348,3.366,19853
2010-01-19,3.369,3.46,3.358,3.447,26382
2010-01-20,3.4495,3.47,3.3385,3.355,27967
2010-01-21,3.358,3.4065,3.2815,3.295,37495
2010-01-22,3.2915,3.3735,3.267,3.347,39545
2010-01-25,3.326,3.4025,3.324,3.393,25185
2010-01-26,3.383,3.3965,3.306,3.3395,27220
2010-01-27,3.3395,3.357,3.174,3.2225,41568
2010-01-28,3.197,3.2435,3.0915,3.098,45961
2010-01-29,3.1185,3.154,3.0345,3.0525,42980
2010-02-01,3.04,3.1095,2.9905,3.0835,32379
2010-02-02,3.109,3.1245,3.053,3.0895,32704
2010-02-03,3.0905,3.144,2.9535,2.9735,52385
2010-02-04,2.9805,3.021,2.856,2.879,42321
2010-02-05,2.865,2.9035,2.811,2.8575,48342
2010-02-08,2.87,2.9315,2.8605,2.913,35941
2010-02-09,2.881,3.004,2.8765,2.987,46974
2010-02-10,2.9975,3.015,2.9305,2.989,42592
2010-02-11,2.988,3.149,2.98,3.1335,50586
2010-02-12,3.1325,3.14,3.034,3.0825,35054
2010-02-16,3.087,3.226,3.0635,3.2215,41234
2010-02-17,3.194,3.268,3.194,3.2395,35833
2010-02-18,3.235,3.3285,3.18,3.2855,38605
2010-02-19,3.2815,3.3635,3.212,3.357,36674
2010-02-22,3.3475,3.365,3.286,3.3065,28941
2010-02-23,3.294,3.3435,3.192,3.216,32078
2010-02-24,3.22,3.2515,3.171,3.236,27270
2010-02-25,3.226,3.269,3.1505,3.1925,15381
2010-02-26,3.21,3.2795,3.1885,3.2685,3669
2010-03-01,3.359,3.4665,3.308,3.333,1923
2010-03-02,3.329,3.398,3.2775,3.3955,1337
2010-03-03,3.384,3.4535,3.3365,3.419,969
2010-03-04,3.41,3.417,3.3345,3.3605,1560
2010-03-05,3.37,3.44,3.358,3.4025,321
2010-03-08,3.4175,3.4495,3.38,3.3965,272
2010-03-09,3.39,3.403,3.344,3.398,591
2010-03-10,3.411,3.4295,3.34,3.355,320
2010-03-11,3.36,3.3785,3.327,3.366,332
2010-03-12,3.356,3.385,3.356,3.3695,584
2010-03-15,3.35,3.35,3.285,3.307,492
2008-07-15,3.4485,3.4485,3.4485,3.4485,0
2008-07-16,3.366,3.366,3.366,3.366,0
2008-07-17,3.385,3.385,3.385,3.385,0
2008-07-18,3.37,3.37,3.37,3.37,0
2008-07-21,3.4125,3.4125,3.4125,3.4125,0
2008-07-22,3.423,3.423,3.423,3.423,0
2008-07-23,3.4015,3.4015,3.4015,3.4015,0
2008-07-24,3.332,3.332,3.332,3.332,0
2008-07-25,3.355,3.355,3.355,3.355,0
2008-07-28,3.365,3.365,3.365,3.365,0
2008-07-29,3.364,3.364,3.364,3.364,0
2008-07-30,3.4015,3.4015,3.4015,3.4015,0
2008-07-31,3.4275,3.4275,3.4275,3.4275,0
2008-08-01,3.366,3.366,3.366,3.366,0
2008-08-04,3.2785,3.2785,3.2785,3.2785,0
2008-08-05,3.2575,3.2575,3.2575,3.2575,0
2008-08-06,3.2715,3.2715,3.2715,3.2715,0
2008-08-07,3.2665,3.2665,3.2665,3.2665,0
2008-08-08,3.22,3.22,3.212,3.212,1
2008-08-11,3.1875,3.1875,3.1875,3.1875,0
2008-08-12,3.129,3.129,3.129,3.129,0
2008-08-13,3.252,3.252,3.252,3.252,0
2008-08-14,3.2215,3.2215,3.2215,3.2215,0
2008-08-15,3.2275,3.2275,3.2275,3.2275,0
2008-08-18,3.2035,3.2035,3.2035,3.2035,0
2008-08-19,3.311,3.311,3.311,3.311,0
2008-08-20,3.2885,3.2885,3.2885,3.2885,0
2008-08-21,3.2945,3.399,3.2945,3.399,1
2008-08-22,3.3425,3.3425,3.3425,3.3425,0
2008-08-25,3.3295,3.3295,3.3295,3.3295,0
2008-08-26,3.2895,3.2895,3.2895,3.2895,0
2008-08-27,3.3175,3.3175,3.3175,3.3175,0
2008-08-28,3.29,3.29,3.29,3.29,0
2008-08-29,3.276,3.276,3.276,3.276,0
2008-09-02,3.199,3.199,3.199,3.199,0
2008-09-03,3.2375,3.2375,3.2375,3.2375,0
2008-09-04,3.2095,3.2095,3.2095,3.2095,0
2008-09-05,3.0745,3.0745,3.0745,3.0745,0
2008-09-08,3.057,3.057,3.057,3.057,0
2008-09-09,3.047,3.047,3.047,3.047,0
2008-09-10,3.065,3.065,3.065,3.065,0
2008-09-11,3.0565,3.0565,3.0565,3.0565,0
2008-09-12,3.117,3.117,3.117,3.117,0
2008-09-15,3.0785,3.0785,3.0785,3.0785,0
2008-09-16,3.022,3.022,3.022,3.022,0
2008-09-17,2.9775,2.9775,2.9775,2.9775,0
2008-09-18,3.011,3.011,3.011,3.011,0
2008-09-19,3.111,3.111,3.111,3.111,0
2008-09-22,3.191,3.191,3.191,3.191,0
2008-09-23,3.111,3.111,3.111,3.111,0
2008-09-24,3.0685,3.0685,3.0685,3.0685,0
2008-09-25,3.089,3.089,3.089,3.089,0
2008-09-26,3.043,3.043,3.043,3.043,0
2008-09-29,2.895,2.895,2.895,2.895,0
2008-09-30,2.8725,2.8725,2.8725,2.8725,0
2008-10-01,2.79,2.79,2.79,2.79,0
2008-10-02,2.6335,2.6335,2.6335,2.6335,0
2008-10-03,2.6815,2.6815,2.6815,2.6815,0
2008-10-06,2.4975,2.4975,2.4975,2.4975,0
2008-10-07,2.53,2.53,2.53,2.53,0
2008-10-08,2.3585,2.3585,2.3585,2.3585,0
2008-10-09,2.408,2.408,2.408,2.408,0
2008-10-10,2.1525,2.1525,2.1525,2.1525,0
2008-10-13,2.3235,2.3235,2.3235,2.3235,0
2008-10-14,2.4265,2.4265,2.4265,2.4265,0
2008-10-15,2.2455,2.2455,2.2455,2.2455,0
2008-10-16,2.1265,2.1265,2.1265,2.1265,0
2008-10-17,2.2175,2.2175,2.2175,2.2175,0
2008-10-20,2.157,2.157,2.157,2.157,0
2008-10-21,2.0565,2.0565,2.0565,2.0565,0
2008-10-22,1.9235,1.9235,1.9235,1.9235,0
2008-10-23,1.848,1.848,1.848,1.848,0
2008-10-24,1.729,1.729,1.729,1.729,0
2008-10-27,1.849,1.849,1.849,1.849,0
2008-10-28,1.9015,1.9015,1.9015,1.9015,0
2008-10-29,2.126,2.126,2.126,2.126,0
2008-10-30,1.9295,1.9295,1.9295,1.9295,0
2008-10-31,1.8785,1.8785,1.8785,1.8785,3
2008-11-03,1.8955,1.8955,1.8955,1.8955,0
2008-11-04,2.012,2.012,2.012,2.012,0
2008-11-05,1.8705,1.8705,1.8705,1.8705,0
2008-11-06,1.778,1.778,1.778,1.778,0
2008-11-07,1.757,1.757,1.757,1.757,0
2008-11-10,1.8105,1.8105,1.8105,1.8105,0
2008-11-11,1.7155,1.7155,1.7155,1.7155,0
2008-11-12,1.722,1.722,1.722,1.722,0
2008-11-13,1.6915,1.6915,1.6915,1.6915,0
2008-11-14,1.7765,1.7765,1.7765,1.7765,0
2008-11-17,1.729,1.729,1.729,1.729,0
2008-11-18,1.741,1.741,1.741,1.741,10
2008-11-19,1.685,1.685,1.685,1.685,0
2008-11-20,1.654,1.654,1.654,1.654,0
2008-11-21,1.648,1.648,1.648,1.648,0
2008-11-24,1.7315,1.7315,1.7315,1.7315,0
2008-11-25,1.7155,1.7155,1.7155,1.7155,0
2008-11-26,1.7515,1.7515,1.7515,1.7515,0
2008-11-28,1.709,1.709,1.709,1.709,0
2008-12-01,1.6905,1.6905,1.6905,1.6905,0
2008-12-02,1.654,1.654,1.654,1.654,0
2008-12-03,1.607,1.607,1.607,1.607,0
2008-12-04,1.521,1.521,1.521,1.521,0
2008-12-05,1.422,1.422,1.422,1.422,0
2008-12-08,1.5385,1.5385,1.5385,1.5385,0
2008-12-09,1.4855,1.4855,1.4855,1.4855,0
2008-12-10,1.537,1.537,1.537,1.537,0
2008-12-11,1.557,1.557,1.557,1.557,2
2008-12-12,1.4785,1.4785,1.4785,1.4785,0
2008-12-15,1.456,1.456,1.456,1.456,0
2008-12-16,1.4285,1.4285,1.4285,1.4285,0
2008-12-17,1.4225,1.4225,1.4225,1.4225,0
2008-12-18,1.352,1.352,1.352,1.352,0
2008-12-19,1.374,1.374,1.374,1.374,0
2008-12-22,1.395,1.395,1.395,1.395,0
2008-12-23,1.3395,1.3395,1.3395,1.3395,0
2008-12-24,1.335,1.335,1.335,1.335,0
2008-12-26,1.361,1.361,1.361,1.361,0
2008-12-29,1.3675,1.3675,1.3675,1.3675,0
2008-12-30,1.3745,1.3745,1.3745,1.3745,0
2008-12-31,1.4545,1.4545,1.4545,1.4545,0
2009-01-02,1.506,1.506,1.506,1.506,0
2009-01-05,1.507,1.507,1.507,1.507,0
2009-01-06,1.626,1.626,1.626,1.626,0
2009-01-07,1.555,1.555,1.555,1.555,0
2009-01-08,1.527,1.527,1.527,1.527,0
2009-01-09,1.5955,1.5955,1.5955,1.5955,1
2009-01-12,1.5355,1.5355,1.527,1.527,1
2009-01-13,1.593,1.593,1.593,1.593,0
2009-01-14,1.538,1.538,1.538,1.538,0
2009-01-15,1.5025,1.5025,1.5025,1.5025,0
2009-01-16,1.574,1.574,1.574,1.574,0
2009-01-20,1.5465,1.5465,1.5465,1.5465,0
2009-01-21,1.4755,1.4755,1.4755,1.4755,0
2009-01-22,1.4405,1.4405,1.4405,1.4405,0
2009-01-23,1.518,1.518,1.518,1.518,0
2009-01-26,1.629,1.629,1.629,1.629,0
2009-01-27,1.528,1.528,1.528,1.528,0
2009-01-28,1.538,1.538,1.538,1.538,0
2009-01-29,1.506,1.506,1.506,1.506,0
2009-01-30,1.519,1.519,1.519,1.519,0
2009-02-02,1.487,1.487,1.487,1.487,0
2009-02-03,1.5715,1.5715,1.5715,1.5715,0
2009-02-04,1.5725,1.5725,1.5725,1.5725,0
2009-02-05,1.5435,1.5435,1.5435,1.5435,0
2009-02-06,1.676,1.676,1.676,1.676,0
2009-02-09,1.665,1.665,1.665,1.665,0
2009-02-10,1.6305,1.6305,1.6305,1.6305,0
2009-02-11,1.5955,1.5955,1.5955,1.5955,2
2009-02-12,1.593,1.593,1.593,1.593,2
2009-02-13,1.5925,1.5925,1.5925,1.5925,0
2009-02-17,1.491,1.491,1.491,1.491,0
2009-02-18,1.503,1.503,1.503,1.503,0
2009-02-19,1.531,1.531,1.531,1.531,0
2009-02-20,1.4815,1.4815,1.4815,1.4815,0
2009-02-23,1.502,1.502,1.502,1.502,0
2009-02-24,1.5495,1.5495,1.5495,1.5495,0
2009-02-25,1.579,1.579,1.579,1.579,0
2009-02-26,1.6215,1.6215,1.6215,1.6215,0
2009-02-27,1.5815,1.5815,1.5815,1.5815,0
2009-03-02,1.558,1.558,1.558,1.558,0
2009-03-03,1.639,1.639,1.639,1.639,0
2009-03-04,1.7205,1.7205,1.7205,1.7205,0
2009-03-05,1.682,1.682,1.682,1.682,0
2009-03-06,1.72,1.72,1.72,1.72,0
2009-03-09,1.683,1.683,1.683,1.683,0
2009-03-10,1.7245,1.7245,1.7245,1.7245,0
2009-03-11,1.666,1.666,1.666,1.666,0
2009-03-12,1.671,1.671,1.671,1.671,0
2009-03-13,1.706,1.706,1.706,1.706,0
2009-03-16,1.7815,1.7815,1.7815,1.7815,0
2009-03-17,1.756,1.756,1.756,1.756,0
2009-03-18,1.756,1.756,1.756,1.756,0
2009-03-19,1.8655,1.8655,1.8435,1.8435,1
2009-03-20,1.834,1.834,1.834,1.834,0
2009-03-23,1.8805,1.8805,1.8805,1.8805,0
2009-03-24,1.851,1.851,1.851,1.851,0
2009-03-25,1.848,1.848,1.848,1.848,0
2009-03-26,1.918,1.918,1.8985,1.8985,2
2009-03-27,1.879,1.879,1.879,1.879,0
2009-03-30,1.8115,1.8115,1.8115,1.8115,0
2009-03-31,1.887,1.887,1.887,1.887,0
2009-04-01,1.8885,1.8885,1.8885,1.8885,0
2009-04-02,1.9245,1.9245,1.9245,1.9245,0
2009-04-03,2.0245,2.0245,2.0245,2.0245,0
2009-04-06,1.988,1.988,1.988,1.988,0
2009-04-07,2.0255,2.0255,2.0255,2.0255,0
2009-04-08,2.0355,2.0355,2.0355,2.0355,0
2009-04-09,2.1075,2.1075,2.1075,2.1075,0
2009-04-13,2.1625,2.1625,2.1625,2.1625,0
2009-04-14,2.1575,2.1575,2.1575,2.1575,0
2009-04-15,2.23,2.23,2.23,2.23,0
2009-04-16,2.196,2.196,2.196,2.196,0
2009-04-17,2.18,2.184,2.1,2.184,15
2009-04-20,2.0945,2.0945,2.0945,2.0945,0
2009-04-21,2.0585,2.0585,2.0585,2.0585,0
2009-04-22,2.0365,2.0365,2.0365,2.0365,0
2009-04-23,1.972,1.972,1.972,1.972,0
2009-04-24,2.0275,2.0275,2.0275,2.0275,0
2009-04-27,1.969,1.969,1.969,1.969,0
2009-04-28,1.9125,1.9125,1.9125,1.9125,0
2009-04-29,1.998,1.998,1.998,1.998,0
2009-04-30,2.036,2.036,2.036,2.036,0
2009-05-01,2.0905,2.0905,2.0905,2.0905,0
2009-05-04,2.1345,2.1345,2.1345,2.1345,0
2009-05-05,2.0785,2.0785,2.0785,2.0785,0
2009-05-06,2.177,2.177,2.177,2.177,0
2009-05-07,2.2,2.2,2.1655,2.1655,3
2009-05-08,2.1545,2.1545,2.1545,2.1545,0
2009-05-11,2.107,2.107,2.107,2.107,0
2009-05-12,2.125,2.125,2.104,2.104,5
2009-05-13,2.044,2.044,2.044,2.044,0
2009-05-14,2.0365,2.0365,2.0365,2.0365,0
2009-05-15,2.04,2.04,2.0305,2.0305,13
2009-05-18,2.084,2.084,2.084,2.084,0
2009-05-19,2.11,2.11,2.089,2.089,6
2009-05-20,2.1245,2.1245,2.1245,2.1245,0
2009-05-21,2.068,2.068,2.068,2.068,0
2009-05-22,2.1075,2.1075,2.1075,2.1075,0
2009-05-26,2.0965,2.1445,2.096,2.1445,2
2009-05-27,2.135,2.135,2.135,2.135,0
2009-05-28,2.153,2.153,2.153,2.153,0
2009-05-29,2.201,2.201,2.201,2.201,0
2009-06-01,2.3,2.32,2.3,2.32,3
2009-06-02,2.304,2.304,2.304,2.304,0
2009-06-03,2.229,2.229,2.229,2.229,0
2009-06-04,2.318,2.318,2.318,2.318,0
2009-06-05,2.3075,2.3075,2.3075,2.3075,0
2009-06-08,2.277,2.277,2.277,2.277,22
2009-06-09,2.3855,2.3855,2.3855,2.3855,44
2009-06-10,2.383,2.383,2.383,2.383,22
2009-06-11,2.46,2.46,2.46,2.46,0
2009-06-12,2.393,2.393,2.393,2.393,0
2009-06-15,2.3085,2.3085,2.3085,2.3085,0
2009-06-16,2.3,2.3,2.2765,2.2765,4
2009-06-17,2.2805,2.2805,2.2805,2.2805,0
2009-06-18,2.2935,2.2935,2.2935,2.2935,0
2009-06-19,2.297,2.297,2.2735,2.2735,1
2009-06-22,2.193,2.193,2.1605,2.1605,17
2009-06-23,2.228,2.228,2.228,2.228,0
2009-06-24,2.2935,2.2935,2.2935,2.2935,0
2009-06-25,2.325,2.325,2.325,2.325,0
2009-06-26,2.3205,2.3205,2.3205,2.3205,0
2009-06-29,2.3375,2.3375,2.3375,2.3375,0
2009-06-30,2.286,2.286,2.286,2.286,0
2009-07-01,2.3445,2.3445,2.3445,2.3445,0
2009-07-02,2.3215,2.3215,2.3215,2.3215,0
2009-07-06,2.283,2.283,2.283,2.283,0
2009-07-07,2.2495,2.2495,2.2495,2.2495,0
2009-07-08,2.185,2.185,2.185,2.185,0
2009-07-09,2.259,2.259,2.259,2.259,0
2009-07-10,2.2295,2.2295,2.2295,2.2295,0
2009-07-13,2.238,2.238,2.238,2.238,0
2009-07-14,2.3125,2.313,2.3125,2.313,54
2009-07-15,2.401,2.401,2.401,2.401,17
2009-07-16,2.4045,2.4045,2.3995,2.3995,1
2009-07-17,2.433,2.433,2.433,2.433,0
2009-07-20,2.479,2.479,2.479,2.479,0
2009-07-21,2.49,2.49,2.4615,2.4615,5
2009-07-22,2.534,2.534,2.534,2.534,0
2009-07-23,2.5075,2.5235,2.5075,2.5235,2
2009-07-24,2.5245,2.5245,2.5245,2.5245,0
2009-07-27,2.548,2.548,2.548,2.548,0
2009-07-28,2.5345,2.5345,2.5345,2.5345,5
2009-07-29,2.489,2.489,2.489,2.489,0
2009-07-30,2.5685,2.5685,2.5685,2.5685,0
2009-07-31,2.6285,2.6285,2.6285,2.6285,0
2009-08-03,2.739,2.7455,2.739,2.7455,2
2009-08-04,2.785,2.8015,2.785,2.8015,18
2009-08-05,2.8165,2.8165,2.8165,2.8165,0
2009-08-06,2.76,2.76,2.76,2.76,0
2009-08-07,2.814,2.8155,2.7955,2.7955,7
2009-08-10,2.784,2.784,2.784,2.784,0
2009-08-11,2.7515,2.7515,2.7515,2.7515,0
2009-08-12,2.8345,2.8345,2.8345,2.8345,0
2009-08-13,2.9225,2.9225,2.9225,2.9225,0
2009-08-14,2.846,2.846,2.846,2.846,0
2009-08-17,2.7835,2.7835,2.7835,2.7835,0
2009-08-18,2.7635,2.7635,2.7635,2.7635,0
2009-08-19,2.759,2.759,2.759,2.759,0
2009-08-20,2.73,2.7435,2.73,2.7435,1
2009-08-21,2.8,2.882,2.8,2.882,1
2009-08-24,2.8955,2.917,2.8955,2.917,3
2009-08-25,2.863,2.863,2.863,2.863,0
2009-08-26,2.8735,2.8735,2.8735,2.8735,2
2009-08-27,2.871,2.871,2.871,2.871,1
2009-08-28,2.9445,2.9445,2.9445,2.9445,0
2009-08-31,2.8225,2.8225,2.8225,2.8225,0
2009-09-01,2.86,2.86,2.8235,2.8235,18
2009-09-02,2.8325,2.8325,2.8325,2.8325,0
2009-09-03,2.868,2.868,2.868,2.868,0
2009-09-04,2.88,2.88,2.8695,2.8695,4
2009-09-08,2.9535,2.9535,2.9535,2.9535,0
2009-09-09,2.9225,2.9225,2.9225,2.9225,0
2009-09-10,2.9225,2.9225,2.8685,2.879,2
2009-09-11,2.87,2.87,2.8525,2.8525,14
2009-09-14,2.815,2.815,2.815,2.815,2
2009-09-15,2.855,2.855,2.855,2.855,0
2009-09-16,2.9515,2.9515,2.944,2.944,1
2009-09-17,2.904,2.904,2.9035,2.9035,1
2009-09-18,2.823,2.823,2.797,2.797,4
2009-09-21,2.8185,2.8185,2.8185,2.8185,0
2009-09-22,2.8775,2.8945,2.8775,2.878,2
2009-09-23,2.824,2.824,2.824,2.824,0
2009-09-24,2.73,2.73,2.7245,2.7245,2
2009-09-25,2.7555,2.7555,2.7555,2.7555,0
2009-09-28,2.7415,2.7415,2.7415,2.7415,0
2009-09-29,2.71,2.7445,2.71,2.7445,3
2009-09-30,2.8335,2.8335,2.8335,2.8335,0
2009-10-01,2.819,2.819,2.7535,2.7535,2
2009-10-02,2.69,2.7,2.69,2.7,1
2009-10-05,2.7445,2.7445,2.7445,2.7445,0
2009-10-06,2.7985,2.7985,2.7985,2.7985,0
2009-10-07,2.7945,2.7945,2.7945,2.7945,0
2009-10-08,2.91,2.91,2.91,2.91,0
2009-10-09,2.853,2.853,2.853,2.853,20
2009-10-12,2.872,2.872,2.872,2.872,0
2009-10-13,2.812,2.812,2.812,2.812,10
2009-10-14,2.8645,2.8645,2.8645,2.8645,0
2009-10-15,2.8175,2.878,2.8175,2.878,12
2009-10-16,2.868,2.868,2.868,2.868,0
2009-10-19,2.927,2.9865,2.927,2.9865,22
2009-10-20,2.953,2.953,2.953,2.953,0
2009-10-21,3.055,3.055,3.055,3.055,0
2009-10-22,3.037,3.0375,3.018,3.018,11
2009-10-23,3.0545,3.0565,3.0545,3.0565,2
2009-10-26,3.036,3.036,3.036,3.036,0
2009-10-27,3.027,3.027,3.027,3.027,86
2009-10-28,2.959,2.959,2.959,2.959,26
2009-10-29,3.056,3.056,3.056,3.056,0
2009-10-30,2.989,2.9895,2.984,2.984,46
2009-11-02,2.974,2.974,2.974,2.974,0
2009-11-03,2.984,2.984,2.984,2.984,0
2009-11-04,3.0215,3.0215,3.0215,3.0215,0
2009-11-05,2.9885,2.9885,2.9885,2.9885,1
2009-11-06,2.9865,2.9865,2.9865,2.9865,0
2009-11-09,3.018,3.018,3.0035,3.0035,1
2009-11-10,2.99,3.0035,2.99,2.9975,8
2009-11-11,3.003,3.003,2.9975,3.003,0
2009-11-12,2.985,3.003,2.985,2.985,0
2009-11-13,3.01,3.0125,2.985,3.0125,1
2009-11-16,3.1395,3.1395,3.1395,3.1395,0
2009-11-17,3.143,3.143,3.143,3.143,0
2009-11-18,3.145,3.145,3.145,3.145,0
2009-11-19,3.1195,3.12,3.117,3.117,5
2009-11-20,3.147,3.147,3.147,3.147,0
2009-11-23,3.1735,3.1735,3.1735,3.1735,0
2009-11-24,3.152,3.157,3.147,3.157,8
2009-11-25,3.212,3.212,3.212,3.212,0
2009-11-27,3.1265,3.1415,3.1265,3.1415,11
2009-11-30,3.1945,3.1945,3.192,3.192,1
2009-12-01,3.242,3.2445,3.242,3.2445,8
2009-12-02,3.27,3.276,3.27,3.272,10
2009-12-03,3.262,3.262,3.261,3.261,1
2009-12-04,3.255,3.255,3.254,3.254,4
2009-12-07,3.227,3.227,3.227,3.227,1
2009-12-08,3.185,3.185,3.1835,3.1835,1
2009-12-09,3.144,3.144,3.143,3.143,1
2009-12-10,3.123,3.124,3.123,3.124,2
2009-12-11,3.155,3.155,3.1545,3.1545,3
2009-12-14,3.175,3.175,3.1735,3.1735,1
2009-12-15,3.1635,3.17,3.162,3.162,3
2009-12-16,3.234,3.234,3.2215,3.2275,5
2009-12-17,3.18,3.18,3.15,3.15,3
2009-12-18,3.14,3.161,3.1305,3.1595,100
2009-12-21,3.177,3.1775,3.177,3.1775,3
2009-12-22,3.1585,3.1585,3.1575,3.1575,3
2009-12-23,3.2225,3.2225,3.2225,3.2225,1
2009-12-24,3.3135,3.314,3.31,3.312,2
2009-12-28,3.3565,3.3565,3.3555,3.3555,1
2009-12-29,3.326,3.332,3.326,3.332,3
2009-12-30,3.35,3.368,3.35,3.364,19
2009-12-31,3.363,3.3655,3.363,3.3655,1
2010-01-04,3.434,3.434,3.426,3.426,2
2010-01-05,3.42,3.443,3.42,3.4335,2
2010-01-06,3.5125,3.5125,3.5125,3.5125,439
2010-01-07,3.5505,3.5505,3.4455,3.4455,2
2010-01-08,3.4305,3.4305,3.4185,3.4185,31
2010-01-11,3.4575,3.4575,3.4575,3.4575,2
2010-01-12,3.401,3.401,3.358,3.366,4
2010-01-13,3.34,3.416,3.34,3.416,7
2010-01-14,3.4015,3.4015,3.4015,3.4015,0
2010-01-15,3.4,3.4,3.3815,3.3815,41
2010-01-19,3.459,3.461,3.459,3.46,9
2010-01-20,3.4585,3.4585,3.369,3.3695,8
2010-01-21,3.392,3.3925,3.311,3.311,8
2010-01-22,3.3125,3.369,3.3095,3.363,14
2010-01-25,3.384,3.4105,3.384,3.41,7
2010-01-26,3.401,3.401,3.34,3.357,7
2010-01-27,3.308,3.308,3.2055,3.241,13
2010-01-28,3.13,3.13,3.1175,3.1175,4
2010-01-29,3.099,3.108,3.06,3.0715,17
2010-02-01,3.0625,3.1295,3.0625,3.103,10
2010-02-02,3.1,3.122,3.08,3.1085,12
2010-02-03,3.15,3.15,2.9895,2.9915,86
2010-02-04,2.978,3.022,2.878,2.8985,36
2010-02-05,2.88,2.885,2.8415,2.8785,16
2010-02-08,2.93,2.9355,2.895,2.9355,14
2010-02-09,2.9025,3.0225,2.9005,3.0105,34
2010-02-10,3.0045,3.031,2.9615,3.0135,24
2010-02-11,3.0505,3.165,3.0505,3.156,38
2010-02-12,3.0875,3.111,3.0835,3.107,77
2010-02-16,3.156,3.2455,3.156,3.243,35
2010-02-17,3.26,3.2765,3.234,3.2635,8
2010-02-18,3.212,3.312,3.2065,3.3105,24
2010-02-19,3.288,3.384,3.288,3.384,11
2010-02-22,3.3165,3.3375,3.3165,3.334,69
2010-02-23,3.3,3.343,3.238,3.241,11
2010-02-24,3.2615,3.27,3.217,3.26,25
2010-02-25,3.221,3.237,3.188,3.217,60
2010-02-26,3.2485,3.3,3.2485,3.2915,18
2010-03-01,3.337,3.464,3.337,3.357,69
2010-03-02,3.3255,3.418,3.3,3.4175,70
2010-03-03,3.4135,3.469,3.4135,3.442,45
2010-03-04,3.406,3.4095,3.3585,3.3825,14
2010-03-05,3.4015,3.4605,3.4015,3.4245,47
2010-03-08,3.431,3.445,3.4065,3.418,13
2010-03-09,3.4185,3.419,3.366,3.419,48
2010-03-10,3.4025,3.452,3.364,3.3755,69
2010-03-11,3.385,3.4,3.353,3.3845,58
2010-03-12,3.4045,3.413,3.375,3.3875,35
2010-03-15,3.392,3.395,3.3,3.3225,51
2010-03-16,3.33,3.3885,3.32,3.373,50
2010-03-17,3.3905,3.4315,3.3865,3.426,69
2010-03-18,3.407,3.4145,3.3845,3.404,46
2010-03-19,3.4005,3.433,3.3675,3.381,68
2010-03-22,3.37,3.392,3.3205,3.39,67
2010-03-23,3.397,3.4155,3.379,3.3885,104
2010-03-24,3.384,3.393,3.3375,3.355,79
2010-03-25,3.354,3.391,3.341,3.3905,96
2010-03-26,3.3505,3.435,3.3505,3.413,84
2010-03-29,3.468,3.557,3.468,3.5445,246
2010-03-30,3.546,3.5825,3.5095,3.572,119
2010-03-31,3.558,3.579,3.535,3.563,156
2010-04-01,3.5585,3.61,3.555,3.5935,127
2010-04-05,3.5935,3.646,3.5935,3.642,101
2010-04-06,3.631,3.6485,3.6135,3.6275,143
2010-04-07,3.631,3.631,3.585,3.608,75
2010-04-08,3.5715,3.6,3.555,3.5975,144
2010-04-09,3.6075,3.6285,3.5935,3.6005,96
2010-04-12,3.633,3.6545,3.56,3.5755,201
2010-04-13,3.587,3.611,3.5605,3.611,58
2010-04-14,3.605,3.629,3.6025,3.6205,397
2010-04-15,3.6215,3.6235,3.575,3.6115,611
2010-04-16,3.6,3.616,3.505,3.5255,452
2010-04-19,3.5215,3.539,3.464,3.508,467
2010-04-20,3.511,3.5605,3.511,3.525,629
2010-04-21,3.52,3.548,3.4855,3.547,731
2010-04-22,3.515,3.54,3.475,3.497,1271
2010-04-23,3.5165,3.53,3.475,3.5215,625
2010-04-26,3.55,3.561,3.5275,3.5385,750
2010-04-27,3.539,3.541,3.3595,3.3735,782
2010-04-28,3.373,3.394,3.3355,3.3775,844
2010-04-29,3.3915,3.3915,3.3265,3.342,591
2010-04-30,3.353,3.379,3.328,3.3455,420
2010-05-03,3.3465,3.35,3.268,3.2855,339
2010-05-04,3.275,3.319,3.1665,3.1705,670
2010-05-05,3.163,3.194,3.0,3.144,957
2010-05-06,3.1685,3.2,3.0475,3.1095,618
2010-05-07,3.074,3.1585,3.056,3.1365,344
2010-05-10,3.18,3.258,3.16,3.22,333
2010-05-11,3.222,3.222,3.122,3.199,296
2010-05-12,3.168,3.2315,3.136,3.181,233
2010-05-13,3.172,3.25,3.17,3.224,213
2010-05-14,3.2,3.21,3.11,3.127,618
2010-05-17,3.1005,3.112,2.9075,2.926,634
2010-05-18,2.952,3.0585,2.9465,3.0255,454
2010-05-19,2.985,3.004,2.9235,2.9535,519
2010-05-20,2.9985,3.03,2.895,2.939,725
2010-05-21,2.9395,3.107,2.938,3.0555,677
2010-05-24,3.085,3.1445,3.0575,3.141,359
2010-05-25,3.1,3.1,3.006,3.036,764
2010-05-26,3.0995,3.1055,3.0535,3.0735,635
2010-05-27,3.04,3.16,3.02,3.1515,1252
2010-05-28,3.1375,3.1565,3.0955,3.097,524
2010-06-01,3.1,3.104,3.02,3.054,434
2010-06-02,3.03,3.0575,2.9715,3.032,387
2010-06-03,3.047,3.0495,2.931,2.9385,243
2010-06-04,2.9595,2.9595,2.79,2.8125,291
2010-06-07,2.7455,2.78,2.725,2.759,183
2010-06-08,2.753,2.798,2.743,2.7725,268
2010-06-09,2.763,2.854,2.763,2.8425,291
2010-06-10,2.8425,2.89,2.8425,2.8555,236
2010-06-11,2.93,2.93,2.876,2.8995,425
2010-06-14,2.9785,3.007,2.97,2.99,253
2010-06-15,2.9825,3.0225,2.973,3.0025,326
2008-10-15,2.2425,2.2425,2.2425,2.2425,0
2008-10-16,2.125,2.125,2.125,2.125,0
2008-10-17,2.216,2.216,2.216,2.216,0
2008-10-20,2.1555,2.1555,2.1555,2.1555,0
2008-10-21,2.0565,2.0565,2.0565,2.0565,0
2008-10-22,1.925,1.925,1.925,1.925,0
2008-10-23,1.848,1.848,1.848,1.848,0
2008-10-24,1.729,1.729,1.729,1.729,0
2008-10-27,1.849,1.849,1.849,1.849,0
2008-10-28,1.9015,1.9015,1.9015,1.9015,0
2008-10-29,2.126,2.126,2.126,2.126,0
2008-10-30,1.9295,1.9295,1.9295,1.9295,0
2008-10-31,1.8815,1.8815,1.8815,1.8815,0
2008-11-03,1.9015,1.9015,1.9015,1.9015,0
2008-11-04,2.018,2.018,2.018,2.018,0
2008-11-05,1.8765,1.8765,1.8765,1.8765,0
2008-11-06,1.784,1.784,1.784,1.784,0
2008-11-07,1.763,1.763,1.763,1.763,0
2008-11-10,1.8165,1.8165,1.8165,1.8165,0
2008-11-11,1.723,1.723,1.723,1.723,0
2008-11-12,1.7295,1.7295,1.7295,1.7295,0
2008-11-13,1.699,1.699,1.699,1.699,0
2008-11-14,1.784,1.784,1.784,1.784,0
2008-11-17,1.7365,1.7365,1.7365,1.7365,0
2008-11-18,1.75,1.75,1.75,1.75,10
2008-11-19,1.6955,1.6955,1.6955,1.6955,0
2008-11-20,1.66,1.6645,1.66,1.6645,1
2008-11-21,1.6585,1.6585,1.6585,1.6585,0
2008-11-24,1.7405,1.7405,1.7405,1.7405,0
2008-11-25,1.723,1.723,1.723,1.723,0
2008-11-26,1.759,1.759,1.759,1.759,0
2008-11-28,1.7165,1.7165,1.7165,1.7165,2
2008-12-01,1.698,1.698,1.698,1.698,0
2008-12-02,1.6615,1.6615,1.6615,1.6615,0
2008-12-03,1.6145,1.6145,1.6145,1.6145,0
2008-12-04,1.5285,1.5285,1.5285,1.5285,0
2008-12-05,1.428,1.428,1.428,1.428,0
2008-12-08,1.543,1.543,1.543,1.543,0
2008-12-09,1.49,1.49,1.49,1.49,0
2008-12-10,1.5415,1.5415,1.5415,1.5415,0
2008-12-11,1.563,1.563,1.563,1.563,2
2008-12-12,1.4845,1.4845,1.4845,1.4845,0
2008-12-15,1.462,1.462,1.462,1.462,0
2008-12-16,1.4345,1.4345,1.4345,1.4345,0
2008-12-17,1.4285,1.4285,1.4285,1.4285,0
2008-12-18,1.358,1.358,1.358,1.358,0
2008-12-19,1.38,1.38,1.38,1.38,0
2008-12-22,1.401,1.401,1.401,1.401,0
2008-12-23,1.347,1.347,1.347,1.347,0
2008-12-24,1.3425,1.3425,1.3425,1.3425,0
2008-12-26,1.3685,1.3685,1.3685,1.3685,0
2008-12-29,1.375,1.375,1.375,1.375,0
2008-12-30,1.382,1.382,1.382,1.382,0
2008-12-31,1.462,1.462,1.462,1.462,0
2009-01-02,1.5135,1.5135,1.5135,1.5135,0
2009-01-05,1.5145,1.5145,1.5145,1.5145,0
2009-01-06,1.632,1.632,1.632,1.632,0
2009-01-07,1.561,1.561,1.561,1.561,0
2009-01-08,1.533,1.533,1.533,1.533,0
2009-01-09,1.5985,1.5985,1.5985,1.5985,0
2009-01-12,1.53,1.53,1.53,1.53,0
2009-01-13,1.5975,1.5975,1.5975,1.5975,0
2009-01-14,1.5425,1.5425,1.5425,1.5425,0
2009-01-15,1.507,1.507,1.507,1.507,0
2009-01-16,1.5785,1.5785,1.5785,1.5785,0
2009-01-20,1.5495,1.5495,1.5495,1.5495,0
2009-01-21,1.4785,1.4785,1.4785,1.4785,0
2009-01-22,1.4435,1.4435,1.4435,1.4435,0
2009-01-23,1.521,1.521,1.521,1.521,0
2009-01-26,1.632,1.632,1.632,1.632,0
2009-01-27,1.531,1.531,1.531,1.531,0
2009-01-28,1.541,1.541,1.541,1.541,0
2009-01-29,1.5105,1.5105,1.5105,1.5105,0
2009-01-30,1.5235,1.5235,1.5235,1.5235,0
2009-02-02,1.493,1.493,1.493,1.493,0
2009-02-03,1.576,1.576,1.576,1.576,0
2009-02-04,1.5755,1.5755,1.5755,1.5755,0
2009-02-05,1.548,1.548,1.548,1.548,0
2009-02-06,1.6805,1.6805,1.6805,1.6805,0
2009-02-09,1.671,1.671,1.671,1.671,0
2009-02-10,1.6365,1.6365,1.6365,1.6365,0
2009-02-11,1.6015,1.6015,1.6015,1.6015,0
2009-02-12,1.599,1.599,1.599,1.599,0
2009-02-13,1.597,1.597,1.597,1.597,0
2009-02-17,1.497,1.497,1.497,1.497,0
2009-02-18,1.509,1.509,1.509,1.509,0
2009-02-19,1.5355,1.5355,1.5355,1.5355,0
2009-02-20,1.4875,1.4875,1.4875,1.4875,0
2009-02-23,1.5095,1.5095,1.5095,1.5095,0
2009-02-24,1.557,1.557,1.557,1.557,0
2009-02-25,1.585,1.585,1.585,1.585,0
2009-02-26,1.6275,1.6275,1.6275,1.6275,0
2009-02-27,1.5875,1.5875,1.5875,1.5875,0
2009-03-02,1.564,1.564,1.564,1.564,0
2009-03-03,1.6435,1.6435,1.6435,1.6435,0
2009-03-04,1.7235,1.7235,1.7235,1.7235,0
2009-03-05,1.685,1.685,1.685,1.685,0
2009-03-06,1.723,1.723,1.723,1.723,0
2009-03-09,1.689,1.689,1.689,1.689,0
2009-03-10,1.7305,1.7305,1.7305,1.7305,0
2009-03-11,1.672,1.672,1.672,1.672,0
2009-03-12,1.685,1.685,1.6785,1.6785,2
2009-03-13,1.7135,1.7135,1.7135,1.7135,0
2009-03-16,1.7875,1.7875,1.7875,1.7875,0
2009-03-17,1.7605,1.7605,1.7605,1.7605,0
2009-03-18,1.762,1.762,1.762,1.762,0
2009-03-19,1.8765,1.8765,1.8495,1.8495,1
2009-03-20,1.84,1.84,1.84,1.84,0
2009-03-23,1.8865,1.8865,1.8865,1.8865,0
2009-03-24,1.8585,1.8585,1.8585,1.8585,0
2009-03-25,1.8555,1.8555,1.8555,1.8555,0
2009-03-26,1.906,1.906,1.906,1.906,0
2009-03-27,1.8865,1.8865,1.8865,1.8865,0
2009-03-30,1.819,1.819,1.819,1.819,0
2009-03-31,1.893,1.893,1.893,1.893,0
2009-04-01,1.8945,1.8945,1.8945,1.8945,0
2009-04-02,1.929,1.929,1.929,1.929,0
2009-04-03,2.026,2.026,2.026,2.026,1
2009-04-06,1.991,1.991,1.991,1.991,0
2009-04-07,2.0285,2.0285,2.0285,2.0285,0
2009-04-08,2.0385,2.0385,2.0385,2.0385,0
2009-04-09,2.1105,2.1105,2.1105,2.1105,0
2009-04-13,2.1655,2.1655,2.1655,2.1655,0
2009-04-14,2.162,2.162,2.162,2.162,0
2009-04-15,2.233,2.233,2.233,2.233,0
2009-04-16,2.1975,2.1975,2.1975,2.1975,0
2009-04-17,2.183,2.183,2.1795,2.1795,9
2009-04-20,2.105,2.105,2.09,2.09,2
2009-04-21,2.051,2.051,2.051,2.051,0
2009-04-22,2.029,2.029,2.029,2.029,0
2009-04-23,1.9675,1.9675,1.9675,1.9675,15
2009-04-24,2.023,2.023,2.023,2.023,5
2009-04-27,1.966,1.966,1.966,1.966,24
2009-04-28,1.9,1.911,1.9,1.911,23
2009-04-29,1.9965,1.9965,1.9965,1.9965,0
2009-04-30,2.033,2.033,2.033,2.033,0
2009-05-01,2.0875,2.0875,2.0875,2.0875,0
2009-05-04,2.1315,2.1315,2.1315,2.1315,0
2009-05-05,2.077,2.077,2.077,2.077,0
2009-05-06,2.174,2.174,2.174,2.174,0
2009-05-07,2.164,2.164,2.164,2.164,0
2009-05-08,2.1545,2.1545,2.1545,2.1545,12
2009-05-11,2.1085,2.1085,2.1085,2.1085,0
2009-05-12,2.1055,2.1055,2.1055,2.1055,0
2009-05-13,2.044,2.044,2.044,2.044,0
2009-05-14,2.0365,2.0365,2.0365,2.0365,0
2009-05-15,2.0305,2.0305,2.0305,2.0305,0
2009-05-18,2.084,2.084,2.084,2.084,0
2009-05-19,2.0905,2.0905,2.0905,2.0905,0
2009-05-20,2.126,2.126,2.126,2.126,0
2009-05-21,2.0695,2.0695,2.0695,2.0695,0
2009-05-22,2.1075,2.1075,2.1075,2.1075,0
2009-05-26,2.143,2.143,2.143,2.143,0
2009-05-27,2.1365,2.1365,2.1365,2.1365,0
2009-05-28,2.1545,2.1545,2.1545,2.1545,0
2009-05-29,2.1995,2.1995,2.1995,2.1995,4
2009-06-01,2.317,2.317,2.317,2.317,0
2009-06-02,2.301,2.301,2.301,2.301,0
2009-06-03,2.229,2.229,2.229,2.229,0
2009-06-04,2.318,2.318,2.318,2.318,0
2009-06-05,2.309,2.309,2.309,2.309,0
2009-06-08,2.2785,2.2785,2.2785,2.2785,22
2009-06-09,2.3855,2.3855,2.3855,2.3855,44
2009-06-10,2.383,2.383,2.383,2.383,22
2009-06-11,2.46,2.46,2.46,2.46,0
2009-06-12,2.393,2.393,2.393,2.393,0
2009-06-15,2.3,2.3085,2.3,2.3085,4
2009-06-16,2.3105,2.3105,2.2765,2.2765,8
2009-06-17,2.282,2.282,2.282,2.282,0
2009-06-18,2.295,2.295,2.295,2.295,0
2009-06-19,2.298,2.298,2.275,2.275,1
2009-06-22,2.162,2.162,2.162,2.162,15
2009-06-23,2.2295,2.2295,2.2295,2.2295,0
2009-06-24,2.295,2.295,2.295,2.295,1
2009-06-25,2.3255,2.3255,2.3255,2.3255,1
2009-06-26,2.321,2.321,2.321,2.321,0
2009-06-29,2.338,2.338,2.338,2.338,0
2009-06-30,2.309,2.309,2.287,2.287,4
2009-07-01,2.346,2.346,2.346,2.346,0
2009-07-02,2.305,2.323,2.305,2.323,451
2009-07-06,2.286,2.286,2.286,2.286,1
2009-07-07,2.26,2.26,2.24,2.2525,2
2009-07-08,2.188,2.188,2.188,2.188,1
2009-07-09,2.22,2.2605,2.22,2.2605,229
2009-07-10,2.2295,2.2295,2.2295,2.2295,700
2009-07-13,2.238,2.238,2.238,2.238,0
2009-07-14,2.31,2.313,2.31,2.313,46
2009-07-15,2.3995,2.3995,2.3995,2.3995,1
2009-07-16,2.398,2.398,2.398,2.398,1
2009-07-17,2.4315,2.4315,2.4315,2.4315,0
2009-07-20,2.478,2.478,2.478,2.478,0
2009-07-21,2.473,2.473,2.44,2.4605,4
2009-07-22,2.533,2.533,2.533,2.533,19
2009-07-23,2.5165,2.5165,2.5165,2.5165,58
2009-07-24,2.505,2.519,2.505,2.519,71
2009-07-27,2.5425,2.5425,2.5425,2.5425,42
2009-07-28,2.5345,2.5345,2.5345,2.5345,6
2009-07-29,2.465,2.489,2.46,2.489,10
2009-07-30,2.5655,2.5655,2.5655,2.5655,2
2009-07-31,2.6255,2.6255,2.6255,2.6255,0
2009-08-03,2.733,2.742,2.733,2.742,13
2009-08-04,2.7985,2.7985,2.7985,2.7985,0
2009-08-05,2.812,2.812,2.812,2.812,2
2009-08-06,2.757,2.757,2.757,2.757,4
2009-08-07,2.7905,2.7905,2.7905,2.7905,2
2009-08-10,2.7785,2.7785,2.7785,2.7785,4
2009-08-11,2.746,2.746,2.746,2.746,0
2009-08-12,2.797,2.8275,2.797,2.8275,7
2009-08-13,2.911,2.911,2.911,2.911,16
2009-08-14,2.8365,2.8365,2.8365,2.8365,10
2009-08-17,2.775,2.775,2.775,2.775,1
2009-08-18,2.745,2.751,2.741,2.751,217
2009-08-19,2.747,2.747,2.747,2.747,6
2009-08-20,2.733,2.733,2.733,2.733,4
2009-08-21,2.871,2.871,2.871,2.871,6
2009-08-24,2.8675,2.9035,2.8195,2.9035,118
2009-08-25,2.8515,2.8515,2.8515,2.8515,0
2009-08-26,2.847,2.8635,2.847,2.8635,18
2009-08-27,2.8615,2.8615,2.8615,2.8615,7
2009-08-28,2.895,2.9325,2.895,2.9325,14
2009-08-31,2.81,2.81,2.81,2.81,15
2009-09-01,2.811,2.811,2.811,2.811,8
2009-09-02,2.8205,2.8205,2.8205,2.8205,0
2009-09-03,2.8545,2.8545,2.8545,2.8545,13
2009-09-04,2.8555,2.8555,2.8555,2.8555,13
2009-09-08,2.88,2.945,2.88,2.94,59
2009-09-09,2.912,2.912,2.912,2.912,0
2009-09-10,2.868,2.868,2.868,2.868,6
2009-09-11,2.8555,2.856,2.8435,2.8435,2
2009-09-14,2.805,2.805,2.805,2.805,12
2009-09-15,2.845,2.845,2.845,2.845,11
2009-09-16,2.934,2.934,2.934,2.934,10
2009-09-17,2.896,2.896,2.8945,2.8945,2
2009-09-18,2.7885,2.7885,2.7885,2.7885,26
2009-09-21,2.81,2.81,2.8095,2.8095,4
2009-09-22,2.856,2.869,2.856,2.869,1
2009-09-23,2.817,2.817,2.817,2.817,16
2009-09-24,2.7205,2.7205,2.7,2.718,6
2009-09-25,2.749,2.749,2.749,2.749,0
2009-09-28,2.6945,2.735,2.6945,2.735,1
2009-09-29,2.7255,2.7395,2.7255,2.7395,4
2009-09-30,2.817,2.829,2.817,2.829,1
2009-10-01,2.745,2.75,2.745,2.75,12
2009-10-02,2.69,2.6975,2.69,2.6975,1
2009-10-05,2.742,2.742,2.742,2.742,3
2009-10-06,2.796,2.796,2.796,2.796,1
2009-10-07,2.792,2.792,2.792,2.792,3
2009-10-08,2.907,2.907,2.907,2.907,2
2009-10-09,2.864,2.864,2.849,2.849,6
2009-10-12,2.8745,2.8745,2.8555,2.866,20
2009-10-13,2.8115,2.8125,2.7925,2.806,52
2009-10-14,2.861,2.861,2.861,2.861,15
2009-10-15,2.8745,2.8745,2.8745,2.8745,25
2009-10-16,2.8645,2.8645,2.8645,2.8645,0
2009-10-19,2.94,2.983,2.94,2.983,11
2009-10-20,2.9365,2.96,2.9365,2.9495,6
2009-10-21,2.982,3.0515,2.982,3.0515,45
2009-10-22,3.017,3.0225,3.013,3.0145,32
2009-10-23,3.0475,3.0545,3.0475,3.0545,27
2009-10-26,3.0355,3.0355,3.0355,3.0355,11
2009-10-27,3.036,3.036,3.029,3.029,31
2009-10-28,3.041,3.041,2.961,2.961,12
2009-10-29,3.0575,3.0575,3.0575,3.0575,94
2009-10-30,2.986,2.986,2.985,2.985,17
2009-11-02,2.9725,2.975,2.9725,2.975,3
2009-11-03,2.986,2.986,2.986,2.986,3
2009-11-04,3.024,3.024,3.024,3.024,489
2009-11-05,2.988,2.9915,2.988,2.9915,4
2009-11-06,2.9795,2.9895,2.9795,2.9895,7
2009-11-09,3.0075,3.0075,3.0075,3.0075,45
2009-11-10,3.0075,3.0075,2.9975,3.001,56
2009-11-11,3.007,3.007,3.001,3.007,1
2009-11-12,3.0175,3.0175,2.99,2.99,39
2009-11-13,3.018,3.018,2.99,3.018,10
2009-11-16,3.1445,3.1445,3.1445,3.1445,6
2009-11-17,3.148,3.148,3.148,3.148,6
2009-11-18,3.1965,3.1965,3.15,3.15,4
2009-11-19,3.1225,3.1225,3.1225,3.1225,6
2009-11-20,3.153,3.153,3.153,3.153,47
2009-11-23,3.18,3.18,3.18,3.18,16
2009-11-24,3.173,3.173,3.16,3.1645,43
2009-11-25,3.219,3.219,3.219,3.219,9
2009-11-27,3.1495,3.1495,3.1495,3.1495,9
2009-11-30,3.154,3.1995,3.148,3.1995,95
2009-12-01,3.252,3.252,3.252,3.252,38
2009-12-02,3.291,3.291,3.278,3.2785,41
2009-12-03,3.2705,3.271,3.269,3.269,267
2009-12-04,3.294,3.294,3.225,3.2625,60
2009-12-07,3.2355,3.2355,3.2355,3.2355,10
2009-12-08,3.18,3.193,3.18,3.193,516
2009-12-09,3.2105,3.2105,3.15,3.152,226
2009-12-10,3.1345,3.1345,3.1345,3.1345,190
2009-12-11,3.1655,3.1655,3.1655,3.1655,246
2009-12-14,3.1845,3.1845,3.1845,3.1845,12
2009-12-15,3.175,3.175,3.1725,3.1725,891
2009-12-16,3.2365,3.2365,3.2365,3.2365,0
2009-12-17,3.1705,3.1715,3.161,3.161,10
2009-12-18,3.1615,3.1705,3.15,3.1705,20
2009-12-21,3.187,3.1885,3.184,3.1885,9
2009-12-22,3.1685,3.1685,3.1685,3.1685,0
2009-12-23,3.233,3.233,3.225,3.233,341
2009-12-24,3.32,3.322,3.32,3.322,1
2009-12-28,3.3655,3.366,3.3655,3.3655,8
2009-12-29,3.3365,3.345,3.3265,3.3415,44
2009-12-30,3.3735,3.3735,3.3735,3.3735,117
2009-12-31,3.3755,3.3755,3.3755,3.3755,3
2010-01-04,3.4355,3.4355,3.4355,3.4355,34
2010-01-05,3.4375,3.443,3.437,3.443,87
2010-01-06,3.5225,3.5225,3.5195,3.5195,79
2010-01-07,3.48,3.5,3.4535,3.4535,82
2010-01-08,3.43,3.4405,3.422,3.426,145
2010-01-11,3.464,3.464,3.464,3.464,93
2010-01-12,3.4375,3.4375,3.3675,3.372,284
2010-01-13,3.392,3.422,3.392,3.422,388
2010-01-14,3.406,3.406,3.406,3.406,138
2010-01-15,3.3725,3.387,3.3725,3.387,44
2010-01-19,3.464,3.466,3.4625,3.464,164
2010-01-20,3.375,3.3815,3.374,3.374,59
2010-01-21,3.3825,3.3825,3.3155,3.3155,154
2010-01-22,3.3,3.368,3.3,3.368,338
2010-01-25,3.4175,3.4175,3.416,3.416,21
2010-01-26,3.3565,3.3715,3.3565,3.3615,853
2010-01-27,3.319,3.319,3.211,3.2455,71
2010-01-28,3.246,3.25,3.123,3.123,298
2010-01-29,3.133,3.1345,3.062,3.077,120
2010-02-01,3.06,3.1225,3.0465,3.11,110
2010-02-02,3.12,3.12,3.1125,3.116,88
2010-02-03,3.134,3.15,2.99,3.0,259
2010-02-04,2.9795,2.9795,2.8895,2.908,199
2010-02-05,2.88,2.89,2.8525,2.8885,105
2010-02-08,2.9015,2.945,2.9,2.945,120
2010-02-09,2.972,3.0265,2.972,3.019,131
2010-02-10,3.021,3.021,3.021,3.021,346
2010-02-11,3.0765,3.1665,3.0745,3.163,404
2010-02-12,3.116,3.117,3.1025,3.117,646
2010-02-16,3.1405,3.255,3.1405,3.2515,239
2010-02-17,3.28,3.28,3.2475,3.2735,530
2010-02-18,3.321,3.321,3.321,3.321,109
2010-02-19,3.323,3.3945,3.323,3.3945,272
2010-02-22,3.376,3.376,3.328,3.3445,215
2010-02-23,3.2625,3.2625,3.252,3.2525,741
2010-02-24,3.265,3.272,3.259,3.272,170
2010-02-25,3.233,3.233,3.2135,3.2305,360
2010-02-26,3.3,3.3115,3.3,3.3055,142
2010-03-01,3.45,3.4675,3.3615,3.3725,653
2010-03-02,3.3425,3.433,3.3335,3.431,793
2010-03-03,3.3965,3.4815,3.3965,3.456,1066
2010-03-04,3.436,3.453,3.37,3.3965,776
2010-03-05,3.393,3.4705,3.393,3.4395,1101
2010-03-08,3.466,3.481,3.425,3.4345,1349
2010-03-09,3.41,3.442,3.382,3.4365,2002
2010-03-10,3.455,3.468,3.3815,3.3925,957
2010-03-11,3.402,3.402,3.402,3.402,500
2010-03-12,3.3915,3.4055,3.3915,3.4055,200
2010-03-15,3.355,3.3625,3.328,3.341,185
2010-03-16,3.362,3.402,3.3555,3.3915,633
2010-03-17,3.44,3.45,3.434,3.445,444
2010-03-18,3.433,3.433,3.4065,3.424,487
2010-03-19,3.44,3.44,3.401,3.401,459
2010-03-22,3.366,3.4165,3.366,3.41,445
2010-03-23,3.4,3.419,3.4,3.4085,72
2010-03-24,3.3675,3.379,3.3675,3.375,651
2010-03-25,3.375,3.4145,3.375,3.41,684
2010-03-26,3.379,3.4605,3.379,3.433,317
2010-03-29,3.4835,3.569,3.4835,3.565,819
2010-03-30,3.559,3.595,3.5395,3.592,1264
2010-03-31,3.555,3.592,3.5495,3.5825,1485
2010-04-01,3.596,3.6265,3.591,3.613,695
2010-04-05,3.66,3.6615,3.6525,3.6615,85
2010-04-06,3.6355,3.6595,3.634,3.647,726
2010-04-07,3.6425,3.6585,3.6065,3.628,714
2010-04-08,3.617,3.62,3.5685,3.619,2585
2010-04-09,3.6225,3.651,3.618,3.6225,1820
2010-04-12,3.667,3.667,3.595,3.598,1822
2010-04-13,3.591,3.635,3.5845,3.634,3985
2010-04-14,3.6245,3.65,3.6245,3.6435,1308
2010-04-15,3.6325,3.641,3.6255,3.6355,1348
2010-04-16,3.625,3.626,3.537,3.5505,1160
2010-04-19,3.5135,3.55,3.4965,3.533,927
2010-04-20,3.575,3.579,3.5495,3.551,1100
2010-04-21,3.559,3.574,3.5095,3.5735,1495
2010-04-22,3.571,3.571,3.5025,3.522,1055
2010-04-23,3.525,3.5495,3.4995,3.5455,1863
2010-04-26,3.564,3.5655,3.554,3.5635,807
2010-04-27,3.542,3.5435,3.396,3.3985,905
2010-04-28,3.3955,3.4165,3.367,3.4025,1160
2010-04-29,3.407,3.4215,3.36,3.367,343
2010-04-30,3.3815,3.399,3.3585,3.37,1654
2010-05-03,3.366,3.3715,3.2945,3.3105,889
2010-05-04,3.31,3.3425,3.1915,3.196,1830
2010-05-05,3.1895,3.222,3.028,3.169,3739
2010-05-06,3.185,3.226,3.0715,3.135,3045
2010-05-07,3.0985,3.1925,3.08,3.162,4834
2010-05-10,3.1965,3.28,3.1865,3.2465,2532
2010-05-11,3.2475,3.2475,3.1485,3.2245,3668
2010-05-12,3.19,3.26,3.154,3.2065,3113
2010-05-13,3.221,3.2735,3.199,3.249,3575
2010-05-14,3.2285,3.241,3.138,3.1525,1185
2010-05-17,3.1265,3.137,2.9355,2.951,2235
2010-05-18,2.9855,3.084,2.9805,3.05,2315
2010-05-19,3.002,3.0325,2.95,2.9775,4256
2010-05-20,3.0115,3.06,2.92,2.9625,4124
2010-05-21,2.963,3.1275,2.962,3.078,5176
2010-05-24,3.119,3.1655,3.0825,3.165,2395
2010-05-25,3.123,3.1265,3.028,3.0615,5109
2010-05-26,3.12,3.1365,3.0755,3.1,2406
2010-05-27,3.0745,3.2,3.0695,3.178,3032
2010-05-28,3.19,3.2005,3.119,3.124,4538
2010-06-01,3.138,3.16,3.04,3.0825,5298
2010-06-02,3.05,3.0825,2.99,3.06,3801
2010-06-03,3.0895,3.103,2.9465,2.966,3390
2010-06-04,2.977,3.01,2.809,2.8385,6149
2010-06-07,2.8125,2.821,2.74,2.7855,10592
2010-06-08,2.766,2.828,2.75,2.7995,9716
2010-06-09,2.816,2.8965,2.778,2.8685,16590
2010-06-10,2.8385,2.922,2.82,2.881,13413
2010-06-11,2.9115,2.962,2.8885,2.924,17122
2010-06-14,2.9445,3.0405,2.9445,3.0125,9174
2010-06-15,2.9915,3.0465,2.9695,3.024,10794
2010-06-16,3.04,3.0675,2.973,3.0135,9198
2010-06-17,3.009,3.013,2.907,2.924,11310
2010-06-18,2.946,2.9465,2.863,2.9015,12618
2010-06-21,2.9385,3.0505,2.9215,2.9595,10721
2010-06-22,2.9485,3.015,2.93,3.0105,13488
2010-06-23,2.975,3.012,2.9345,2.9545,18263
2010-06-24,2.966,3.0315,2.96,3.024,13019
2010-06-25,3.0155,3.119,2.987,3.111,23757
2010-06-28,3.085,3.123,3.0685,3.0895,24194
2010-06-29,3.0915,3.098,2.9235,2.9305,36810
2010-06-30,2.934,2.9745,2.8705,2.9505,35863
2010-07-01,2.91,2.936,2.8555,2.877,36666
2010-07-02,2.8955,2.958,2.8945,2.916,23925
2010-07-06,2.9285,3.02,2.905,2.971,30253
2010-07-07,2.9645,3.0375,2.9435,3.015,21804
2010-07-08,3.038,3.0545,2.991,3.0155,22756
2010-07-09,3.0295,3.0705,3.016,3.0535,18424
2010-07-12,3.0565,3.065,2.985,3.009,21321
2010-07-13,3.025,3.035,2.972,3.0175,21104
2010-07-14,3.039,3.056,2.9855,3.0085,29763
2010-07-15,3.0,3.045,2.987,3.012,27358
2010-07-16,3.02,3.03,2.9285,2.9295,33941
2010-07-19,2.933,2.9625,2.925,2.938,23531
2010-07-20,2.9315,3.03,2.9315,3.0015,34904
2010-07-21,3.0235,3.1065,2.998,3.093,41513
2010-07-22,3.069,3.193,3.0475,3.1645,42158
2010-07-23,3.162,3.226,3.144,3.185,28498
2010-07-26,3.1975,3.238,3.166,3.223,29013
2010-07-27,3.2275,3.2365,3.176,3.2065,33800
2010-07-28,3.198,3.265,3.186,3.2455,31310
2010-07-29,3.2375,3.297,3.2265,3.29,31275
2010-07-30,3.2785,3.3165,3.247,3.3115,31540
2010-08-02,3.3115,3.3965,3.3015,3.3895,28929
2010-08-03,3.39,3.3925,3.3275,3.3585,26539
2010-08-04,3.3525,3.4105,3.333,3.4045,32448
2010-08-05,3.4,3.4085,3.3225,3.3535,33067
2010-08-06,3.342,3.38,3.325,3.343,35461
2010-08-09,3.36,3.394,3.336,3.354,26577
2010-08-10,3.36,3.366,3.2715,3.3125,36320
2010-08-11,3.317,3.3335,3.2385,3.254,36492
2010-08-12,3.231,3.296,3.231,3.284,38267
2010-08-13,3.286,3.312,3.236,3.252,37033
2010-08-16,3.2535,3.3025,3.2475,3.2795,22269
2010-08-17,3.2805,3.352,3.274,3.3385,29624
2010-08-18,3.332,3.355,3.305,3.3495,33332
2010-08-19,3.341,3.39,3.2915,3.3185,33644
2010-08-20,3.3235,3.3315,3.2495,3.291,28451
2010-08-23,3.296,3.313,3.271,3.2915,17967
2010-08-24,3.2845,3.2915,3.19,3.241,39347
2010-08-25,3.224,3.259,3.1775,3.211,30151
2010-08-26,3.232,3.315,3.221,3.3045,31476
2010-08-27,3.2835,3.384,3.2785,3.363,34471
2010-08-30,3.4,3.431,3.379,3.413,12586
2010-08-31,3.3905,3.396,3.344,3.361,5997
2010-09-01,3.371,3.4765,3.371,3.4685,1211
2010-09-02,3.461,3.4945,3.4575,3.488,502
2010-09-03,3.468,3.525,3.4665,3.4935,661
2010-09-07,3.48,3.5175,3.42,3.4635,757
2010-09-08,3.461,3.5,3.447,3.4905,1145
2010-09-09,3.479,3.4805,3.3895,3.4335,417
2010-09-10,3.4185,3.439,3.391,3.397,440
2010-09-13,3.453,3.4815,3.448,3.4715,440
2010-09-14,3.456,3.4875,3.4215,3.4595,598
2010-09-15,3.4415,3.466,3.4275,3.458,170
2008-12-15,1.466,1.466,1.466,1.466,0
2008-12-16,1.4385,1.4385,1.4385,1.4385,0
2008-12-17,1.4325,1.4325,1.4325,1.4325,0
2008-12-18,1.362,1.362,1.362,1.362,0
2008-12-19,1.384,1.384,1.384,1.384,0
2008-12-22,1.405,1.405,1.405,1.405,0
2008-12-23,1.352,1.352,1.352,1.352,0
2008-12-24,1.3475,1.3475,1.3475,1.3475,0
2008-12-26,1.3735,1.3735,1.3735,1.3735,0
2008-12-29,1.38,1.38,1.38,1.38,0
2008-12-30,1.387,1.387,1.387,1.387,0
2008-12-31,1.467,1.467,1.467,1.467,0
2009-01-02,1.5185,1.5185,1.5185,1.5185,0
2009-01-05,1.5195,1.5195,1.5195,1.5195,0
2009-01-06,1.636,1.636,1.636,1.636,0
2009-01-07,1.565,1.565,1.565,1.565,0
2009-01-08,1.537,1.537,1.537,1.537,0
2009-01-09,1.6005,1.6005,1.6005,1.6005,0
2009-01-12,1.532,1.532,1.532,1.532,0
2009-01-13,1.6005,1.6005,1.6005,1.6005,0
2009-01-14,1.5455,1.5455,1.5455,1.5455,0
2009-01-15,1.51,1.51,1.51,1.51,0
2009-01-16,1.5815,1.5815,1.5815,1.5815,0
2009-01-20,1.5515,1.5515,1.5515,1.5515,0
2009-01-21,1.4805,1.4805,1.4805,1.4805,0
2009-01-22,1.4455,1.4455,1.4455,1.4455,0
2009-01-23,1.523,1.523,1.523,1.523,0
2009-01-26,1.634,1.634,1.634,1.634,0
2009-01-27,1.533,1.533,1.533,1.533,0
2009-01-28,1.543,1.543,1.543,1.543,0
2009-01-29,1.5135,1.5135,1.5135,1.5135,0
2009-01-30,1.5265,1.5265,1.5265,1.5265,0
2009-02-02,1.497,1.497,1.497,1.497,0
2009-02-03,1.579,1.579,1.579,1.579,0
2009-02-04,1.5775,1.5775,1.5775,1.5775,0
2009-02-05,1.551,1.551,1.551,1.551,0
2009-02-06,1.6835,1.6835,1.6835,1.6835,0
2009-02-09,1.675,1.675,1.675,1.675,0
2009-02-10,1.6405,1.6405,1.6405,1.6405,0
2009-02-11,1.6055,1.6055,1.6055,1.6055,0
2009-02-12,1.603,1.603,1.603,1.603,0
2009-02-13,1.6,1.6,1.6,1.6,0
2009-02-17,1.501,1.501,1.501,1.501,0
2009-02-18,1.513,1.513,1.513,1.513,0
2009-02-19,1.5385,1.5385,1.5385,1.5385,0
2009-02-20,1.4915,1.4915,1.4915,1.4915,0
2009-02-23,1.5145,1.5145,1.5145,1.5145,0
2009-02-24,1.562,1.562,1.562,1.562,0
2009-02-25,1.589,1.589,1.589,1.589,0
2009-02-26,1.6315,1.6315,1.6315,1.6315,0
2009-02-27,1.5915,1.5915,1.5915,1.5915,0
2009-03-02,1.568,1.568,1.568,1.568,0
2009-03-03,1.6465,1.6465,1.6465,1.6465,0
2009-03-04,1.7255,1.7255,1.7255,1.7255,0
2009-03-05,1.687,1.687,1.687,1.687,0
2009-03-06,1.725,1.725,1.725,1.725,0
2009-03-09,1.693,1.693,1.693,1.693,0
2009-03-10,1.7345,1.7345,1.7345,1.7345,0
2009-03-11,1.676,1.676,1.676,1.676,0
2009-03-12,1.6835,1.6835,1.6835,1.6835,0
2009-03-13,1.7185,1.7185,1.7185,1.7185,0
2009-03-16,1.7915,1.7915,1.7915,1.7915,0
2009-03-17,1.7635,1.7635,1.7635,1.7635,0
2009-03-18,1.766,1.766,1.766,1.766,0
2009-03-19,1.8535,1.8535,1.8535,1.8535,0
2009-03-20,1.844,1.844,1.844,1.844,0
2009-03-23,1.8905,1.8905,1.8905,1.8905,0
2009-03-24,1.8635,1.8635,1.8635,1.8635,0
2009-03-25,1.8605,1.8605,1.8605,1.8605,0
2009-03-26,1.911,1.911,1.911,1.911,0
2009-03-27,1.8915,1.8915,1.8915,1.8915,0
2009-03-30,1.824,1.824,1.824,1.824,0
2009-03-31,1.897,1.897,1.897,1.897,0
2009-04-01,1.8985,1.8985,1.8985,1.8985,0
2009-04-02,1.932,1.932,1.932,1.932,0
2009-04-03,2.027,2.027,2.027,2.027,0
2009-04-06,1.993,1.993,1.993,1.993,0
2009-04-07,2.0305,2.0305,2.0305,2.0305,0
2009-04-08,2.0405,2.0405,2.0405,2.0405,0
2009-04-09,2.1125,2.1125,2.1125,2.1125,0
2009-04-13,2.1675,2.1675,2.1675,2.1675,0
2009-04-14,2.165,2.165,2.165,2.165,0
2009-04-15,2.235,2.235,2.235,2.235,0
2009-04-16,2.1985,2.1985,2.1985,2.1985,0
2009-04-17,2.185,2.185,2.1765,2.1765,1
2009-04-20,2.087,2.087,2.087,2.087,0
2009-04-21,2.046,2.046,2.046,2.046,0
2009-04-22,2.024,2.024,2.024,2.024,0
2009-04-23,1.9645,1.9645,1.9645,1.9645,0
2009-04-24,2.02,2.02,2.02,2.02,0
2009-04-27,1.964,1.964,1.964,1.964,0
2009-04-28,1.91,1.91,1.91,1.91,0
2009-04-29,1.9955,1.9955,1.9955,1.9955,0
2009-04-30,2.031,2.031,2.031,2.031,0
2009-05-01,2.0855,2.0855,2.0855,2.0855,0
2009-05-04,2.1295,2.1295,2.1295,2.1295,0
2009-05-05,2.076,2.076,2.076,2.076,0
2009-05-06,2.172,2.172,2.172,2.172,0
2009-05-07,2.163,2.163,2.163,2.163,0
2009-05-08,2.1545,2.1545,2.1545,2.1545,0
2009-05-11,2.1095,2.1095,2.1095,2.1095,0
2009-05-12,2.1065,2.1065,2.1065,2.1065,0
2009-05-13,2.044,2.044,2.044,2.044,0
2009-05-14,2.0365,2.0365,2.0365,2.0365,0
2009-05-15,2.0305,2.0305,2.0305,2.0305,0
2009-05-18,2.084,2.084,2.084,2.084,0
2009-05-19,2.0915,2.0915,2.0915,2.0915,0
2009-05-20,2.127,2.127,2.127,2.127,0
2009-05-21,2.0705,2.0705,2.0705,2.0705,0
2009-05-22,2.1075,2.1075,2.1075,2.1075,0
2009-05-26,2.142,2.142,2.142,2.142,0
2009-05-27,2.1375,2.1375,2.1375,2.1375,0
2009-05-28,2.1555,2.1555,2.1555,2.1555,0
2009-05-29,2.1985,2.1985,2.1985,2.1985,0
2009-06-01,2.315,2.315,2.315,2.315,0
2009-06-02,2.299,2.299,2.299,2.299,0
2009-06-03,2.229,2.229,2.229,2.229,0
2009-06-04,2.318,2.318,2.318,2.318,0
2009-06-05,2.31,2.31,2.31,2.31,0
2009-06-08,2.2795,2.2795,2.2795,2.2795,22
2009-06-09,2.3855,2.3855,2.3855,2.3855,44
2009-06-10,2.383,2.383,2.383,2.383,22
2009-06-11,2.46,2.46,2.46,2.46,0
2009-06-12,2.393,2.393,2.393,2.393,0
2009-06-15,2.3085,2.3085,2.3085,2.3085,0
2009-06-16,2.3,2.3,2.2765,2.2765,2
2009-06-17,2.283,2.283,2.283,2.283,0
2009-06-18,2.296,2.296,2.296,2.296,0
2009-06-19,2.276,2.276,2.276,2.276,0
2009-06-22,2.163,2.163,2.163,2.163,0
2009-06-23,2.2305,2.2305,2.2305,2.2305,0
2009-06-24,2.296,2.296,2.296,2.296,0
2009-06-25,2.326,2.326,2.326,2.326,0
2009-06-26,2.3215,2.3215,2.3215,2.3215,0
2009-06-29,2.3385,2.3385,2.3385,2.3385,0
2009-06-30,2.288,2.288,2.288,2.288,0
2009-07-01,2.347,2.347,2.347,2.347,0
2009-07-02,2.324,2.324,2.324,2.324,0
2009-07-06,2.288,2.288,2.288,2.288,0
2009-07-07,2.2545,2.2545,2.2545,2.2545,0
2009-07-08,2.19,2.19,2.19,2.19,0
2009-07-09,2.2615,2.2615,2.2615,2.2615,0
2009-07-10,2.2285,2.2285,2.2285,2.2285,0
2009-07-13,2.237,2.237,2.237,2.237,0
2009-07-14,2.313,2.313,2.313,2.313,44
2009-07-15,2.401,2.401,2.3985,2.3985,11
2009-07-16,2.397,2.397,2.397,2.397,0
2009-07-17,2.4305,2.4305,2.4305,2.4305,0
2009-07-20,2.4775,2.4775,2.4775,2.4775,0
2009-07-21,2.46,2.46,2.46,2.46,0
2009-07-22,2.5325,2.5325,2.5325,2.5325,0
2009-07-23,2.5115,2.5115,2.5115,2.5115,0
2009-07-24,2.515,2.515,2.515,2.515,0
2009-07-27,2.5385,2.5385,2.5385,2.5385,0
2009-07-28,2.5345,2.5345,2.5345,2.5345,0
2009-07-29,2.4855,2.4855,2.4855,2.4855,0
2009-07-30,2.5635,2.5635,2.5635,2.5635,0
2009-07-31,2.578,2.623,2.578,2.623,17
2009-08-03,2.7395,2.7395,2.7395,2.7395,0
2009-08-04,2.7965,2.7965,2.7965,2.7965,0
2009-08-05,2.8095,2.8095,2.8095,2.8095,0
2009-08-06,2.7545,2.7545,2.7545,2.7545,0
2009-08-07,2.7875,2.7875,2.7875,2.7875,0
2009-08-10,2.7745,2.7745,2.7745,2.7745,0
2009-08-11,2.742,2.742,2.742,2.742,0
2009-08-12,2.8225,2.8225,2.8225,2.8225,0
2009-08-13,2.904,2.904,2.904,2.904,0
2009-08-14,2.8305,2.8305,2.8305,2.8305,0
2009-08-17,2.769,2.769,2.769,2.769,0
2009-08-18,2.744,2.744,2.744,2.744,0
2009-08-19,2.74,2.74,2.74,2.74,0
2009-08-20,2.727,2.727,2.727,2.727,0
2009-08-21,2.865,2.865,2.865,2.865,0
2009-08-24,2.8965,2.8965,2.8965,2.8965,4
2009-08-25,2.8455,2.8455,2.8455,2.8455,0
2009-08-26,2.858,2.858,2.858,2.858,0
2009-08-27,2.861,2.861,2.856,2.856,1
2009-08-28,2.9245,2.9245,2.9245,2.9245,4
2009-08-31,2.8015,2.8015,2.8015,2.8015,0
2009-09-01,2.8415,2.8415,2.8025,2.8025,1
2009-09-02,2.8125,2.8125,2.8125,2.8125,0
2009-09-03,2.8455,2.8455,2.8455,2.8455,0
2009-09-04,2.8465,2.8465,2.8465,2.8465,0
2009-09-08,2.88,2.9315,2.88,2.9315,2
2009-09-09,2.9045,2.9045,2.9045,2.9045,0
2009-09-10,2.8605,2.8605,2.8605,2.8605,0
2009-09-11,2.837,2.837,2.837,2.837,0
2009-09-14,2.798,2.798,2.798,2.798,0
2009-09-15,2.838,2.838,2.838,2.838,0
2009-09-16,2.927,2.927,2.927,2.927,0
2009-09-17,2.895,2.895,2.8885,2.8885,1
2009-09-18,2.79,2.79,2.7825,2.7825,2
2009-09-21,2.8035,2.8035,2.8035,2.8035,0
2009-09-22,2.863,2.863,2.863,2.863,0
2009-09-23,2.811,2.811,2.811,2.811,0
2009-09-24,2.7,2.713,2.7,2.713,1
2009-09-25,2.744,2.744,2.744,2.744,0
2009-09-28,2.73,2.73,2.73,2.73,0
2009-09-29,2.735,2.735,2.735,2.735,0
2009-09-30,2.826,2.826,2.826,2.826,0
2009-10-01,2.748,2.748,2.748,2.748,4
2009-10-02,2.6955,2.6955,2.6955,2.6955,0
2009-10-05,2.74,2.74,2.74,2.74,0
2009-10-06,2.794,2.794,2.794,2.794,0
2009-10-07,2.79,2.79,2.79,2.79,0
2009-10-08,2.905,2.905,2.905,2.905,0
2009-10-09,2.845,2.845,2.845,2.845,0
2009-10-12,2.862,2.862,2.862,2.862,5
2009-10-13,2.802,2.802,2.802,2.802,0
2009-10-14,2.858,2.858,2.858,2.858,0
2009-10-15,2.8715,2.8715,2.8715,2.8715,0
2009-10-16,2.8615,2.8615,2.8615,2.8615,0
2009-10-19,2.98,2.98,2.98,2.98,0
2009-10-20,2.9465,2.9465,2.9465,2.9465,0
2009-10-21,3.0485,3.0485,3.0485,3.0485,0
2009-10-22,3.0115,3.0115,3.0115,3.0115,0
2009-10-23,3.0525,3.0525,3.0525,3.0525,0
2009-10-26,3.0345,3.0345,3.0345,3.0345,13
2009-10-27,3.029,3.029,3.029,3.029,0
2009-10-28,2.961,2.961,2.961,2.961,0
2009-10-29,3.057,3.057,3.057,3.057,0
2009-10-30,2.9855,2.9855,2.9855,2.9855,0
2009-11-02,2.9755,2.9755,2.9755,2.9755,0
2009-11-03,2.9865,2.9865,2.9865,2.9865,0
2009-11-04,3.024,3.024,3.024,3.024,0
2009-11-05,2.9915,2.9915,2.9915,2.9915,0
2009-11-06,2.9895,2.9895,2.9895,2.9895,0
2009-11-09,3.0075,3.0075,3.0075,3.0075,0
2009-11-10,3.0,3.0075,3.0,3.0,0
2009-11-11,3.008,3.008,3.0,3.008,0
2009-11-12,3.0005,3.008,2.992,2.992,2
2009-11-13,3.0205,3.0225,2.992,3.02,13
2009-11-16,3.1455,3.1455,3.1455,3.1455,0
2009-11-17,3.149,3.149,3.149,3.149,0
2009-11-18,3.151,3.151,3.151,3.151,0
2009-11-19,3.1235,3.1235,3.1235,3.1235,0
2009-11-20,3.1545,3.1545,3.1545,3.1545,0
2009-11-23,3.1815,3.1815,3.1815,3.1815,0
2009-11-24,3.166,3.1675,3.166,3.1675,2
2009-11-25,3.2215,3.2215,3.2215,3.2215,0
2009-11-27,3.1525,3.1525,3.1525,3.1525,0
2009-11-30,3.203,3.203,3.203,3.203,0
2009-12-01,3.256,3.256,3.256,3.256,0
2009-12-02,3.2835,3.2835,3.2835,3.2835,0
2009-12-03,3.273,3.273,3.273,3.273,0
2009-12-04,3.267,3.267,3.267,3.267,0
2009-12-07,3.24,3.24,3.24,3.24,0
2009-12-08,3.1975,3.1975,3.1975,3.1975,0
2009-12-09,3.156,3.156,3.156,3.156,0
2009-12-10,3.138,3.138,3.138,3.138,0
2009-12-11,3.169,3.169,3.169,3.169,0
2009-12-14,3.188,3.188,3.188,3.188,0
2009-12-15,3.1765,3.1765,3.1765,3.1765,0
2009-12-16,3.2405,3.2405,3.2405,3.2405,0
2009-12-17,3.1655,3.1655,3.1655,3.1655,0
2009-12-18,3.1665,3.175,3.156,3.175,2
2009-12-21,3.19,3.193,3.19,3.193,1
2009-12-22,3.173,3.173,3.173,3.173,0
2009-12-23,3.237,3.237,3.237,3.237,0
2009-12-24,3.3255,3.3255,3.3255,3.3255,0
2009-12-28,3.369,3.3695,3.369,3.369,0
2009-12-29,3.3485,3.349,3.345,3.345,2
2009-12-30,3.378,3.378,3.378,3.378,0
2009-12-31,3.38,3.38,3.38,3.38,0
2010-01-04,3.439,3.439,3.439,3.439,0
2010-01-05,3.447,3.447,3.447,3.447,0
2010-01-06,3.5235,3.5235,3.521,3.521,3
2010-01-07,3.4555,3.4555,3.4555,3.4555,6
2010-01-08,3.426,3.426,3.426,3.426,0
2010-01-11,3.464,3.464,3.464,3.464,0
2010-01-12,3.372,3.372,3.372,3.372,0
2010-01-13,3.4205,3.4205,3.4205,3.4205,0
2010-01-14,3.404,3.404,3.404,3.404,5
2010-01-15,3.385,3.385,3.385,3.385,0
2010-01-19,3.484,3.484,3.4485,3.461,11
2010-01-20,3.372,3.372,3.372,3.372,1
2010-01-21,3.3135,3.3135,3.3135,3.3135,0
2010-01-22,3.366,3.366,3.366,3.366,0
2010-01-25,3.3435,3.4145,3.3435,3.4145,1
2010-01-26,3.359,3.359,3.359,3.359,1
2010-01-27,3.2435,3.2435,3.2435,3.2435,0
2010-01-28,3.1205,3.245,3.1205,3.1205,1
2010-01-29,3.1335,3.1395,3.06,3.0735,12
2010-02-01,3.06,3.107,3.06,3.107,4
2010-02-02,3.1315,3.1315,3.114,3.114,1
2010-02-03,3.15,3.15,3.001,3.001,30
2010-02-04,2.9675,2.9675,2.895,2.91,9
2010-02-05,2.891,2.891,2.891,2.891,1
2010-02-08,2.9365,2.9485,2.9365,2.9485,4
2010-02-09,3.0215,3.0215,3.0215,3.0215,0
2010-02-10,3.023,3.023,3.023,3.023,0
2010-02-11,3.164,3.164,3.164,3.164,0
2010-02-12,3.117,3.117,3.117,3.117,9
2010-02-16,3.175,3.2525,3.175,3.2525,8
2010-02-17,3.2755,3.2755,3.2755,3.2755,0
2010-02-18,3.323,3.323,3.323,3.323,0
2010-02-19,3.397,3.397,3.097,3.397,0
2010-02-22,3.3365,3.347,3.3365,3.347,3
2010-02-23,3.2555,3.2555,3.2555,3.2555,4
2010-02-24,3.2755,3.2755,3.2755,3.2755,0
2010-02-25,3.2235,3.2345,3.2235,3.2345,1
2010-02-26,3.3085,3.3085,3.3085,3.3085,0
2010-03-01,3.3755,3.3755,3.3755,3.3755,0
2010-03-02,3.433,3.433,3.4325,3.433,0
2010-03-03,3.458,3.458,3.458,3.458,0
2010-03-04,3.3995,3.3995,3.3995,3.3995,0
2010-03-05,3.4425,3.4425,3.4425,3.4425,0
2010-03-08,3.438,3.438,3.438,3.438,0
2010-03-09,3.4405,3.4405,3.4405,3.4405,0
2010-03-10,3.4415,3.4415,3.3965,3.3965,2
2010-03-11,3.4065,3.4065,3.4065,3.4065,0
2010-03-12,3.41,3.41,3.41,3.41,0
2010-03-15,3.346,3.346,3.346,3.346,0
2010-03-16,3.396,3.396,3.396,3.396,0
2010-03-17,3.45,3.45,3.45,3.45,0
2010-03-18,3.44,3.44,3.417,3.4295,14
2010-03-19,3.4065,3.4065,3.4065,3.4065,14
2010-03-22,3.4155,3.4155,3.4155,3.4155,0
2010-03-23,3.414,3.414,3.414,3.414,0
2010-03-24,3.3735,3.3805,3.3735,3.3805,10
2010-03-25,3.416,3.416,3.416,3.416,0
2010-03-26,3.439,3.439,3.439,3.439,0
2010-03-29,3.5705,3.5705,3.5705,3.5705,0
2010-03-30,3.596,3.596,3.596,3.596,0
2010-03-31,3.5865,3.5865,3.5865,3.5865,0
2010-04-01,3.617,3.617,3.617,3.617,11
2010-04-05,3.6645,3.6645,3.6645,3.6645,0
2010-04-06,3.649,3.649,3.649,3.649,0
2010-04-07,3.6415,3.6415,3.631,3.631,12
2010-04-08,3.623,3.623,3.623,3.623,1
2010-04-09,3.6435,3.6435,3.627,3.627,10
2010-04-12,3.6025,3.6025,3.6025,3.6025,25
2010-04-13,3.64,3.64,3.64,3.64,22
2010-04-14,3.641,3.6475,3.641,3.6475,6
2010-04-15,3.6335,3.6405,3.6335,3.6405,8
2010-04-16,3.5555,3.5555,3.5555,3.5555,4
2010-04-19,3.539,3.539,3.539,3.539,0
2010-04-20,3.557,3.557,3.557,3.557,0
2010-04-21,3.5795,3.5795,3.5785,3.5795,0
2010-04-22,3.529,3.529,3.529,3.529,4
2010-04-23,3.513,3.5525,3.513,3.5525,6
2010-04-26,3.57,3.57,3.57,3.57,0
2010-04-27,3.422,3.422,3.4065,3.4065,1
2010-04-28,3.4105,3.4105,3.4105,3.4105,2
2010-04-29,3.395,3.395,3.3765,3.3765,3
2010-04-30,3.393,3.3975,3.38,3.38,49
2010-05-03,3.322,3.322,3.3205,3.3215,17
2010-05-04,3.29,3.2905,3.208,3.208,125
2010-05-05,3.0925,3.186,3.0925,3.181,295
2010-05-06,3.1575,3.176,3.147,3.147,195
2010-05-07,3.095,3.1755,3.095,3.174,125
2010-05-10,3.2635,3.27,3.2505,3.259,62
2010-05-11,3.182,3.238,3.1605,3.2375,7
2010-05-12,3.215,3.22,3.215,3.22,12
2010-05-13,3.262,3.262,3.26,3.2615,89
2010-05-14,3.2,3.2,3.1605,3.1655,13
2010-05-17,3.06,3.06,2.965,2.965,52
2010-05-18,3.0865,3.087,3.041,3.064,13
2010-05-19,3.0045,3.0175,2.9805,2.992,24
2010-05-20,3.0075,3.0075,2.976,2.976,8
2010-05-21,3.0985,3.0985,3.09,3.09,90
2010-05-24,3.14,3.177,3.1045,3.1765,23
2010-05-25,3.0665,3.079,3.0575,3.075,17
2010-05-26,3.125,3.1255,3.102,3.113,21
2010-05-27,3.1205,3.192,3.1195,3.192,9
2010-05-28,3.139,3.139,3.138,3.138,1
2010-06-01,3.06,3.115,3.06,3.096,57
2010-06-02,3.01,3.075,3.01,3.075,101
2010-06-03,2.99,2.9925,2.97,2.981,90
2010-06-04,2.95,2.95,2.854,2.854,15
2010-06-07,2.82,2.82,2.7715,2.802,18
2010-06-08,2.8375,2.8375,2.8165,2.8165,162
2010-06-09,2.892,2.899,2.885,2.8855,47
2010-06-10,2.9295,2.9335,2.898,2.898,15
2010-06-11,2.9395,2.965,2.9305,2.9415,24
2010-06-14,3.0295,3.0295,3.014,3.0295,9
2010-06-15,3.0265,3.0405,3.0225,3.0405,11
2010-06-16,3.0145,3.03,3.0145,3.03,1
2010-06-17,2.9405,2.9405,2.9405,2.9405,0
2010-06-18,2.936,2.936,2.9175,2.9175,18
2010-06-21,3.033,3.033,2.9755,2.9755,14
2010-06-22,2.996,3.0265,2.996,3.0265,1
2010-06-23,2.9705,2.984,2.9705,2.9705,9
2010-06-24,3.0395,3.0395,3.0395,3.0395,0
2010-06-25,3.0105,3.1255,3.0105,3.1255,15
2010-06-28,3.13,3.13,3.1035,3.1035,9
2010-06-29,3.032,3.032,2.9455,2.9455,32
2010-06-30,2.945,2.9665,2.945,2.9665,8
2010-07-01,2.89,2.8975,2.89,2.892,15
2010-07-02,2.9235,2.9395,2.9235,2.931,17
2010-07-06,3.0285,3.0285,2.9875,2.9875,557
2010-07-07,3.0225,3.04,3.0225,3.031,30
2010-07-08,3.054,3.054,3.0315,3.0315,9
2010-07-09,3.0635,3.072,3.041,3.0695,31
2010-07-12,3.0245,3.0645,3.0245,3.0245,6
2010-07-13,3.0335,3.0335,3.033,3.033,510
2010-07-14,3.01,3.0235,3.01,3.0235,15
2010-07-15,3.0385,3.0415,3.0265,3.0265,13
2010-07-16,2.9945,2.9945,2.945,2.945,9
2010-07-19,2.9675,2.9675,2.955,2.955,844
2010-07-20,3.0005,3.028,3.0005,3.0185,1032
2010-07-21,3.1125,3.118,3.083,3.109,1547
2010-07-22,3.1555,3.181,3.1555,3.178,1759
2010-07-23,3.219,3.219,3.1965,3.1985,29
2010-07-26,3.22,3.2485,3.22,3.237,264
2010-07-27,3.227,3.2425,3.2235,3.2235,860
2010-07-28,3.2535,3.2735,3.252,3.262,1090
2010-07-29,3.255,3.3085,3.255,3.3065,29
2010-07-30,3.284,3.327,3.284,3.327,52
2010-08-02,3.345,3.4055,3.345,3.4055,1144
2010-08-03,3.3785,3.3785,3.35,3.374,822
2010-08-04,3.3885,3.4225,3.3885,3.42,72
2010-08-05,3.3735,3.3735,3.366,3.3685,60
2010-08-06,3.37,3.37,3.3575,3.3585,1939
2010-08-09,3.3825,3.3825,3.37,3.37,111
2010-08-10,3.3345,3.3465,3.3245,3.3285,574
2010-08-11,3.3115,3.3115,3.2645,3.27,880
2010-08-12,3.3025,3.3025,3.296,3.3005,752
2010-08-13,3.282,3.2905,3.264,3.268,380
2010-08-16,3.303,3.304,3.2945,3.2955,803
2010-08-17,3.351,3.363,3.35,3.3535,974
2010-08-18,3.3545,3.365,3.337,3.365,58
2010-08-19,3.398,3.398,3.333,3.334,19
2010-08-20,3.2835,3.306,3.2835,3.306,202
2010-08-23,3.3,3.313,3.297,3.3065,83
2010-08-24,3.2655,3.2655,3.24,3.2565,88
2010-08-25,3.215,3.2335,3.2115,3.226,203
2010-08-26,3.269,3.3235,3.269,3.32,553
2010-08-27,3.3425,3.3925,3.3425,3.3795,267
2010-08-30,3.4135,3.43,3.4,3.4255,214
2010-08-31,3.403,3.403,3.363,3.3685,49
2010-09-01,3.4325,3.479,3.4245,3.4755,183
2010-09-02,3.473,3.501,3.473,3.4935,37
2010-09-03,3.478,3.528,3.478,3.4985,42
2010-09-07,3.5,3.5,3.4475,3.469,39
2010-09-08,3.4675,3.497,3.4675,3.497,431
2010-09-09,3.426,3.4405,3.42,3.4405,211
2010-09-10,3.415,3.4455,3.3985,3.4035,98
2010-09-13,3.4655,3.488,3.4655,3.4775,41
2010-09-14,3.467,3.4945,3.439,3.4665,73
2010-09-15,3.461,3.4705,3.453,3.465,26
2010-09-16,3.4535,3.51,3.4495,3.4925,350
2010-09-17,3.4885,3.551,3.4885,3.522,98
2010-09-20,3.519,3.5325,3.5035,3.5035,21
2010-09-21,3.5075,3.512,3.48,3.4805,139
2010-09-22,3.5,3.572,3.5,3.563,119
2010-09-23,3.565,3.5925,3.565,3.589,154
2010-09-24,3.595,3.632,3.595,3.617,492
2010-09-27,3.5965,3.611,3.594,3.5965,320
2010-09-28,3.5865,3.636,3.5705,3.636,312
2010-09-29,3.625,3.6685,3.625,3.6605,162
2010-09-30,3.63,3.6655,3.63,3.651,170
2010-10-01,3.6685,3.7175,3.6685,3.689,136
2010-10-04,3.694,3.709,3.659,3.662,81
2010-10-05,3.65,3.738,3.6455,3.724,127
2010-10-06,3.727,3.7825,3.727,3.75,223
2010-10-07,3.768,3.7745,3.661,3.6765,319
2010-10-08,3.6775,3.794,3.6675,3.7705,229
2010-10-11,3.805,3.805,3.77,3.7845,180
2010-10-12,3.7585,3.8065,3.716,3.7855,779
2010-10-13,3.8165,3.834,3.808,3.817,112
2010-10-14,3.8175,3.855,3.7825,3.8135,176
2010-10-15,3.812,3.8575,3.8085,3.8375,388
2010-10-18,3.8125,3.8675,3.787,3.853,404
2010-10-19,3.8565,3.8565,3.7235,3.7565,483
2010-10-20,3.7295,3.7995,3.7295,3.7905,130
2010-10-21,3.775,3.841,3.763,3.7765,936
2010-10-22,3.75,3.803,3.75,3.793,1352
2010-10-25,3.8385,3.874,3.837,3.8585,492
2010-10-26,3.8515,3.87,3.8375,3.865,418
2010-10-27,3.82,3.82,3.763,3.7735,487
2010-10-28,3.785,3.821,3.7825,3.785,422
2010-10-29,3.775,3.775,3.713,3.732,721
2010-11-01,3.7695,3.8065,3.7695,3.7785,463
2010-11-02,3.787,3.8335,3.787,3.8335,274
2010-11-03,3.8395,3.84,3.7755,3.7795,239
2010-11-04,3.827,3.9095,3.827,3.9065,184
2010-11-05,3.95,3.975,3.942,3.944,184
2010-11-08,3.942,3.955,3.9375,3.9525,358
2010-11-09,3.963,4.0395,3.95,4.0395,163
2010-11-10,3.99,3.9905,3.9475,3.966,191
2010-11-11,4.0395,4.0395,4.018,4.018,128
2010-11-12,4.03,4.03,3.8865,3.8885,282
2010-11-15,3.907,3.923,3.902,3.923,208
2008-02-15,3.206,3.206,3.206,3.206,0
2008-02-19,3.3045,3.3045,3.3045,3.3045,0
2008-02-20,3.259,3.259,3.259,3.259,0
2008-02-21,3.34,3.34,3.34,3.34,0
2008-02-22,3.3735,3.3735,3.3735,3.3735,0
2008-02-25,3.37,3.37,3.37,3.37,0
2008-02-26,3.3765,3.3765,3.3765,3.3765,0
2008-02-27,3.4375,3.4375,3.4375,3.4375,0
2008-02-28,3.488,3.488,3.488,3.488,0
2008-02-29,3.469,3.469,3.469,3.469,0
2008-03-03,3.538,3.538,3.538,3.538,0
2008-03-04,3.453,3.453,3.453,3.453,0
2008-03-05,3.59,3.59,3.59,3.59,0
2008-03-06,3.5345,3.5345,3.5345,3.5345,0
2008-03-07,3.5615,3.5615,3.5615,3.5615,0
2008-03-10,3.4645,3.4645,3.4645,3.4645,0
2008-03-11,3.4805,3.4805,3.4805,3.4805,0
2008-03-12,3.5135,3.5135,3.5135,3.5135,0
2008-03-13,3.49,3.49,3.49,3.49,0
2008-03-14,3.4925,3.4925,3.4925,3.4925,0
2008-03-17,3.396,3.396,3.396,3.396,0
2008-03-18,3.457,3.457,3.457,3.457,0
2008-03-19,3.3535,3.3535,3.3535,3.3535,0
2008-03-20,3.323,3.323,3.323,3.323,0
2008-03-24,3.382,3.382,3.382,3.382,0
2008-03-25,3.3935,3.3935,3.3935,3.3935,0
2008-03-26,3.437,3.437,3.437,3.437,88
2008-03-27,3.546,3.546,3.546,3.546,0
2008-03-28,3.5225,3.5225,3.5225,3.5225,0
2008-03-31,3.541,3.541,3.541,3.541,0
2008-04-01,3.5165,3.5165,3.5165,3.5165,0
2008-04-02,3.573,3.573,3.573,3.573,0
2008-04-03,3.5825,3.5825,3.5825,3.5825,0
2008-04-04,3.6545,3.6545,3.6545,3.6545,0
2008-04-07,3.6485,3.6485,3.6485,3.6485,0
2008-04-08,3.5795,3.5795,3.5795,3.5795,0
2008-04-09,3.661,3.661,3.661,3.661,0
2008-04-10,3.5955,3.5955,3.5955,3.5955,0
2008-04-11,3.6295,3.6295,3.6295,3.6295,0
2008-04-14,3.59,3.59,3.59,3.59,0
2008-04-15,3.563,3.563,3.563,3.563,0
2008-04-16,3.641,3.641,3.641,3.641,0
2008-04-17,3.6095,3.6095,3.6095,3.6095,0
2008-04-18,3.614,3.614,3.614,3.614,0
2008-04-21,3.5995,3.5995,3.5995,3.5995,0
2008-04-22,3.6715,3.6715,3.6715,3.6715,0
2008-04-23,3.624,3.624,3.624,3.624,0
2008-04-24,3.6015,3.6015,3.6015,3.6015,0
2008-04-25,3.6405,3.6405,3.6405,3.6405,0
2008-04-28,3.6475,3.6475,3.6475,3.6475,0
2008-04-29,3.599,3.599,3.599,3.599,0
2008-04-30,3.6095,3.6095,3.6095,3.6095,0
2008-05-01,3.4455,3.4455,3.4455,3.4455,0
2008-05-02,3.5595,3.5595,3.5595,3.5595,0
2008-05-05,3.656,3.656,3.656,3.656,0
2008-05-06,3.6045,3.6045,3.6045,3.6045,0
2008-05-07,3.581,3.581,3.581,3.581,0
2008-05-08,3.553,3.553,3.553,3.553,0
2008-05-09,3.5065,3.5065,3.5065,3.5065,0
2008-05-12,3.5255,3.5255,3.5255,3.5255,0
2008-05-13,3.535,3.535,3.535,3.535,0
2008-05-14,3.515,3.515,3.515,3.515,0
2008-05-15,3.5585,3.5585,3.5585,3.5585,0
2008-05-16,3.631,3.631,3.631,3.631,0
2008-05-19,3.6,3.6,3.6,3.6,0
2008-05-20,3.593,3.593,3.593,3.593,0
2008-05-21,3.589,3.589,3.589,3.589,0
2008-05-22,3.581,3.581,3.581,3.581,0
2008-05-23,3.601,3.601,3.601,3.601,0
2008-05-27,3.58,3.58,3.58,3.58,0
2008-05-28,3.5615,3.5615,3.5615,3.5615,0
2008-05-29,3.454,3.454,3.454,3.454,0
2008-05-30,3.494,3.494,3.494,3.494,0
2008-06-02,3.4955,3.4955,3.4955,3.4955,0
2008-06-03,3.477,3.477,3.477,3.477,0
2008-06-04,3.432,3.432,3.432,3.432,0
2008-06-05,3.429,3.429,3.429,3.429,0
2008-06-06,3.496,3.496,3.496,3.496,0
2008-06-09,3.5095,3.5095,3.5095,3.5095,0
2008-06-10,3.4585,3.4585,3.4585,3.4585,0
2008-06-11,3.4685,3.4685,3.4685,3.4685,0
2008-06-12,3.4295,3.4295,3.4295,3.4295,0
2008-06-13,3.4545,3.4545,3.4545,3.4545,0
2008-06-16,3.5235,3.5235,3.5235,3.5235,0
2008-06-17,3.526,3.526,3.526,3.526,88
2008-06-18,3.5865,3.5865,3.5865,3.5865,22
2008-06-19,3.6055,3.6055,3.6055,3.6055,88
2008-06-20,3.652,3.652,3.652,3.652,0
2008-06-23,3.6145,3.6145,3.6145,3.6145,0
2008-06-24,3.5955,3.5955,3.5955,3.5955,0
2008-06-25,3.597,3.597,3.597,3.597,0
2008-06-26,3.6275,3.6275,3.6275,3.6275,22
2008-06-27,3.673,3.673,3.673,3.673,0
2008-06-30,3.679,3.679,3.679,3.679,0
2008-07-01,3.706,3.706,3.706,3.706,0
2008-07-02,3.8205,3.8205,3.8205,3.8205,0
2008-07-03,3.7155,3.7155,3.7155,3.7155,0
2008-07-07,3.6395,3.6395,3.6395,3.6395,0
2008-07-08,3.514,3.514,3.514,3.514,0
2008-07-09,3.5515,3.5515,3.5515,3.5515,0
2008-07-10,3.532,3.532,3.532,3.532,0
2008-07-11,3.5535,3.5535,3.5535,3.5535,0
2008-07-14,3.5665,3.5665,3.5665,3.5665,0
2008-07-15,3.516,3.516,3.516,3.516,0
2008-07-16,3.4435,3.4435,3.4435,3.4435,0
2008-07-17,3.4675,3.4675,3.4675,3.4675,0
2008-07-18,3.45,3.45,3.45,3.45,0
2008-07-21,3.485,3.485,3.485,3.485,0
2008-07-22,3.4955,3.4955,3.4955,3.4955,22
2008-07-23,3.4715,3.4715,3.4715,3.4715,0
2008-07-24,3.397,3.397,3.397,3.397,0
2008-07-25,3.42,3.42,3.42,3.42,0
2008-07-28,3.43,3.43,3.43,3.43,0
2008-07-29,3.424,3.424,3.424,3.424,0
2008-07-30,3.4665,3.4665,3.4665,3.4665,12
2008-07-31,3.49,3.49,3.49,3.49,0
2008-08-01,3.4235,3.4235,3.4235,3.4235,11
2008-08-04,3.3235,3.3235,3.3235,3.3235,0
2008-08-05,3.3025,3.3025,3.3025,3.3025,0
2008-08-06,3.314,3.314,3.314,3.314,0
2008-08-07,3.309,3.309,3.309,3.309,0
2008-08-08,3.247,3.247,3.247,3.247,0
2008-08-11,3.2175,3.2175,3.2175,3.2175,0
2008-08-12,3.1565,3.1565,3.1565,3.1565,0
2008-08-13,3.2795,3.2795,3.2795,3.2795,0
2008-08-14,3.2465,3.2465,3.2465,3.2465,0
2008-08-15,3.255,3.255,3.255,3.255,0
2008-08-18,3.231,3.231,3.231,3.231,0
2008-08-19,3.341,3.341,3.341,3.341,0
2008-08-20,3.316,3.316,3.316,3.316,0
2008-08-21,3.4365,3.4365,3.4365,3.4365,0
2008-08-22,3.375,3.375,3.375,3.375,0
2008-08-25,3.367,3.367,3.367,3.367,0
2008-08-26,3.327,3.327,3.327,3.327,0
2008-08-27,3.355,3.355,3.355,3.355,0
2008-08-28,3.3225,3.3225,3.3225,3.3225,0
2008-08-29,3.3085,3.3085,3.3085,3.3085,0
2008-09-02,3.2215,3.2215,3.2215,3.2215,0
2008-09-03,3.26,3.26,3.26,3.26,0
2008-09-04,3.227,3.227,3.227,3.227,0
2008-09-05,3.0845,3.0845,3.0845,3.0845,0
2008-09-08,3.077,3.077,3.077,3.077,0
2008-09-09,3.067,3.067,3.067,3.067,0
2008-09-10,3.085,3.085,3.085,3.085,0
2008-09-11,3.0865,3.0865,3.0865,3.0865,0
2008-09-12,3.1495,3.1495,3.1495,3.1495,0
2008-09-15,3.106,3.106,3.106,3.106,0
2008-09-16,3.052,3.052,3.052,3.052,0
2008-09-17,3.005,3.005,3.005,3.005,0
2008-09-18,3.0335,3.0335,3.0335,3.0335,0
2008-09-19,3.136,3.136,3.136,3.136,0
2008-09-22,3.216,3.216,3.216,3.216,0
2008-09-23,3.131,3.131,3.131,3.131,0
2008-09-24,3.0885,3.0885,3.0885,3.0885,0
2008-09-25,3.11,3.11,3.11,3.11,0
2008-09-26,3.0475,3.0605,3.0475,3.0605,1
2008-09-29,2.921,2.921,2.9075,2.9075,2
2008-09-30,2.885,2.885,2.885,2.885,0
2008-10-01,2.8025,2.8025,2.8025,2.8025,0
2008-10-02,2.646,2.646,2.646,2.646,0
2008-10-03,2.694,2.694,2.694,2.694,0
2008-10-06,2.5075,2.5075,2.5075,2.5075,5
2008-10-07,2.54,2.54,2.54,2.54,0
2008-10-08,2.35,2.3685,2.35,2.3685,4
2008-10-09,2.418,2.418,2.418,2.418,0
2008-10-10,2.1625,2.1625,2.1625,2.1625,0
2008-10-13,2.3335,2.3335,2.3335,2.3335,0
2008-10-14,2.4315,2.4315,2.4315,2.4315,0
2008-10-15,2.2505,2.2505,2.2505,2.2505,0
2008-10-16,2.14,2.14,2.129,2.129,4
2008-10-17,2.22,2.22,2.22,2.22,0
2008-10-20,2.1595,2.1595,2.1595,2.1595,0
2008-10-21,2.0565,2.0565,2.0565,2.0565,0
2008-10-22,1.921,1.921,1.921,1.921,0
2008-10-23,1.9,1.9,1.848,1.848,18
2008-10-24,1.729,1.729,1.729,1.729,0
2008-10-27,1.849,1.849,1.849,1.849,0
2008-10-28,1.9015,1.9015,1.9015,1.9015,0
2008-10-29,2.0,2.126,2.0,2.126,4
2008-10-30,1.9295,1.9295,1.9295,1.9295,0
2008-10-31,1.8735,1.8735,1.8735,1.8735,17
2008-11-03,1.8855,1.8855,1.8855,1.8855,0
2008-11-04,2.002,2.002,2.002,2.002,0
2008-11-05,1.8605,1.8605,1.8605,1.8605,0
2008-11-06,1.768,1.768,1.768,1.768,0
2008-11-07,1.747,1.747,1.747,1.747,0
2008-11-10,1.8005,1.8005,1.8005,1.8005,0
2008-11-11,1.703,1.703,1.703,1.703,0
2008-11-12,1.7095,1.7095,1.7095,1.7095,0
2008-11-13,1.679,1.679,1.679,1.679,0
2008-11-14,1.764,1.764,1.764,1.764,0
2008-11-17,1.706,1.7165,1.706,1.7165,2
2008-11-18,1.726,1.726,1.726,1.726,10
2008-11-19,1.665,1.6675,1.665,1.6675,1
2008-11-20,1.6365,1.6365,1.6365,1.6365,0
2008-11-21,1.638,1.638,1.6305,1.6305,1
2008-11-24,1.7165,1.7165,1.7165,1.7165,0
2008-11-25,1.701,1.701,1.701,1.701,0
2008-11-26,1.737,1.737,1.737,1.737,0
2008-11-28,1.6945,1.6945,1.6945,1.6945,0
2008-12-01,1.676,1.676,1.676,1.676,0
2008-12-02,1.6415,1.6415,1.6415,1.6415,0
2008-12-03,1.5945,1.5945,1.5945,1.5945,0
2008-12-04,1.5085,1.5085,1.5085,1.5085,0
2008-12-05,1.412,1.412,1.412,1.412,0
2008-12-08,1.531,1.531,1.531,1.531,0
2008-12-09,1.478,1.478,1.478,1.478,0
2008-12-10,1.5295,1.5295,1.5295,1.5295,0
2008-12-11,1.547,1.547,1.547,1.547,2
2008-12-12,1.4685,1.4685,1.4685,1.4685,0
2008-12-15,1.446,1.446,1.446,1.446,0
2008-12-16,1.4185,1.4185,1.4185,1.4185,0
2008-12-17,1.4125,1.4125,1.4125,1.4125,0
2008-12-18,1.342,1.342,1.342,1.342,0
2008-12-19,1.364,1.364,1.364,1.364,0
2008-12-22,1.385,1.385,1.385,1.385,0
2008-12-23,1.327,1.327,1.327,1.327,0
2008-12-24,1.3225,1.3225,1.3225,1.3225,0
2008-12-26,1.3485,1.3485,1.3485,1.3485,0
2008-12-29,1.355,1.355,1.355,1.355,0
2008-12-30,1.362,1.362,1.362,1.362,0
2008-12-31,1.442,1.442,1.442,1.442,170
2009-01-02,1.4935,1.4935,1.4935,1.4935,0
2009-01-05,1.4945,1.4945,1.4945,1.4945,0
2009-01-06,1.616,1.616,1.616,1.616,0
2009-01-07,1.545,1.545,1.545,1.545,0
2009-01-08,1.517,1.517,1.517,1.517,0
2009-01-09,1.5345,1.5905,1.5335,1.5905,15
2009-01-12,1.495,1.521,1.495,1.521,1
2009-01-13,1.52,1.5845,1.52,1.5845,1
2009-01-14,1.5295,1.5295,1.5295,1.5295,0
2009-01-15,1.494,1.494,1.494,1.494,0
2009-01-16,1.56,1.565,1.56,1.565,1
2009-01-20,1.54,1.54,1.54,1.54,0
2009-01-21,1.4695,1.4695,1.4695,1.4695,0
2009-01-22,1.4345,1.4345,1.4345,1.4345,0
2009-01-23,1.512,1.512,1.512,1.512,0
2009-01-26,1.624,1.624,1.624,1.624,0
2009-01-27,1.523,1.523,1.523,1.523,0
2009-01-28,1.533,1.533,1.533,1.533,0
2009-01-29,1.4985,1.4985,1.4985,1.4985,0
2009-01-30,1.469,1.5115,1.469,1.5115,14
2009-02-02,1.477,1.477,1.477,1.477,0
2009-02-03,1.564,1.564,1.564,1.564,0
2009-02-04,1.5675,1.5675,1.5675,1.5675,0
2009-02-05,1.536,1.536,1.536,1.536,0
2009-02-06,1.6685,1.6685,1.6685,1.6685,0
2009-02-09,1.655,1.655,1.655,1.655,0
2009-02-10,1.6205,1.6205,1.6205,1.6205,0
2009-02-11,1.5855,1.5855,1.5855,1.5855,0
2009-02-12,1.583,1.583,1.583,1.583,0
2009-02-13,1.585,1.585,1.585,1.585,0
2009-02-17,1.48,1.48,1.48,1.48,0
2009-02-18,1.4915,1.4915,1.4915,1.4915,0
2009-02-19,1.522,1.522,1.522,1.522,0
2009-02-20,1.47,1.47,1.47,1.47,16
2009-02-23,1.489,1.503,1.489,1.489,2
2009-02-24,1.5365,1.5365,1.5365,1.5365,0
2009-02-25,1.5685,1.5685,1.5685,1.5685,0
2009-02-26,1.6105,1.6105,1.6105,1.6105,0
2009-02-27,1.5705,1.5705,1.5705,1.5705,0
2009-03-02,1.547,1.547,1.547,1.547,0
2009-03-03,1.6305,1.6305,1.6305,1.6305,0
2009-03-04,1.7145,1.7145,1.7145,1.7145,0
2009-03-05,1.676,1.676,1.676,1.676,0
2009-03-06,1.714,1.714,1.714,1.714,0
2009-03-09,1.67,1.672,1.67,1.672,7
2009-03-10,1.714,1.714,1.714,1.714,0
2009-03-11,1.6555,1.6555,1.6555,1.6555,0
2009-03-12,1.658,1.658,1.658,1.658,0
2009-03-13,1.698,1.698,1.693,1.693,1
2009-03-16,1.771,1.771,1.771,1.771,0
2009-03-17,1.748,1.748,1.748,1.748,0
2009-03-18,1.7455,1.7455,1.7455,1.7455,0
2009-03-19,1.843,1.843,1.8335,1.8335,1
2009-03-20,1.824,1.824,1.824,1.824,0
2009-03-23,1.8705,1.8705,1.8705,1.8705,0
2009-03-24,1.8385,1.8385,1.8385,1.8385,0
2009-03-25,1.8355,1.8355,1.8355,1.8355,0
2009-03-26,1.895,1.895,1.886,1.886,1
2009-03-27,1.8665,1.8665,1.8665,1.8665,0
2009-03-30,1.79,1.799,1.79,1.799,1
2009-03-31,1.8765,1.8765,1.8765,1.8765,0
2009-04-01,1.878,1.878,1.878,1.878,0
2009-04-02,1.909,1.9165,1.909,1.9165,3
2009-04-03,1.99,2.0215,1.99,2.0215,2
2009-04-06,1.9825,1.9825,1.9825,1.9825,0
2009-04-07,2.02,2.02,2.02,2.02,2
2009-04-08,2.03,2.03,2.03,2.03,0
2009-04-09,2.102,2.102,2.102,2.102,0
2009-04-13,2.1565,2.1565,2.1565,2.1565,0
2009-04-14,2.1475,2.1475,2.1475,2.1475,0
2009-04-15,2.2225,2.2225,2.2225,2.2225,0
2009-04-16,2.17,2.1905,2.17,2.1905,1
2009-04-17,2.1915,2.1915,2.1915,2.1915,135
2009-04-20,2.101,2.101,2.101,2.101,0
2009-04-21,2.0295,2.07,2.0295,2.07,3
2009-04-22,2.048,2.048,2.048,2.048,2
2009-04-23,1.9785,1.9805,1.9785,1.9785,4
2009-04-24,2.035,2.035,2.035,2.035,0
2009-04-27,1.974,1.974,1.974,1.974,0
2009-04-28,1.915,1.915,1.915,1.915,0
2009-04-29,2.001,2.001,2.001,2.001,0
2009-04-30,2.041,2.041,2.041,2.041,1
2009-05-01,2.0955,2.0955,2.0955,2.0955,0
2009-05-04,2.1395,2.1395,2.1395,2.1395,0
2009-05-05,2.081,2.081,2.081,2.081,0
2009-05-06,2.182,2.182,2.182,2.182,0
2009-05-07,2.1675,2.1675,2.1675,2.1675,0
2009-05-08,2.1545,2.1545,2.1545,2.1545,0
2009-05-11,2.104,2.104,2.104,2.104,0
2009-05-12,2.101,2.101,2.101,2.101,0
2009-05-13,2.045,2.045,2.044,2.044,2
2009-05-14,2.0365,2.0365,2.0365,2.0365,0
2009-05-15,2.0285,2.0295,2.0285,2.0295,8
2009-05-18,2.083,2.083,2.083,2.083,0
2009-05-19,2.0855,2.0855,2.0855,2.0855,0
2009-05-20,2.1205,2.1205,2.1205,2.1205,0
2009-05-21,2.0645,2.0645,2.0645,2.0645,0
2009-05-22,2.1065,2.1065,2.1065,2.1065,2
2009-05-26,2.146,2.146,2.146,2.146,0
2009-05-27,2.1325,2.1325,2.1325,2.1325,0
2009-05-28,2.1505,2.1505,2.1505,2.1505,0
2009-05-29,2.18,2.2035,2.1775,2.2035,5
2009-06-01,2.325,2.325,2.325,2.325,0
2009-06-02,2.311,2.311,2.308,2.308,1
2009-06-03,2.228,2.228,2.228,2.228,0
2009-06-04,2.317,2.317,2.317,2.317,0
2009-06-05,2.305,2.305,2.305,2.305,0
2009-06-08,2.296,2.296,2.2745,2.2745,2
2009-06-09,2.385,2.385,2.385,2.385,0
2009-06-10,2.383,2.383,2.383,2.383,0
2009-06-11,2.46,2.46,2.46,2.46,0
2009-06-12,2.42,2.42,2.392,2.392,4
2009-06-15,2.298,2.309,2.298,2.309,4
2009-06-16,2.296,2.296,2.2625,2.277,5
2009-06-17,2.279,2.279,2.279,2.279,0
2009-06-18,2.292,2.292,2.292,2.292,0
2009-06-19,2.2995,2.3065,2.272,2.272,6
2009-06-22,2.206,2.2065,2.158,2.158,12
2009-06-23,2.1575,2.2255,2.1575,2.2255,1
2009-06-24,2.2915,2.2915,2.2915,2.2915,0
2009-06-25,2.324,2.324,2.324,2.324,0
2009-06-26,2.3225,2.3225,2.3185,2.3185,1
2009-06-29,2.3395,2.3395,2.3355,2.3355,1
2009-06-30,2.365,2.365,2.283,2.283,4
2009-07-01,2.3425,2.3425,2.3425,2.3425,0
2009-07-02,2.319,2.319,2.319,2.319,0
2009-07-06,2.276,2.2785,2.276,2.2785,1
2009-07-07,2.244,2.244,2.244,2.244,0
2009-07-08,2.179,2.179,2.179,2.179,0
2009-07-09,2.2555,2.2555,2.2555,2.2555,0
2009-07-10,2.227,2.227,2.227,2.227,0
2009-07-13,2.236,2.236,2.236,2.236,0
2009-07-14,2.3065,2.3115,2.3065,2.3115,4
2009-07-15,2.4015,2.4015,2.4015,2.4015,0
2009-07-16,2.3995,2.3995,2.3995,2.3995,0
2009-07-17,2.43,2.433,2.43,2.433,11
2009-07-20,2.4785,2.4785,2.4785,2.4785,0
2009-07-21,2.4605,2.4605,2.4605,2.4605,0
2009-07-22,2.536,2.536,2.5335,2.5335,2
2009-07-23,2.5305,2.5305,2.5305,2.5305,0
2009-07-24,2.5285,2.5285,2.5285,2.5285,0
2009-07-27,2.553,2.553,2.553,2.553,0
2009-07-28,2.533,2.533,2.533,2.533,0
2009-07-29,2.489,2.489,2.489,2.489,3
2009-07-30,2.57,2.57,2.57,2.57,0
2009-07-31,2.599,2.6305,2.5935,2.6305,32
2009-08-03,2.742,2.752,2.742,2.7505,4
2009-08-04,2.742,2.8075,2.742,2.8075,2
2009-08-05,2.8245,2.835,2.8245,2.8245,10
2009-08-06,2.778,2.7845,2.758,2.765,13
2009-08-07,2.802,2.802,2.802,2.802,0
2009-08-10,2.7895,2.7895,2.7895,2.7895,0
2009-08-11,2.7545,2.7545,2.7545,2.7545,0
2009-08-12,2.8405,2.8405,2.8405,2.8405,0
2009-08-13,2.9315,2.9315,2.9315,2.9315,0
2009-08-14,2.8625,2.8625,2.851,2.8545,2
2009-08-17,2.775,2.788,2.775,2.788,4
2009-08-18,2.7785,2.7785,2.775,2.775,326
2009-08-19,2.7455,2.771,2.7455,2.771,7
2009-08-20,2.754,2.754,2.754,2.754,14
2009-08-21,2.851,2.8935,2.8345,2.8935,80
2009-08-24,2.89,2.93,2.876,2.93,106
2009-08-25,2.8955,2.8955,2.8745,2.8745,13
2009-08-26,2.8795,2.8795,2.8795,2.8795,22
2009-08-27,2.856,2.875,2.856,2.875,21
2009-08-28,2.9675,2.9675,2.953,2.953,15
2009-08-31,2.8455,2.8455,2.829,2.829,8
2009-09-01,2.864,2.888,2.809,2.8235,445
2009-09-02,2.769,2.831,2.755,2.831,316
2009-09-03,2.843,2.88,2.843,2.87,317
2009-09-04,2.871,2.872,2.871,2.8715,5
2009-09-08,2.8935,2.962,2.8935,2.9605,548
2009-09-09,2.976,2.976,2.9155,2.9285,614
2009-09-10,2.9175,2.9175,2.8575,2.8815,327
2009-09-11,2.8715,2.8715,2.85,2.8515,362
2009-09-14,2.823,2.823,2.7935,2.8105,438
2009-09-15,2.816,2.8515,2.816,2.851,233
2009-09-16,2.864,2.952,2.8615,2.9425,624
2009-09-17,2.9525,2.953,2.8905,2.902,605
2009-09-18,2.908,2.908,2.792,2.792,636
2009-09-21,2.7925,2.8325,2.7925,2.813,384
2009-09-22,2.813,2.8925,2.813,2.872,503
2009-09-23,2.8765,2.8765,2.766,2.815,263
2009-09-24,2.78,2.794,2.7,2.7155,67
2009-09-25,2.6845,2.7465,2.6845,2.7465,324
2009-09-28,2.749,2.749,2.7125,2.732,240
2009-09-29,2.724,2.734,2.724,2.734,208
2009-09-30,2.7425,2.824,2.7425,2.823,558
2009-10-01,2.806,2.8105,2.722,2.742,266
2009-10-02,2.668,2.6875,2.668,2.6875,752
2009-10-05,2.7005,2.74,2.668,2.733,275
2009-10-06,2.746,2.817,2.746,2.789,475
2009-10-07,2.7955,2.799,2.7705,2.7835,275
2009-10-08,2.7985,2.9015,2.7955,2.9015,506
2009-10-09,2.874,2.874,2.84,2.8415,447
2009-10-12,2.855,2.869,2.85,2.861,205
2009-10-13,2.849,2.849,2.76,2.7985,440
2009-10-14,2.8485,2.852,2.828,2.8475,541
2009-10-15,2.875,2.8845,2.805,2.862,204
2009-10-16,2.8775,2.8775,2.824,2.85,1306
2009-10-19,2.8555,2.971,2.837,2.9695,717
2009-10-20,2.941,2.9695,2.9245,2.937,1205
2009-10-21,2.9245,3.052,2.9075,3.0405,138
2009-10-22,3.013,3.03,2.9875,3.0025,105
2009-10-23,3.03,3.044,3.026,3.0395,80
2009-10-26,3.0575,3.073,2.987,3.016,266
2009-10-27,3.0065,3.0225,2.988,3.004,138
2009-10-28,3.018,3.018,2.933,2.935,289
2009-10-29,2.942,3.0405,2.942,3.034,357
2009-10-30,3.037,3.039,2.958,2.9605,1268
2009-11-02,2.9555,2.986,2.948,2.9505,68
2009-11-03,2.9615,2.9835,2.904,2.9625,575
2009-11-04,3.001,3.0155,2.9915,2.9995,141
2009-11-05,2.97,2.9765,2.964,2.964,57
2009-11-06,2.962,2.9965,2.936,2.961,1458
2009-11-09,2.991,3.0075,2.976,2.976,260
2009-11-10,2.954,2.98,2.954,2.97,873
2009-11-11,2.978,3.03,2.9665,2.975,165
2009-11-12,2.994,2.9995,2.9405,2.957,324
2009-11-13,2.956,2.983,2.9445,2.983,89
2009-11-16,3.006,3.1375,3.006,3.114,862
2009-11-17,3.109,3.1255,3.085,3.1185,336
2009-11-18,3.128,3.179,3.1155,3.121,270
2009-11-19,3.1445,3.1445,3.075,3.0915,100
2009-11-20,3.1025,3.131,3.065,3.119,498
2009-11-23,3.1445,3.185,3.1265,3.1455,1768
2009-11-24,3.15,3.15,3.104,3.1265,554
2009-11-25,3.1415,3.192,3.1415,3.1795,655
2009-11-27,3.164,3.21,3.005,3.1075,1144
2009-11-30,3.109,3.167,3.0905,3.1595,603
2009-12-01,3.1655,3.2215,3.1405,3.2135,1620
2009-12-02,3.2,3.2545,3.192,3.24,569
2009-12-03,3.2425,3.254,3.2175,3.2275,275
2009-12-04,3.218,3.2565,3.1745,3.2195,372
2009-12-07,3.198,3.198,3.1455,3.191,356
2009-12-08,3.1955,3.22,3.1275,3.146,204
2009-12-09,3.148,3.168,3.0965,3.104,454
2009-12-10,3.113,3.113,3.0675,3.0845,490
2009-12-11,3.098,3.1295,3.0955,3.115,284
2009-12-14,3.12,3.1455,3.1,3.1345,268
2009-12-15,3.138,3.145,3.102,3.125,415
2009-12-16,3.136,3.2025,3.1355,3.1895,283
2009-12-17,3.1835,3.187,3.1025,3.113,642
2009-12-18,3.122,3.132,3.09,3.123,684
2009-12-21,3.1355,3.154,3.1275,3.1425,282
2009-12-22,3.1325,3.1325,3.098,3.1215,234
2009-12-23,3.112,3.1905,3.112,3.187,313
2009-12-24,3.182,3.28,3.182,3.2725,482
2009-12-28,3.264,3.32,3.264,3.3175,464
2009-12-29,3.2975,3.3095,3.277,3.296,587
2009-12-30,3.283,3.336,3.283,3.3255,353
2009-12-31,3.343,3.3515,3.32,3.3275,415
2010-01-04,3.358,3.409,3.353,3.388,404
2010-01-05,3.3815,3.411,3.3685,3.396,242
2010-01-06,3.4355,3.4995,3.4335,3.4775,109
2010-01-07,3.4995,3.5235,3.411,3.4115,326
2010-01-08,3.4005,3.422,3.38,3.388,311
2010-01-11,3.47,3.477,3.4285,3.4285,145
2010-01-12,3.3795,3.382,3.31,3.3375,193
2010-01-13,3.3125,3.3875,3.3125,3.3875,142
2010-01-14,3.4145,3.428,3.376,3.376,234
2010-01-15,3.36,3.365,3.349,3.355,222
2009-01-15,1.5115,1.5115,1.5115,1.5115,0
2009-01-16,1.583,1.583,1.583,1.583,0
2009-01-20,1.5525,1.5525,1.5525,1.5525,0
2009-01-21,1.4815,1.4815,1.4815,1.4815,0
2009-01-22,1.4465,1.4465,1.4465,1.4465,0
2009-01-23,1.524,1.524,1.524,1.524,0
2009-01-26,1.635,1.635,1.635,1.635,0
2009-01-27,1.534,1.534,1.534,1.534,0
2009-01-28,1.544,1.544,1.544,1.544,0
2009-01-29,1.515,1.515,1.515,1.515,0
2009-01-30,1.528,1.528,1.528,1.528,0
2009-02-02,1.499,1.499,1.499,1.499,0
2009-02-03,1.5805,1.5805,1.5805,1.5805,0
2009-02-04,1.5785,1.5785,1.5785,1.5785,0
2009-02-05,1.5525,1.5525,1.5525,1.5525,0
2009-02-06,1.685,1.685,1.685,1.685,0
2009-02-09,1.677,1.677,1.677,1.677,0
2009-02-10,1.6425,1.6425,1.6425,1.6425,0
2009-02-11,1.6075,1.6075,1.6075,1.6075,0
2009-02-12,1.605,1.605,1.605,1.605,0
2009-02-13,1.6015,1.6015,1.6015,1.6015,0
2009-02-17,1.503,1.503,1.503,1.503,0
2009-02-18,1.515,1.515,1.515,1.515,0
2009-02-19,1.54,1.54,1.54,1.54,0
2009-02-20,1.4935,1.4935,1.4935,1.4935,0
2009-02-23,1.517,1.517,1.517,1.517,0
2009-02-24,1.5645,1.5645,1.5645,1.5645,0
2009-02-25,1.591,1.591,1.591,1.591,0
2009-02-26,1.6335,1.6335,1.6335,1.6335,0
2009-02-27,1.5935,1.5935,1.5935,1.5935,0
2009-03-02,1.57,1.57,1.57,1.57,0
2009-03-03,1.648,1.648,1.648,1.648,0
2009-03-04,1.7265,1.7265,1.7265,1.7265,0
2009-03-05,1.688,1.688,1.688,1.688,0
2009-03-06,1.726,1.726,1.726,1.726,0
2009-03-09,1.695,1.695,1.695,1.695,0
2009-03-10,1.7365,1.7365,1.7365,1.7365,0
2009-03-11,1.678,1.678,1.678,1.678,0
2009-03-12,1.686,1.686,1.686,1.686,0
2009-03-13,1.721,1.721,1.721,1.721,0
2009-03-16,1.7935,1.7935,1.7935,1.7935,0
2009-03-17,1.765,1.765,1.765,1.765,0
2009-03-18,1.768,1.768,1.768,1.768,13
2009-03-19,1.8555,1.8555,1.8555,1.8555,0
2009-03-20,1.846,1.846,1.846,1.846,0
2009-03-23,1.8925,1.8925,1.8925,1.8925,0
2009-03-24,1.866,1.866,1.866,1.866,0
2009-03-25,1.863,1.863,1.863,1.863,0
2009-03-26,1.9135,1.9135,1.9135,1.9135,0
2009-03-27,1.894,1.894,1.894,1.894,0
2009-03-30,1.8265,1.8265,1.8265,1.8265,0
2009-03-31,1.899,1.899,1.899,1.899,0
2009-04-01,1.9005,1.9005,1.9005,1.9005,0
2009-04-02,1.9335,1.9335,1.9335,1.9335,0
2009-04-03,2.0275,2.0275,2.0275,2.0275,3
2009-04-06,1.994,1.994,1.994,1.994,0
2009-04-07,2.0315,2.0315,2.0315,2.0315,0
2009-04-08,2.0415,2.0415,2.0415,2.0415,0
2009-04-09,2.1,2.1135,2.1,2.1135,12
2009-04-13,2.1685,2.1685,2.1685,2.1685,0
2009-04-14,2.1665,2.1665,2.1665,2.1665,0
2009-04-15,2.236,2.236,2.236,2.236,0
2009-04-16,2.199,2.199,2.199,2.199,0
2009-04-17,2.186,2.186,2.175,2.175,2
2009-04-20,2.0855,2.0855,2.0855,2.0855,0
2009-04-21,2.0435,2.0435,2.0435,2.0435,0
2009-04-22,2.0215,2.0215,2.0215,2.0215,0
2009-04-23,2.0,2.0,1.963,1.963,13
2009-04-24,2.0185,2.0185,2.0185,2.0185,2
2009-04-27,1.963,1.963,1.963,1.963,24
2009-04-28,1.895,1.9095,1.895,1.9095,14
2009-04-29,1.999,1.999,1.995,1.995,6
2009-04-30,2.03,2.03,2.03,2.03,0
2009-05-01,2.0845,2.0845,2.0845,2.0845,0
2009-05-04,2.1285,2.1285,2.1285,2.1285,0
2009-05-05,2.0755,2.0755,2.0755,2.0755,0
2009-05-06,2.133,2.171,2.129,2.171,17
2009-05-07,2.17,2.17,2.1625,2.1625,1
2009-05-08,2.1545,2.1545,2.1545,2.1545,5
2009-05-11,2.11,2.11,2.11,2.11,0
2009-05-12,2.107,2.107,2.107,2.107,0
2009-05-13,2.044,2.044,2.044,2.044,0
2009-05-14,2.025,2.046,2.025,2.0365,7
2009-05-15,2.025,2.0305,2.025,2.0305,7
2009-05-18,2.037,2.084,2.037,2.084,1
2009-05-19,2.1435,2.1435,2.092,2.092,2
2009-05-20,2.1395,2.1395,2.1275,2.1275,1
2009-05-21,2.071,2.071,2.071,2.071,0
2009-05-22,2.1075,2.1075,2.1075,2.1075,0
2009-05-26,2.1415,2.1415,2.1415,2.1415,0
2009-05-27,2.138,2.138,2.138,2.138,0
2009-05-28,2.156,2.156,2.156,2.156,0
2009-05-29,2.199,2.199,2.198,2.198,15
2009-06-01,2.314,2.314,2.314,2.314,0
2009-06-02,2.298,2.298,2.298,2.298,0
2009-06-03,2.229,2.229,2.229,2.229,0
2009-06-04,2.318,2.318,2.318,2.318,0
2009-06-05,2.3105,2.3105,2.3105,2.3105,0
2009-06-08,2.28,2.28,2.28,2.28,22
2009-06-09,2.3855,2.3855,2.3855,2.3855,44
2009-06-10,2.383,2.383,2.383,2.383,22
2009-06-11,2.46,2.46,2.46,2.46,0
2009-06-12,2.393,2.393,2.393,2.393,0
2009-06-15,2.3085,2.3085,2.3085,2.3085,0
2009-06-16,2.3,2.3,2.2765,2.2765,4
2009-06-17,2.2835,2.2835,2.2835,2.2835,0
2009-06-18,2.2965,2.2965,2.2965,2.2965,0
2009-06-19,2.3,2.3,2.2765,2.2765,1
2009-06-22,2.1635,2.1635,2.1635,2.1635,6
2009-06-23,2.231,2.231,2.231,2.231,0
2009-06-24,2.2965,2.2965,2.2965,2.2965,0
2009-06-25,2.341,2.345,2.3265,2.3265,2
2009-06-26,2.322,2.322,2.322,2.322,0
2009-06-29,2.339,2.339,2.339,2.339,25
2009-06-30,2.2885,2.2885,2.2885,2.2885,0
2009-07-01,2.3475,2.3475,2.3475,2.3475,0
2009-07-02,2.3075,2.3245,2.3075,2.3245,13
2009-07-06,2.289,2.289,2.289,2.289,0
2009-07-07,2.26,2.26,2.2555,2.2555,1
2009-07-08,2.24,2.24,2.191,2.191,1
2009-07-09,2.262,2.262,2.262,2.262,0
2009-07-10,2.228,2.228,2.228,2.228,46
2009-07-13,2.2365,2.2365,2.2365,2.2365,0
2009-07-14,2.315,2.315,2.313,2.313,70
2009-07-15,2.398,2.398,2.398,2.398,25
2009-07-16,2.3965,2.3965,2.3965,2.3965,0
2009-07-17,2.43,2.43,2.43,2.43,0
2009-07-20,2.4775,2.4775,2.4775,2.4775,20
2009-07-21,2.46,2.46,2.46,2.46,0
2009-07-22,2.5365,2.5445,2.5325,2.5325,3
2009-07-23,2.509,2.509,2.509,2.509,28
2009-07-24,2.495,2.513,2.495,2.513,33
2009-07-27,2.545,2.559,2.5365,2.5365,54
2009-07-28,2.5345,2.5345,2.5345,2.5345,8
2009-07-29,2.4655,2.486,2.4645,2.486,15
2009-07-30,2.5625,2.5625,2.5625,2.5625,3
2009-07-31,2.577,2.622,2.577,2.622,29
2009-08-03,2.7385,2.7385,2.7385,2.7385,7
2009-08-04,2.796,2.796,2.796,2.796,6
2009-08-05,2.794,2.838,2.784,2.8085,39
2009-08-06,2.75,2.7535,2.75,2.7535,16
2009-08-07,2.726,2.786,2.726,2.786,19
2009-08-10,2.7725,2.7725,2.7725,2.7725,5
2009-08-11,2.741,2.741,2.74,2.74,25
2009-08-12,2.765,2.8285,2.765,2.82,47
2009-08-13,2.8875,2.904,2.8685,2.901,55
2009-08-14,2.871,2.871,2.8275,2.8275,43
2009-08-17,2.766,2.766,2.766,2.766,8
2009-08-18,2.7625,2.7625,2.736,2.7405,45
2009-08-19,2.6735,2.743,2.67,2.7365,21
2009-08-20,2.724,2.724,2.724,2.724,36
2009-08-21,2.862,2.862,2.862,2.862,18
2009-08-24,2.893,2.893,2.893,2.893,104
2009-08-25,2.845,2.845,2.8425,2.8425,21
2009-08-26,2.83,2.857,2.83,2.855,101
2009-08-27,2.853,2.859,2.853,2.853,32
2009-08-28,2.89,2.9545,2.89,2.9205,131
2009-08-31,2.7975,2.7975,2.7975,2.7975,10
2009-09-01,2.847,2.847,2.7985,2.7985,32
2009-09-02,2.7605,2.8085,2.7605,2.8085,37
2009-09-03,2.825,2.841,2.825,2.841,23
2009-09-04,2.842,2.842,2.842,2.842,23
2009-09-08,2.88,2.9305,2.88,2.9275,54
2009-09-09,2.901,2.901,2.901,2.901,29
2009-09-10,2.8455,2.8625,2.834,2.857,260
2009-09-11,2.834,2.834,2.834,2.834,49
2009-09-14,2.79,2.795,2.79,2.795,66
2009-09-15,2.803,2.8345,2.803,2.8345,36
2009-09-16,2.891,2.9235,2.888,2.9235,29
2009-09-17,2.8875,2.89,2.8855,2.8855,11
2009-09-18,2.81,2.81,2.779,2.779,47
2009-09-21,2.771,2.8,2.771,2.8,4
2009-09-22,2.86,2.86,2.86,2.86,39
2009-09-23,2.808,2.808,2.7845,2.808,22
2009-09-24,2.69,2.7105,2.69,2.7105,39
2009-09-25,2.7415,2.7415,2.7415,2.7415,1
2009-09-28,2.7,2.7275,2.7,2.7275,6
2009-09-29,2.72,2.7325,2.72,2.7325,56
2009-09-30,2.8245,2.8245,2.8245,2.8245,35
2009-10-01,2.7925,2.7925,2.726,2.747,11
2009-10-02,2.6945,2.699,2.693,2.6945,24
2009-10-05,2.726,2.739,2.726,2.739,2
2009-10-06,2.77,2.793,2.77,2.793,4
2009-10-07,2.7885,2.7935,2.785,2.789,2
2009-10-08,2.8455,2.904,2.844,2.904,34
2009-10-09,2.8555,2.8615,2.837,2.843,70
2009-10-12,2.869,2.869,2.86,2.86,30
2009-10-13,2.8765,2.8765,2.7885,2.8,5
2009-10-14,2.846,2.8565,2.846,2.8565,48
2009-10-15,2.87,2.87,2.87,2.87,13
2009-10-16,2.8515,2.86,2.8515,2.86,1
2009-10-19,2.95,2.9785,2.935,2.9785,15
2009-10-20,2.97,2.9925,2.9335,2.945,18
2009-10-21,2.9575,3.055,2.9575,3.047,21
2009-10-22,3.025,3.025,3.01,3.01,30
2009-10-23,3.041,3.0515,3.011,3.0515,54
2009-10-26,3.061,3.087,3.01,3.034,68
2009-10-27,3.045,3.045,3.0185,3.029,64
2009-10-28,3.06,3.06,2.961,2.961,61
2009-10-29,3.02,3.0655,3.015,3.057,99
2009-10-30,3.05,3.05,2.986,2.986,33
2009-11-02,3.0075,3.0075,2.971,2.976,9
2009-11-03,3.0,3.0,2.9315,2.987,27
2009-11-04,3.04,3.04,3.02,3.024,66
2009-11-05,2.989,3.0055,2.989,2.9915,49
2009-11-06,2.98,3.0095,2.98,2.9895,22
2009-11-09,3.0275,3.0275,3.0075,3.0075,20
2009-11-10,2.99,3.0075,2.99,2.9995,98
2009-11-11,3.0,3.029,2.9995,3.0085,72
2009-11-12,2.987,3.0085,2.987,2.9925,67
2009-11-13,3.004,3.021,2.98,3.021,210
2009-11-16,3.153,3.153,3.146,3.146,65
2009-11-17,3.1425,3.1495,3.14,3.1495,9
2009-11-18,3.1515,3.1515,3.1515,3.1515,8
2009-11-19,3.124,3.124,3.124,3.124,6
2009-11-20,3.155,3.155,3.155,3.155,73
2009-11-23,3.213,3.213,3.182,3.182,5
2009-11-24,3.165,3.1685,3.165,3.1685,14
2009-11-25,3.222,3.222,3.222,3.222,142
2009-11-27,3.057,3.154,3.054,3.154,48
2009-11-30,3.17,3.2045,3.155,3.2045,42
2009-12-01,3.258,3.258,3.258,3.258,50
2009-12-02,3.2855,3.2855,3.2855,3.2855,36
2009-12-03,3.27,3.285,3.27,3.275,48
2009-12-04,3.28,3.295,3.2325,3.269,33
2009-12-07,3.242,3.242,3.242,3.242,7
2009-12-08,3.22,3.22,3.18,3.1995,35
2009-12-09,3.2155,3.2155,3.158,3.158,32
2009-12-10,3.15,3.15,3.128,3.1395,51
2009-12-11,3.167,3.1705,3.167,3.1705,219
2009-12-14,3.1815,3.19,3.1805,3.1895,6
2009-12-15,3.1895,3.1895,3.178,3.178,9
2009-12-16,3.242,3.242,3.242,3.242,200
2009-12-17,3.1605,3.1675,3.1605,3.1675,10
2009-12-18,3.156,3.177,3.1435,3.177,9
2009-12-21,3.19,3.195,3.19,3.195,589
2009-12-22,3.175,3.175,3.175,3.175,1
2009-12-23,3.2385,3.2385,3.2385,3.2385,221
2009-12-24,3.327,3.327,3.327,3.327,5
2009-12-28,3.351,3.3705,3.351,3.3705,3
2009-12-29,3.3475,3.3475,3.3465,3.3465,17
2009-12-30,3.369,3.384,3.369,3.38,26
2009-12-31,3.382,3.382,3.382,3.382,1
2010-01-04,3.45,3.4505,3.438,3.4405,64
2010-01-05,3.425,3.4485,3.425,3.4485,834
2010-01-06,3.4955,3.524,3.4945,3.5215,119
2010-01-07,3.495,3.495,3.456,3.456,94
2010-01-08,3.4515,3.4515,3.421,3.4255,373
2010-01-11,3.464,3.464,3.464,3.464,122
2010-01-12,3.462,3.462,3.372,3.372,193
2010-01-13,3.392,3.4295,3.387,3.4195,140
2010-01-14,3.44,3.44,3.403,3.403,117
2010-01-15,3.4085,3.4085,3.384,3.384,73
2010-01-19,3.434,3.4595,3.434,3.4595,165
2010-01-20,3.3705,3.376,3.37,3.3705,69
2010-01-21,3.38,3.392,3.3125,3.3125,152
2010-01-22,3.34,3.365,3.3,3.365,345
2010-01-25,3.4105,3.4135,3.4105,3.4135,47
2010-01-26,3.341,3.3575,3.341,3.3575,59
2010-01-27,3.342,3.342,3.2145,3.2425,55
2010-01-28,3.118,3.1235,3.118,3.119,55
2010-01-29,3.138,3.138,3.0565,3.072,209
2010-02-01,3.05,3.122,3.05,3.1055,105
2010-02-02,3.1055,3.114,3.1055,3.113,93
2010-02-03,3.15,3.15,2.984,3.0015,328
2010-02-04,3.004,3.004,2.895,2.911,285
2010-02-05,2.874,2.9,2.8575,2.8915,93
2010-02-08,2.945,2.9515,2.934,2.9495,127
2010-02-09,2.981,3.0315,2.976,3.0225,22
2010-02-10,3.0425,3.0425,3.005,3.0235,216
2010-02-11,3.04,3.175,3.04,3.164,173
2010-02-12,3.125,3.125,3.08,3.117,307
2010-02-16,3.1645,3.2525,3.1645,3.2525,259
2010-02-17,3.275,3.2855,3.2575,3.2765,458
2010-02-18,3.241,3.35,3.223,3.324,105
2010-02-19,3.3005,3.398,3.265,3.398,300
2010-02-22,3.3615,3.3615,3.325,3.348,104
2010-02-23,3.375,3.375,3.251,3.257,357
2010-02-24,3.2635,3.2835,3.23,3.277,98
2010-02-25,3.26,3.26,3.2,3.236,450
2010-02-26,3.244,3.31,3.24,3.31,47
2010-03-01,3.3515,3.482,3.3515,3.3765,413
2010-03-02,3.3505,3.434,3.3505,3.434,395
2010-03-03,3.4,3.485,3.4,3.459,632
2010-03-04,3.375,3.4005,3.375,3.4005,288
2010-03-05,3.4145,3.468,3.4145,3.4435,119
2010-03-08,3.485,3.485,3.432,3.439,417
2010-03-09,3.405,3.4435,3.4,3.4425,937
2010-03-10,3.3985,3.4145,3.3985,3.3985,129
2010-03-11,3.37,3.414,3.37,3.4085,50
2010-03-12,3.433,3.4345,3.412,3.412,12
2010-03-15,3.3825,3.3825,3.3355,3.3485,166
2010-03-16,3.375,3.4125,3.375,3.398,302
2010-03-17,3.4505,3.454,3.4325,3.4525,194
2010-03-18,3.441,3.4455,3.414,3.432,516
2010-03-19,3.4545,3.4545,3.395,3.409,191
2010-03-22,3.35,3.418,3.35,3.418,749
2010-03-23,3.41,3.429,3.41,3.4165,11
2010-03-24,3.368,3.383,3.368,3.383,508
2010-03-25,3.4125,3.423,3.409,3.4185,458
2010-03-26,3.45,3.454,3.4415,3.4415,27
2010-03-29,3.485,3.576,3.485,3.573,221
2010-03-30,3.5585,3.61,3.546,3.598,519
2010-03-31,3.5595,3.594,3.557,3.588,1253
2010-04-01,3.5855,3.636,3.5825,3.618,843
2010-04-05,3.6575,3.6655,3.6485,3.6655,73
2010-04-06,3.6565,3.669,3.6365,3.65,904
2010-04-07,3.6465,3.651,3.6215,3.6325,524
2010-04-08,3.6025,3.625,3.602,3.625,549
2010-04-09,3.65,3.65,3.629,3.629,270
2010-04-12,3.6655,3.6655,3.6045,3.606,837
2010-04-13,3.5995,3.6415,3.597,3.6415,474
2010-04-14,3.65,3.6555,3.638,3.651,483
2010-04-15,3.616,3.6445,3.616,3.6435,638
2010-04-16,3.64,3.642,3.5335,3.5585,584
2010-04-19,3.525,3.544,3.502,3.5415,328
2010-04-20,3.5355,3.5895,3.5355,3.5595,493
2010-04-21,3.527,3.583,3.5215,3.5825,1135
2010-04-22,3.52,3.532,3.5125,3.532,598
2010-04-23,3.527,3.5625,3.5105,3.5555,444
2010-04-26,3.6,3.6,3.564,3.573,557
2010-04-27,3.5275,3.5435,3.397,3.4105,503
2010-04-28,3.4145,3.4175,3.394,3.4145,483
2010-04-29,3.41,3.4115,3.3655,3.3805,355
2010-04-30,3.422,3.422,3.383,3.384,1102
2010-05-03,3.35,3.361,3.31,3.326,314
2010-05-04,3.348,3.35,3.211,3.2115,745
2010-05-05,3.201,3.2315,3.042,3.184,1526
2010-05-06,3.1815,3.1855,3.1505,3.1505,546
2010-05-07,3.128,3.201,3.0995,3.179,2227
2010-05-10,3.235,3.288,3.2025,3.264,1636
2010-05-11,3.256,3.256,3.172,3.2425,1921
2010-05-12,3.223,3.275,3.1935,3.226,1208
2010-05-13,3.24,3.286,3.2185,3.268,2737
2010-05-14,3.2505,3.2505,3.154,3.1705,879
2010-05-17,3.15,3.15,2.958,2.9695,949
2010-05-18,2.9985,3.1015,2.9985,3.0685,548
2010-05-19,3.0275,3.0455,2.966,2.9965,1333
2010-05-20,3.07,3.07,2.944,2.98,1599
2010-05-21,2.991,3.1355,2.989,3.094,1163
2010-05-24,3.098,3.1805,3.098,3.1805,355
2010-05-25,3.1155,3.116,3.048,3.0805,816
2010-05-26,3.1445,3.1515,3.095,3.1185,853
2010-05-27,3.1035,3.219,3.1035,3.197,1072
2010-05-28,3.1825,3.2215,3.143,3.143,640
2010-06-01,3.168,3.1685,3.0625,3.102,1591
2010-06-02,3.1,3.1,3.01,3.081,1330
2010-06-03,3.12,3.12,2.967,2.987,1192
2010-06-04,3.003,3.009,2.834,2.8605,1470
2010-06-07,2.8375,2.8395,2.77,2.809,2321
2010-06-08,2.811,2.8465,2.7815,2.8235,2266
2010-06-09,2.821,2.92,2.821,2.8925,4368
2010-06-10,2.8705,2.9445,2.8445,2.905,1810
2010-06-11,2.9305,2.981,2.9195,2.949,1887
2010-06-14,3.0035,3.06,3.0035,3.037,1799
2010-06-15,3.0195,3.0675,3.007,3.048,2424
2010-06-16,3.0805,3.083,3.01,3.037,607
2010-06-17,3.0,3.0,2.935,2.9475,1434
2010-06-18,2.931,2.948,2.8895,2.9245,1054
2010-06-21,2.9835,3.0715,2.969,2.9825,600
2010-06-22,2.9775,3.034,2.9645,3.034,1929
2010-06-23,3.0295,3.0295,2.971,2.978,640
2010-06-24,2.99,3.0495,2.99,3.0465,1889
2010-06-25,3.05,3.1375,3.0125,3.132,2163
2010-06-28,3.1125,3.14,3.09,3.11,1202
2010-06-29,3.088,3.088,2.951,2.9525,666
2010-06-30,2.947,2.995,2.9,2.974,1366
2010-07-01,2.9595,2.9595,2.88,2.899,1017
2010-07-02,2.929,2.975,2.918,2.9375,561
2010-07-06,2.954,3.042,2.9275,2.9935,1425
2010-07-07,2.997,3.05,2.9705,3.037,886
2010-07-08,3.051,3.075,3.0155,3.038,1036
2010-07-09,3.06,3.0875,3.0395,3.0765,2019
2010-07-12,3.05,3.0525,3.01,3.0315,2055
2010-07-13,3.0425,3.0525,2.995,3.0395,1999
2010-07-14,3.053,3.075,3.011,3.0295,3164
2010-07-15,3.014,3.061,3.0105,3.033,1922
2010-07-16,3.041,3.046,2.9505,2.9515,2683
2010-07-19,2.95,2.983,2.95,2.9615,2356
2010-07-20,2.9595,3.053,2.959,3.0245,4787
2010-07-21,3.047,3.1245,3.025,3.114,5610
2010-07-22,3.0865,3.21,3.07,3.1825,5045
2010-07-23,3.186,3.238,3.168,3.2035,2816
2010-07-26,3.215,3.254,3.189,3.2415,2814
2010-07-27,3.247,3.256,3.197,3.227,4774
2010-07-28,3.217,3.285,3.208,3.2665,3481
2010-07-29,3.261,3.317,3.253,3.3115,3046
2010-07-30,3.2975,3.3365,3.2725,3.332,3323
2010-08-02,3.328,3.415,3.3245,3.4105,5865
2010-08-03,3.4115,3.4115,3.3525,3.379,4829
2010-08-04,3.373,3.4305,3.354,3.425,7058
2010-08-05,3.414,3.425,3.3425,3.374,6755
2010-08-06,3.361,3.398,3.347,3.364,13939
2010-08-09,3.3885,3.411,3.3665,3.3755,11341
2010-08-10,3.3845,3.3845,3.294,3.334,11065
2010-08-11,3.3415,3.354,3.2615,3.2755,11709
2010-08-12,3.26,3.3165,3.255,3.3055,15142
2010-08-13,3.306,3.3305,3.2565,3.2725,7960
2010-08-16,3.275,3.321,3.27,3.3005,5590
2010-08-17,3.301,3.371,3.2975,3.3585,9543
2010-08-18,3.3555,3.3745,3.3275,3.3705,14277
2010-08-19,3.361,3.41,3.315,3.3395,8812
2010-08-20,3.3445,3.3485,3.2705,3.3115,8866
2010-08-23,3.316,3.3315,3.2925,3.3125,5955
2010-08-24,3.306,3.3125,3.211,3.262,17593
2010-08-25,3.245,3.28,3.2,3.2315,12306
2010-08-26,3.2525,3.335,3.2425,3.3255,20218
2010-08-27,3.305,3.405,3.2995,3.3845,25362
2010-08-30,3.45,3.46,3.399,3.4295,22064
2010-08-31,3.405,3.408,3.356,3.37,34749
2010-09-01,3.3805,3.486,3.3735,3.4775,31264
2010-09-02,3.4715,3.5045,3.462,3.4955,18697
2010-09-03,3.4925,3.5345,3.471,3.5,25994
2010-09-07,3.4935,3.5345,3.42,3.4705,26581
2010-09-08,3.463,3.515,3.451,3.5005,26408
2010-09-09,3.49,3.502,3.393,3.4435,34082
2010-09-10,3.428,3.4515,3.395,3.4065,23111
2010-09-13,3.4135,3.4935,3.413,3.479,19962
2010-09-14,3.487,3.4975,3.428,3.4685,26343
2010-09-15,3.4515,3.478,3.433,3.4665,20404
2010-09-16,3.47,3.517,3.4435,3.4935,23343
2010-09-17,3.486,3.5525,3.486,3.522,25891
2010-09-20,3.5205,3.5555,3.4945,3.5045,17602
2010-09-21,3.507,3.528,3.4725,3.481,24213
2010-09-22,3.482,3.5905,3.4795,3.565,31302
2010-09-23,3.57,3.5995,3.559,3.5905,20440
2010-09-24,3.577,3.636,3.5655,3.618,22238
2010-09-27,3.636,3.644,3.588,3.597,20039
2010-09-28,3.586,3.6395,3.569,3.637,25851
2010-09-29,3.634,3.6735,3.6195,3.6615,26056
2010-09-30,3.652,3.669,3.62,3.6515,28934
2010-10-01,3.655,3.722,3.6535,3.6905,24904
2010-10-04,3.697,3.719,3.653,3.664,20100
2010-10-05,3.666,3.745,3.6445,3.7265,29032
2010-10-06,3.7255,3.7895,3.723,3.753,24960
2010-10-07,3.7625,3.7845,3.6565,3.6795,41651
2010-10-08,3.689,3.8015,3.6565,3.7745,41895
2010-10-11,3.784,3.82,3.7725,3.7895,24600
2010-10-12,3.7855,3.8135,3.7175,3.7895,33034
2010-10-13,3.804,3.841,3.795,3.8205,27542
2010-10-14,3.8205,3.8675,3.7615,3.8155,32516
2010-10-15,3.808,3.8645,3.7945,3.839,41298
2010-10-18,3.836,3.88,3.778,3.855,30282
2010-10-19,3.8515,3.8675,3.7215,3.7575,51797
2010-10-20,3.7275,3.818,3.72,3.7935,33685
2010-10-21,3.802,3.85,3.7655,3.7815,43499
2010-10-22,3.767,3.8155,3.7515,3.797,31830
2010-10-25,3.813,3.8895,3.81,3.863,31795
2010-10-26,3.856,3.893,3.8395,3.869,29644
2010-10-27,3.881,3.9,3.7605,3.7755,39983
2010-10-28,3.778,3.8295,3.766,3.7875,32196
2010-10-29,3.785,3.7875,3.7035,3.7335,33892
2010-11-01,3.748,3.816,3.7475,3.785,26915
2010-11-02,3.785,3.841,3.77,3.839,24340
2010-11-03,3.825,3.8495,3.763,3.785,35875
2010-11-04,3.845,3.917,3.8125,3.912,40469
2010-11-05,3.9095,3.9955,3.9095,3.9485,40469
2010-11-08,3.961,3.9815,3.92,3.9565,37182
2010-11-09,3.9585,4.0475,3.9275,4.043,46247
2010-11-10,3.9815,4.0215,3.9415,3.969,42232
2010-11-11,3.982,4.0835,3.9675,4.0225,39225
2010-11-12,4.0315,4.05,3.88,3.8935,51650
2010-11-15,3.8875,3.9535,3.8495,3.925,44495
2010-11-16,3.911,3.9325,3.6855,3.7275,61849
2010-11-17,3.722,3.768,3.6065,3.7295,53717
2010-11-18,3.7295,3.8455,3.7135,3.831,39750
2010-11-19,3.8405,3.8725,3.781,3.8335,37264
2010-11-22,3.846,3.8705,3.726,3.7515,37742
2010-11-23,3.7665,3.7805,3.6565,3.7025,39312
2010-11-24,3.701,3.778,3.696,3.7555,31893
2010-11-26,3.7525,3.7885,3.6955,3.751,24760
2010-11-29,3.751,3.798,3.701,3.758,16360
2010-11-30,3.76,3.833,3.713,3.823,5000
2010-12-01,3.791,3.946,3.7885,3.946,1301
2010-12-02,3.952,3.99,3.936,3.977,907
2010-12-03,3.9605,4.01,3.95,3.995,543
2010-12-06,4.01,4.019,3.977,4.004,377
2010-12-07,4.006,4.125,3.98,4.044,1155
2010-12-08,4.019,4.109,3.9815,4.0945,931
2010-12-09,4.125,4.1395,4.054,4.0815,725
2010-12-10,4.114,4.1345,4.077,4.105,508
2010-12-13,4.1065,4.211,4.0935,4.1995,388
2010-12-14,4.2055,4.2175,4.1825,4.2015,878
2010-12-15,4.1725,4.1725,4.094,4.1265,627
2008-09-15,3.0675,3.0675,3.0675,3.0675,0
2008-09-16,3.01,3.01,3.01,3.01,0
2008-09-17,2.9665,2.9665,2.9665,2.9665,0
2008-09-18,3.002,3.002,3.002,3.002,0
2008-09-19,3.101,3.101,3.101,3.101,0
2008-09-22,3.181,3.181,3.181,3.181,0
2008-09-23,3.103,3.103,3.103,3.103,0
2008-09-24,3.0605,3.0605,3.0605,3.0605,0
2008-09-25,3.081,3.081,3.081,3.081,0
2008-09-26,3.036,3.036,3.036,3.036,0
2008-09-29,2.89,2.89,2.89,2.89,0
2008-09-30,2.8675,2.8675,2.8675,2.8675,0
2008-10-01,2.785,2.785,2.785,2.785,0
2008-10-02,2.6285,2.6285,2.6285,2.6285,0
2008-10-03,2.6765,2.6765,2.6765,2.6765,0
2008-10-06,2.4935,2.4935,2.4935,2.4935,0
2008-10-07,2.526,2.526,2.526,2.526,0
2008-10-08,2.3545,2.3545,2.3545,2.3545,0
2008-10-09,2.404,2.404,2.404,2.404,0
2008-10-10,2.1485,2.1485,2.1485,2.1485,0
2008-10-13,2.3195,2.3195,2.3195,2.3195,0
2008-10-14,2.4245,2.4245,2.4245,2.4245,0
2008-10-15,2.2435,2.2435,2.2435,2.2435,0
2008-10-16,2.1255,2.1255,2.1255,2.1255,0
2008-10-17,2.2165,2.2165,2.2165,2.2165,0
2008-10-20,2.156,2.156,2.156,2.156,0
2008-10-21,2.0565,2.0565,2.0565,2.0565,0
2008-10-22,1.9245,1.9245,1.9245,1.9245,0
2008-10-23,1.848,1.848,1.848,1.848,0
2008-10-24,1.729,1.729,1.729,1.729,0
2008-10-27,1.849,1.849,1.849,1.849,0
2008-10-28,1.9015,1.9015,1.9015,1.9015,0
2008-10-29,2.126,2.126,2.126,2.126,0
2008-10-30,1.9295,1.9295,1.9295,1.9295,0
2008-10-31,1.8805,1.8805,1.8805,1.8805,0
2008-11-03,1.8995,1.8995,1.8995,1.8995,0
2008-11-04,2.016,2.016,2.016,2.016,0
2008-11-05,1.8745,1.8745,1.8745,1.8745,0
2008-11-06,1.782,1.782,1.782,1.782,0
2008-11-07,1.761,1.761,1.761,1.761,0
2008-11-10,1.8145,1.8145,1.8145,1.8145,0
2008-11-11,1.7205,1.7205,1.7205,1.7205,0
2008-11-12,1.727,1.727,1.727,1.727,0
2008-11-13,1.6965,1.6965,1.6965,1.6965,0
2008-11-14,1.7815,1.7815,1.7815,1.7815,0
2008-11-17,1.734,1.734,1.734,1.734,0
2008-11-18,1.747,1.747,1.747,1.747,10
2008-11-19,1.692,1.692,1.692,1.692,0
2008-11-20,1.661,1.661,1.661,1.661,0
2008-11-21,1.655,1.655,1.655,1.655,0
2008-11-24,1.7375,1.7375,1.7375,1.7375,0
2008-11-25,1.7205,1.7205,1.7205,1.7205,0
2008-11-26,1.7565,1.7565,1.7565,1.7565,0
2008-11-28,1.714,1.714,1.714,1.714,0
2008-12-01,1.6955,1.6955,1.6955,1.6955,0
2008-12-02,1.659,1.659,1.659,1.659,0
2008-12-03,1.612,1.612,1.612,1.612,0
2008-12-04,1.526,1.526,1.526,1.526,0
2008-12-05,1.426,1.426,1.426,1.426,0
2008-12-08,1.5415,1.5415,1.5415,1.5415,0
2008-12-09,1.4885,1.4885,1.4885,1.4885,0
2008-12-10,1.54,1.54,1.54,1.54,0
2008-12-11,1.561,1.561,1.561,1.561,2
2008-12-12,1.4825,1.4825,1.4825,1.4825,0
2008-12-15,1.46,1.46,1.46,1.46,0
2008-12-16,1.4325,1.4325,1.4325,1.4325,0
2008-12-17,1.4265,1.4265,1.4265,1.4265,0
2008-12-18,1.356,1.356,1.356,1.356,0
2008-12-19,1.378,1.378,1.378,1.378,0
2008-12-22,1.399,1.399,1.399,1.399,0
2008-12-23,1.3445,1.3445,1.3445,1.3445,0
2008-12-24,1.34,1.34,1.34,1.34,0
2008-12-26,1.366,1.366,1.366,1.366,0
2008-12-29,1.3725,1.3725,1.3725,1.3725,0
2008-12-30,1.3795,1.3795,1.3795,1.3795,0
2008-12-31,1.4595,1.4595,1.4595,1.4595,0
2009-01-02,1.511,1.511,1.511,1.511,0
2009-01-05,1.512,1.512,1.512,1.512,0
2009-01-06,1.63,1.63,1.63,1.63,0
2009-01-07,1.559,1.559,1.559,1.559,0
2009-01-08,1.531,1.531,1.531,1.531,0
2009-01-09,1.5975,1.5975,1.5975,1.5975,0
2009-01-12,1.529,1.529,1.529,1.529,0
2009-01-13,1.596,1.596,1.596,1.596,0
2009-01-14,1.541,1.541,1.541,1.541,0
2009-01-15,1.5055,1.5055,1.5055,1.5055,0
2009-01-16,1.577,1.577,1.577,1.577,0
2009-01-20,1.5485,1.5485,1.5485,1.5485,0
2009-01-21,1.4775,1.4775,1.4775,1.4775,0
2009-01-22,1.4425,1.4425,1.4425,1.4425,0
2009-01-23,1.52,1.52,1.52,1.52,0
2009-01-26,1.631,1.631,1.631,1.631,0
2009-01-27,1.53,1.53,1.53,1.53,0
2009-01-28,1.54,1.54,1.54,1.54,0
2009-01-29,1.509,1.509,1.509,1.509,0
2009-01-30,1.522,1.522,1.522,1.522,0
2009-02-02,1.491,1.491,1.491,1.491,0
2009-02-03,1.5745,1.5745,1.5745,1.5745,0
2009-02-04,1.5745,1.5745,1.5745,1.5745,0
2009-02-05,1.5465,1.5465,1.5465,1.5465,0
2009-02-06,1.679,1.679,1.679,1.679,0
2009-02-09,1.669,1.669,1.669,1.669,0
2009-02-10,1.6345,1.6345,1.6345,1.6345,0
2009-02-11,1.5995,1.5995,1.5995,1.5995,0
2009-02-12,1.597,1.597,1.597,1.597,0
2009-02-13,1.5955,1.5955,1.5955,1.5955,0
2009-02-17,1.495,1.495,1.495,1.495,0
2009-02-18,1.507,1.507,1.507,1.507,0
2009-02-19,1.534,1.534,1.534,1.534,0
2009-02-20,1.4855,1.4855,1.4855,1.4855,0
2009-02-23,1.507,1.507,1.507,1.507,0
2009-02-24,1.5545,1.5545,1.5545,1.5545,0
2009-02-25,1.583,1.583,1.583,1.583,0
2009-02-26,1.6255,1.6255,1.6255,1.6255,0
2009-02-27,1.5855,1.5855,1.5855,1.5855,0
2009-03-02,1.562,1.562,1.562,1.562,0
2009-03-03,1.642,1.642,1.642,1.642,0
2009-03-04,1.7225,1.7225,1.7225,1.7225,0
2009-03-05,1.684,1.684,1.684,1.684,0
2009-03-06,1.722,1.722,1.722,1.722,0
2009-03-09,1.687,1.687,1.687,1.687,0
2009-03-10,1.7285,1.7285,1.7285,1.7285,0
2009-03-11,1.67,1.67,1.67,1.67,0
2009-03-12,1.676,1.676,1.676,1.676,0
2009-03-13,1.711,1.711,1.711,1.711,0
2009-03-16,1.7855,1.7855,1.7855,1.7855,0
2009-03-17,1.759,1.759,1.759,1.759,0
2009-03-18,1.76,1.76,1.76,1.76,0
2009-03-19,1.8785,1.8785,1.8475,1.8475,1
2009-03-20,1.838,1.838,1.838,1.838,0
2009-03-23,1.8845,1.8845,1.8845,1.8845,0
2009-03-24,1.856,1.856,1.856,1.856,0
2009-03-25,1.853,1.853,1.853,1.853,0
2009-03-26,1.923,1.923,1.9035,1.9035,2
2009-03-27,1.884,1.884,1.884,1.884,0
2009-03-30,1.8165,1.8165,1.8165,1.8165,0
2009-03-31,1.891,1.891,1.891,1.891,0
2009-04-01,1.8925,1.8925,1.8925,1.8925,0
2009-04-02,1.9275,1.9275,1.9275,1.9275,0
2009-04-03,2.0255,2.0255,2.0255,2.0255,0
2009-04-06,1.99,1.99,1.99,1.99,0
2009-04-07,2.0275,2.0275,2.0275,2.0275,0
2009-04-08,2.0375,2.0375,2.0375,2.0375,0
2009-04-09,2.1095,2.1095,2.1095,2.1095,0
2009-04-13,2.1645,2.1645,2.1645,2.1645,0
2009-04-14,2.1605,2.1605,2.1605,2.1605,0
2009-04-15,2.232,2.232,2.232,2.232,0
2009-04-16,2.197,2.197,2.197,2.197,0
2009-04-17,2.182,2.182,2.181,2.181,11
2009-04-20,2.0915,2.0915,2.0915,2.0915,0
2009-04-21,2.0535,2.0535,2.0535,2.0535,0
2009-04-22,2.0315,2.0315,2.0315,2.0315,0
2009-04-23,1.969,1.969,1.969,1.969,0
2009-04-24,2.0245,2.0245,2.0245,2.0245,0
2009-04-27,1.967,1.967,1.967,1.967,0
2009-04-28,1.9115,1.9115,1.9115,1.9115,0
2009-04-29,1.997,1.997,1.997,1.997,0
2009-04-30,2.034,2.034,2.034,2.034,0
2009-05-01,2.0885,2.0885,2.0885,2.0885,0
2009-05-04,2.1325,2.1325,2.1325,2.1325,0
2009-05-05,2.0775,2.0775,2.0775,2.0775,0
2009-05-06,2.175,2.175,2.175,2.175,0
2009-05-07,2.1645,2.1645,2.1645,2.1645,0
2009-05-08,2.1545,2.1545,2.1545,2.1545,0
2009-05-11,2.108,2.108,2.108,2.108,0
2009-05-12,2.105,2.105,2.105,2.105,0
2009-05-13,2.044,2.044,2.044,2.044,0
2009-05-14,2.0365,2.0365,2.0365,2.0365,0
2009-05-15,2.0305,2.0305,2.0305,2.0305,0
2009-05-18,2.084,2.084,2.084,2.084,0
2009-05-19,2.09,2.09,2.09,2.09,0
2009-05-20,2.1255,2.1255,2.1255,2.1255,0
2009-05-21,2.069,2.069,2.069,2.069,0
2009-05-22,2.1075,2.1075,2.1075,2.1075,0
2009-05-26,2.1435,2.1435,2.1435,2.1435,0
2009-05-27,2.136,2.136,2.136,2.136,0
2009-05-28,2.154,2.154,2.154,2.154,0
2009-05-29,2.2,2.2,2.2,2.2,0
2009-06-01,2.318,2.318,2.318,2.318,0
2009-06-02,2.302,2.302,2.302,2.302,0
2009-06-03,2.229,2.229,2.229,2.229,0
2009-06-04,2.318,2.318,2.318,2.318,0
2009-06-05,2.3085,2.3085,2.3085,2.3085,0
2009-06-08,2.278,2.278,2.278,2.278,22
2009-06-09,2.3855,2.3855,2.3855,2.3855,44
2009-06-10,2.383,2.383,2.383,2.383,22
2009-06-11,2.46,2.46,2.46,2.46,0
2009-06-12,2.393,2.393,2.393,2.393,0
2009-06-15,2.3085,2.3085,2.3085,2.3085,0
2009-06-16,2.3,2.3,2.2765,2.2765,1
2009-06-17,2.2815,2.2815,2.2815,2.2815,0
2009-06-18,2.2945,2.2945,2.2945,2.2945,0
2009-06-19,2.2745,2.2745,2.2745,2.2745,0
2009-06-22,2.1615,2.1615,2.1615,2.1615,0
2009-06-23,2.229,2.229,2.229,2.229,0
2009-06-24,2.2945,2.2945,2.2945,2.2945,0
2009-06-25,2.3255,2.3255,2.3255,2.3255,0
2009-06-26,2.321,2.321,2.321,2.321,0
2009-06-29,2.338,2.338,2.338,2.338,0
2009-06-30,2.287,2.287,2.287,2.287,0
2009-07-01,2.3455,2.3455,2.3455,2.3455,0
2009-07-02,2.3225,2.3225,2.3225,2.3225,0
2009-07-06,2.285,2.285,2.285,2.285,0
2009-07-07,2.2515,2.2515,2.2515,2.2515,0
2009-07-08,2.187,2.187,2.187,2.187,0
2009-07-09,2.26,2.26,2.26,2.26,0
2009-07-10,2.2295,2.2295,2.2295,2.2295,0
2009-07-13,2.238,2.238,2.238,2.238,0
2009-07-14,2.313,2.313,2.313,2.313,44
2009-07-15,2.401,2.401,2.4,2.4,11
2009-07-16,2.3985,2.3985,2.3985,2.3985,0
2009-07-17,2.432,2.432,2.432,2.432,0
2009-07-20,2.4785,2.4785,2.4785,2.4785,0
2009-07-21,2.461,2.461,2.461,2.461,0
2009-07-22,2.5335,2.5335,2.5335,2.5335,0
2009-07-23,2.519,2.519,2.519,2.519,0
2009-07-24,2.521,2.521,2.521,2.521,0
2009-07-27,2.5445,2.5445,2.5445,2.5445,0
2009-07-28,2.5345,2.5345,2.5345,2.5345,0
2009-07-29,2.488,2.488,2.488,2.488,0
2009-07-30,2.5665,2.5665,2.5665,2.5665,0
2009-07-31,2.6265,2.6265,2.6265,2.6265,0
2009-08-03,2.7385,2.743,2.7385,2.743,1
2009-08-04,2.783,2.7995,2.783,2.7995,18
2009-08-05,2.8135,2.8135,2.8135,2.8135,0
2009-08-06,2.758,2.758,2.758,2.758,0
2009-08-07,2.792,2.792,2.792,2.792,0
2009-08-10,2.7805,2.7805,2.7805,2.7805,0
2009-08-11,2.748,2.748,2.748,2.748,0
2009-08-12,2.83,2.83,2.83,2.83,0
2009-08-13,2.915,2.915,2.915,2.915,0
2009-08-14,2.84,2.84,2.84,2.84,0
2009-08-17,2.778,2.778,2.778,2.778,0
2009-08-18,2.755,2.755,2.755,2.755,1
2009-08-19,2.751,2.751,2.751,2.751,0
2009-08-20,2.7365,2.7365,2.7365,2.7365,0
2009-08-21,2.8745,2.8745,2.8745,2.8745,0
2009-08-24,2.908,2.908,2.908,2.908,1
2009-08-25,2.8555,2.8555,2.8555,2.8555,0
2009-08-26,2.867,2.867,2.867,2.867,0
2009-08-27,2.865,2.865,2.865,2.865,0
2009-08-28,2.9365,2.9365,2.9365,2.9365,0
2009-08-31,2.814,2.814,2.814,2.814,0
2009-09-01,2.815,2.815,2.815,2.815,0
2009-09-02,2.8245,2.8245,2.8245,2.8245,0
2009-09-03,2.859,2.859,2.859,2.859,0
2009-09-04,2.86,2.86,2.86,2.86,0
2009-09-08,2.88,2.944,2.88,2.944,1
2009-09-09,2.915,2.915,2.915,2.915,0
2009-09-10,2.8715,2.8715,2.8715,2.8715,0
2009-09-11,2.8465,2.8465,2.8465,2.8465,0
2009-09-14,2.8,2.8085,2.8,2.8085,14
2009-09-15,2.849,2.849,2.849,2.849,0
2009-09-16,2.938,2.938,2.938,2.938,0
2009-09-17,2.9045,2.9045,2.898,2.898,1
2009-09-18,2.792,2.792,2.792,2.792,1
2009-09-21,2.79,2.813,2.79,2.813,1
2009-09-22,2.8725,2.8725,2.8725,2.8725,0
2009-09-23,2.8195,2.8195,2.8195,2.8195,0
2009-09-24,2.7285,2.7285,2.7205,2.7205,1
2009-09-25,2.7515,2.7515,2.7515,2.7515,0
2009-09-28,2.7375,2.7375,2.7375,2.7375,0
2009-09-29,2.7375,2.7415,2.7375,2.7415,3
2009-09-30,2.8305,2.8305,2.8305,2.8305,0
2009-10-01,2.7515,2.7515,2.7515,2.7515,1
2009-10-02,2.6985,2.6985,2.6985,2.6985,0
2009-10-05,2.743,2.743,2.743,2.743,0
2009-10-06,2.797,2.797,2.797,2.797,0
2009-10-07,2.793,2.793,2.793,2.793,0
2009-10-08,2.908,2.908,2.908,2.908,0
2009-10-09,2.851,2.851,2.851,2.851,0
2009-10-12,2.868,2.868,2.868,2.868,1
2009-10-13,2.808,2.808,2.808,2.808,6
2009-10-14,2.8625,2.8625,2.8625,2.8625,0
2009-10-15,2.876,2.876,2.876,2.876,15
2009-10-16,2.866,2.866,2.866,2.866,0
2009-10-19,2.9845,2.9845,2.9845,2.9845,0
2009-10-20,2.951,2.951,2.951,2.951,2
2009-10-21,3.053,3.053,3.053,3.053,0
2009-10-22,3.016,3.016,3.016,3.016,0
2009-10-23,3.0555,3.0555,3.0555,3.0555,0
2009-10-26,3.036,3.036,3.036,3.036,0
2009-10-27,3.029,3.029,3.029,3.029,14
2009-10-28,2.961,2.961,2.961,2.961,0
2009-10-29,3.0575,3.0575,3.0575,3.0575,0
2009-10-30,2.9855,2.9855,2.9855,2.9855,0
2009-11-02,2.9755,2.9755,2.9755,2.9755,0
2009-11-03,2.986,2.986,2.986,2.986,0
2009-11-04,3.024,3.024,3.024,3.024,0
2009-11-05,2.9915,2.9915,2.9915,2.9915,0
2009-11-06,2.9895,2.9895,2.9895,2.9895,5
2009-11-09,3.007,3.007,3.007,3.007,0
2009-11-10,3.0075,3.0075,2.998,3.0005,5
2009-11-11,3.0065,3.0065,3.0005,3.0065,0
2009-11-12,2.989,3.0065,2.989,2.989,0
2009-11-13,3.017,3.017,2.989,3.017,0
2009-11-16,3.1435,3.1435,3.1435,3.1435,13
2009-11-17,3.147,3.147,3.147,3.147,0
2009-11-18,3.149,3.149,3.149,3.149,0
2009-11-19,3.121,3.121,3.121,3.121,0
2009-11-20,3.1515,3.1515,3.1515,3.1515,0
2009-11-23,3.178,3.178,3.178,3.178,0
2009-11-24,3.159,3.1625,3.159,3.1625,7
2009-11-25,3.2175,3.2175,3.2175,3.2175,0
2009-11-27,3.1475,3.1475,3.1475,3.1475,0
2009-11-30,3.1975,3.1975,3.1975,3.1975,0
2009-12-01,3.25,3.25,3.25,3.25,22
2009-12-02,3.277,3.277,3.277,3.277,0
2009-12-03,3.267,3.267,3.267,3.267,0
2009-12-04,3.26,3.26,3.26,3.26,0
2009-12-07,3.21,3.233,3.21,3.233,1
2009-12-08,3.19,3.19,3.19,3.19,0
2009-12-09,3.1495,3.1495,3.1495,3.1495,0
2009-12-10,3.1315,3.1315,3.1315,3.1315,0
2009-12-11,3.1625,3.1625,3.1625,3.1625,0
2009-12-14,3.1815,3.1815,3.1815,3.1815,0
2009-12-15,3.1695,3.1695,3.1695,3.1695,0
2009-12-16,3.2335,3.2335,3.2335,3.2335,0
2009-12-17,3.1685,3.1695,3.158,3.158,4
2009-12-18,3.1495,3.1675,3.1475,3.1675,12
2009-12-21,3.185,3.1855,3.185,3.1855,1
2009-12-22,3.1565,3.1655,3.1565,3.1655,12
2009-12-23,3.21,3.23,3.21,3.23,2
2009-12-24,3.3195,3.3195,3.3195,3.3195,0
2009-12-28,3.363,3.3635,3.363,3.363,0
2009-12-29,3.33,3.342,3.33,3.339,2
2009-12-30,3.371,3.371,3.371,3.371,0
2009-12-31,3.39,3.39,3.373,3.373,1
2010-01-04,3.4335,3.4335,3.4335,3.4335,0
2010-01-05,3.441,3.441,3.441,3.441,2
2010-01-06,3.523,3.5235,3.518,3.518,12
2010-01-07,3.4515,3.4515,3.4515,3.4515,0
2010-01-08,3.4315,3.4325,3.424,3.424,2
2010-01-11,3.4625,3.4625,3.4625,3.4625,0
2010-01-12,3.371,3.371,3.371,3.371,0
2010-01-13,3.421,3.421,3.421,3.421,0
2010-01-14,3.4055,3.4055,3.4055,3.4055,0
2010-01-15,3.3865,3.3865,3.3865,3.3865,0
2010-01-19,3.4635,3.4635,3.4625,3.4635,8
2010-01-20,3.4715,3.4715,3.37,3.3735,13
2010-01-21,3.379,3.379,3.315,3.315,1
2010-01-22,3.3675,3.3675,3.3675,3.3675,1
2010-01-25,3.415,3.415,3.415,3.415,0
2010-01-26,3.361,3.361,3.361,3.361,0
2010-01-27,3.206,3.245,3.206,3.245,7
2010-01-28,3.2155,3.224,3.1225,3.1225,5
2010-01-29,3.136,3.1375,3.06,3.0765,12
2010-02-01,3.06,3.112,3.06,3.1085,7
2010-02-02,3.13,3.13,3.1145,3.1145,22
2010-02-03,3.15,3.15,2.9975,2.998,51
2010-02-04,2.994,2.994,2.895,2.9055,11
2010-02-05,2.846,2.9,2.846,2.886,16
2010-02-08,2.93,2.944,2.93,2.9425,8
2010-02-09,2.969,3.0175,2.969,3.017,2
2010-02-10,3.024,3.024,3.0195,3.0195,3
2010-02-11,3.159,3.165,3.159,3.162,2
2010-02-12,3.116,3.116,3.1145,3.1145,13
2010-02-16,3.175,3.251,3.175,3.2495,14
2010-02-17,3.274,3.274,3.2685,3.271,9
2010-02-18,3.3185,3.3185,3.3185,3.3185,4
2010-02-19,3.393,3.393,3.392,3.392,1
2010-02-22,3.334,3.3445,3.334,3.342,7
2010-02-23,3.238,3.253,3.238,3.25,2
2010-02-24,3.272,3.2725,3.2695,3.2695,4
2010-02-25,3.215,3.2305,3.215,3.2275,2
2010-02-26,3.3,3.302,3.3,3.302,1
2010-03-01,3.369,3.369,3.369,3.369,4
2010-03-02,3.428,3.428,3.4275,3.428,1
2010-03-03,3.453,3.453,3.453,3.453,5
2010-03-04,3.3935,3.3935,3.3935,3.3935,0
2010-03-05,3.4355,3.4355,3.4355,3.4355,8
2010-03-08,3.43,3.43,3.43,3.43,9
2010-03-09,3.432,3.432,3.432,3.432,0
2010-03-10,3.415,3.432,3.388,3.388,4
2010-03-11,3.397,3.397,3.397,3.397,0
2010-03-12,3.406,3.406,3.4005,3.4005,3
2010-03-15,3.3355,3.3355,3.3355,3.3355,0
2010-03-16,3.386,3.386,3.386,3.386,0
2010-03-17,3.4395,3.4435,3.4395,3.4395,7
2010-03-18,3.41,3.4185,3.41,3.4185,55
2010-03-19,3.431,3.446,3.3885,3.3955,20
2010-03-22,3.4045,3.4045,3.4045,3.4045,0
2010-03-23,3.43,3.43,3.403,3.403,3
2010-03-24,3.387,3.387,3.3695,3.3695,1
2010-03-25,3.395,3.4045,3.395,3.4045,10
2010-03-26,3.428,3.428,3.4275,3.4275,1
2010-03-29,3.5595,3.5595,3.5595,3.5595,3
2010-03-30,3.586,3.587,3.586,3.587,4
2010-03-31,3.58,3.58,3.5625,3.5775,6
2010-04-01,3.621,3.621,3.603,3.608,15
2010-04-05,3.637,3.6565,3.637,3.6565,2
2010-04-06,3.6335,3.6525,3.6335,3.642,55
2010-04-07,3.639,3.639,3.617,3.6225,31
2010-04-08,3.579,3.613,3.579,3.613,144
2010-04-09,3.633,3.6335,3.617,3.617,336
2010-04-12,3.6645,3.6645,3.592,3.592,584
2010-04-13,3.63,3.63,3.63,3.63,5751
2010-04-14,3.639,3.641,3.636,3.6385,1487
2010-04-15,3.6215,3.635,3.6215,3.63,736
2010-04-16,3.57,3.57,3.5445,3.5445,658
2010-04-19,3.52,3.541,3.493,3.5265,138
2010-04-20,3.5445,3.5445,3.5445,3.5445,61
2010-04-21,3.523,3.5665,3.523,3.5665,143
2010-04-22,3.497,3.5155,3.497,3.5155,176
2010-04-23,3.539,3.539,3.539,3.539,128
2010-04-26,3.583,3.583,3.552,3.5565,49
2010-04-27,3.533,3.533,3.392,3.392,657
2010-04-28,3.3965,3.4145,3.365,3.3955,122
2010-04-29,3.3755,3.377,3.3595,3.3595,52
2010-04-30,3.3745,3.3815,3.3625,3.3625,77
2010-05-03,3.29,3.309,3.29,3.3025,124
2010-05-04,3.3045,3.333,3.1875,3.188,460
2010-05-05,3.207,3.207,3.0375,3.1615,146
2010-05-06,3.2075,3.2075,3.06,3.126,634
2010-05-07,3.107,3.186,3.088,3.153,1180
2010-05-10,3.193,3.263,3.177,3.238,105
2010-05-11,3.218,3.222,3.139,3.216,1042
2010-05-12,3.18,3.24,3.18,3.198,1217
2010-05-13,3.224,3.2615,3.193,3.2405,245
2010-05-14,3.2235,3.2235,3.1345,3.144,98
2010-05-17,3.075,3.093,2.931,2.942,163
2010-05-18,2.989,3.0715,2.987,3.041,1267
2010-05-19,2.99,3.01,2.9385,2.9685,1283
2010-05-20,3.01,3.053,2.915,2.953,2096
2010-05-21,2.953,3.11,2.953,3.0695,355
2010-05-24,3.094,3.156,3.083,3.156,90
2010-05-25,3.099,3.099,3.025,3.052,768
2010-05-26,3.095,3.122,3.076,3.091,104
2010-05-27,3.065,3.18,3.065,3.169,43
2010-05-28,3.1675,3.175,3.115,3.115,71
2010-06-01,3.1325,3.1415,3.032,3.073,122
2010-06-02,3.052,3.0675,2.985,3.0505,94
2010-06-03,3.0805,3.0805,2.94,2.9565,176
2010-06-04,2.965,2.9955,2.805,2.8295,377
2010-06-07,2.8,2.8055,2.737,2.7765,164
2010-06-08,2.77,2.8145,2.742,2.79,87
2010-06-09,2.8325,2.88,2.7795,2.86,254
2010-06-10,2.8375,2.914,2.8155,2.8725,154
2010-06-11,2.892,2.9485,2.881,2.9145,712
2010-06-14,2.956,3.0315,2.956,3.003,871
2010-06-15,2.981,3.035,2.97,3.015,413
2010-06-16,3.0525,3.0525,2.9645,3.0055,424
2010-06-17,2.989,2.989,2.9045,2.9155,519
2010-06-18,2.932,2.932,2.858,2.893,528
2010-06-21,2.937,3.041,2.9345,2.9515,253
2010-06-22,2.97,3.002,2.93,3.002,705
2010-06-23,2.972,2.998,2.93,2.9465,1529
2010-06-24,2.963,3.0215,2.9545,3.016,166
2010-06-25,3.009,3.1075,2.982,3.1035,633
2010-06-28,3.1,3.1115,3.062,3.0805,517
2010-06-29,3.056,3.063,2.919,2.923,1038
2010-06-30,2.932,2.9675,2.865,2.944,580
2010-07-01,2.904,2.924,2.851,2.8715,786
2010-07-02,2.893,2.951,2.892,2.91,251
2010-07-06,2.927,3.011,2.9035,2.9655,399
2010-07-07,2.9595,3.0405,2.944,3.011,449
2010-07-08,3.0175,3.048,2.989,3.012,329
2010-07-09,3.0155,3.062,3.0155,3.0495,246
2010-07-12,3.049,3.0535,2.985,3.004,349
2010-07-13,3.023,3.031,2.971,3.0135,213
2010-07-14,3.0305,3.039,2.985,3.0045,209
2010-07-15,2.9945,3.0365,2.985,3.0085,249
2010-07-16,3.0115,3.018,2.926,2.926,281
2010-07-19,2.9445,2.958,2.9275,2.935,164
2010-07-20,2.95,3.012,2.943,2.9985,209
2010-07-21,3.019,3.1,3.0005,3.088,559
2010-07-22,3.0455,3.1855,3.0455,3.1605,766
2010-07-23,3.162,3.216,3.1465,3.183,524
2010-07-26,3.19,3.2365,3.1715,3.223,331
2010-07-27,3.2225,3.232,3.184,3.2045,312
2010-07-28,3.193,3.257,3.1865,3.2415,522
2010-07-29,3.2295,3.295,3.2275,3.2855,611
2010-07-30,3.2735,3.31,3.2505,3.307,241
2010-08-02,3.32,3.3905,3.32,3.385,239
2010-08-03,3.365,3.365,3.3315,3.355,255
2010-08-04,3.3515,3.4045,3.3315,3.4005,167
2010-08-05,3.3825,3.3825,3.3195,3.3505,548
2010-08-06,3.3425,3.3585,3.3325,3.3395,193
2010-08-09,3.344,3.378,3.344,3.3505,220
2010-08-10,3.305,3.323,3.275,3.311,281
2010-08-11,3.3,3.3,3.244,3.2525,193
2010-08-12,3.2575,3.288,3.257,3.2825,186
2010-08-13,3.3005,3.3005,3.2455,3.2515,230
2008-08-15,3.222,3.222,3.222,3.222,0
2008-08-18,3.198,3.198,3.198,3.198,0
2008-08-19,3.305,3.305,3.305,3.305,0
2008-08-20,3.283,3.283,3.283,3.283,0
2008-08-21,3.3915,3.3915,3.3915,3.3915,0
2008-08-22,3.336,3.336,3.336,3.336,0
2008-08-25,3.322,3.322,3.322,3.322,0
2008-08-26,3.282,3.282,3.282,3.282,0
2008-08-27,3.31,3.31,3.31,3.31,0
2008-08-28,3.2835,3.2835,3.2835,3.2835,0
2008-08-29,3.2695,3.2695,3.2695,3.2695,0
2008-09-02,3.1945,3.1945,3.1945,3.1945,0
2008-09-03,3.233,3.233,3.233,3.233,0
2008-09-04,3.206,3.206,3.206,3.206,0
2008-09-05,3.0725,3.0725,3.0725,3.0725,0
2008-09-08,3.053,3.053,3.053,3.053,0
2008-09-09,3.043,3.043,3.043,3.043,0
2008-09-10,3.061,3.061,3.061,3.061,0
2008-09-11,3.0505,3.0505,3.0505,3.0505,0
2008-09-12,3.1105,3.1105,3.1105,3.1105,0
2008-09-15,3.073,3.073,3.073,3.073,0
2008-09-16,3.016,3.016,3.016,3.016,0
2008-09-17,2.972,2.972,2.972,2.972,0
2008-09-18,3.0065,3.0065,3.0065,3.0065,0
2008-09-19,3.106,3.106,3.106,3.106,0
2008-09-22,3.186,3.186,3.186,3.186,0
2008-09-23,3.107,3.107,3.107,3.107,0
2008-09-24,3.0645,3.0645,3.0645,3.0645,0
2008-09-25,3.085,3.085,3.085,3.085,0
2008-09-26,3.0395,3.0395,3.0395,3.0395,0
2008-09-29,2.96,2.96,2.8925,2.8925,6
2008-09-30,2.9025,2.9095,2.87,2.87,3
2008-10-01,2.7875,2.7875,2.7875,2.7875,0
2008-10-02,2.631,2.631,2.631,2.631,0
2008-10-03,2.679,2.679,2.679,2.679,0
2008-10-06,2.64,2.64,2.4955,2.4955,6
2008-10-07,2.528,2.528,2.528,2.528,0
2008-10-08,2.3565,2.3565,2.3565,2.3565,0
2008-10-09,2.406,2.406,2.406,2.406,0
2008-10-10,2.1505,2.1505,2.1505,2.1505,0
2008-10-13,2.3215,2.3215,2.3215,2.3215,0
2008-10-14,2.4255,2.4255,2.4255,2.4255,0
2008-10-15,2.2445,2.2445,2.2445,2.2445,0
2008-10-16,2.126,2.126,2.126,2.126,0
2008-10-17,2.217,2.217,2.217,2.217,0
2008-10-20,2.1565,2.1565,2.1565,2.1565,0
2008-10-21,2.0565,2.0565,2.0565,2.0565,0
2008-10-22,1.924,1.924,1.924,1.924,0
2008-10-23,1.848,1.848,1.848,1.848,0
2008-10-24,1.843,1.843,1.729,1.729,1
2008-10-27,1.849,1.849,1.849,1.849,0
2008-10-28,1.855,1.9015,1.855,1.9015,1
2008-10-29,2.126,2.126,2.126,2.126,0
2008-10-30,1.9295,1.9295,1.9295,1.9295,0
2008-10-31,1.8225,1.8795,1.8225,1.8795,2
2008-11-03,1.8975,1.8975,1.8975,1.8975,0
2008-11-04,1.98,2.014,1.98,2.014,1
2008-11-05,1.8725,1.8725,1.8725,1.8725,0
2008-11-06,1.78,1.78,1.78,1.78,0
2008-11-07,1.759,1.759,1.759,1.759,0
2008-11-10,1.8125,1.8125,1.8125,1.8125,0
2008-11-11,1.718,1.718,1.718,1.718,0
2008-11-12,1.7245,1.7245,1.7245,1.7245,0
2008-11-13,1.694,1.694,1.694,1.694,0
2008-11-14,1.779,1.779,1.779,1.779,0
2008-11-17,1.7315,1.7315,1.7315,1.7315,0
2008-11-18,1.744,1.744,1.744,1.744,10
2008-11-19,1.6885,1.6885,1.6885,1.6885,0
2008-11-20,1.6575,1.6575,1.6575,1.6575,0
2008-11-21,1.6515,1.6515,1.6515,1.6515,0
2008-11-24,1.7345,1.7345,1.7345,1.7345,0
2008-11-25,1.718,1.718,1.718,1.718,41
2008-11-26,1.754,1.754,1.754,1.754,0
2008-11-28,1.7115,1.7115,1.7115,1.7115,0
2008-12-01,1.693,1.693,1.693,1.693,0
2008-12-02,1.6565,1.6565,1.6565,1.6565,0
2008-12-03,1.6095,1.6095,1.6095,1.6095,0
2008-12-04,1.5235,1.5235,1.5235,1.5235,0
2008-12-05,1.424,1.424,1.424,1.424,0
2008-12-08,1.54,1.54,1.54,1.54,0
2008-12-09,1.487,1.487,1.487,1.487,0
2008-12-10,1.5385,1.5385,1.5385,1.5385,0
2008-12-11,1.559,1.559,1.559,1.559,2
2008-12-12,1.4805,1.4805,1.4805,1.4805,0
2008-12-15,1.458,1.458,1.458,1.458,0
2008-12-16,1.4305,1.4305,1.4305,1.4305,0
2008-12-17,1.4245,1.4245,1.4245,1.4245,0
2008-12-18,1.354,1.354,1.354,1.354,0
2008-12-19,1.376,1.376,1.376,1.376,0
2008-12-22,1.397,1.397,1.397,1.397,0
2008-12-23,1.342,1.342,1.342,1.342,0
2008-12-24,1.3375,1.3375,1.3375,1.3375,0
2008-12-26,1.3635,1.3635,1.3635,1.3635,0
2008-12-29,1.37,1.37,1.37,1.37,0
2008-12-30,1.377,1.377,1.377,1.377,0
2008-12-31,1.457,1.457,1.457,1.457,0
2009-01-02,1.5085,1.5085,1.5085,1.5085,0
2009-01-05,1.5095,1.5095,1.5095,1.5095,0
2009-01-06,1.628,1.628,1.628,1.628,0
2009-01-07,1.557,1.557,1.557,1.557,0
2009-01-08,1.529,1.529,1.529,1.529,0
2009-01-09,1.586,1.5965,1.56,1.5965,12
2009-01-12,1.537,1.537,1.528,1.528,1
2009-01-13,1.5945,1.5945,1.5945,1.5945,0
2009-01-14,1.5395,1.5395,1.5395,1.5395,0
2009-01-15,1.51,1.51,1.504,1.504,1
2009-01-16,1.57,1.5755,1.57,1.5755,1
2009-01-20,1.5475,1.5475,1.5475,1.5475,0
2009-01-21,1.4765,1.4765,1.4765,1.4765,0
2009-01-22,1.4415,1.4415,1.4415,1.4415,0
2009-01-23,1.519,1.519,1.519,1.519,0
2009-01-26,1.63,1.63,1.63,1.63,0
2009-01-27,1.529,1.529,1.529,1.529,0
2009-01-28,1.539,1.539,1.539,1.539,0
2009-01-29,1.5075,1.5075,1.5075,1.5075,0
2009-01-30,1.5205,1.5205,1.5205,1.5205,0
2009-02-02,1.489,1.489,1.489,1.489,0
2009-02-03,1.573,1.573,1.573,1.573,10
2009-02-04,1.5735,1.5735,1.5735,1.5735,0
2009-02-05,1.545,1.545,1.545,1.545,0
2009-02-06,1.6775,1.6775,1.6775,1.6775,0
2009-02-09,1.667,1.667,1.667,1.667,0
2009-02-10,1.6325,1.6325,1.6325,1.6325,0
2009-02-11,1.5975,1.5975,1.5975,1.5975,0
2009-02-12,1.595,1.595,1.595,1.595,0
2009-02-13,1.594,1.594,1.594,1.594,0
2009-02-17,1.53,1.53,1.493,1.493,2
2009-02-18,1.505,1.505,1.505,1.505,0
2009-02-19,1.5325,1.5325,1.5325,1.5325,0
2009-02-20,1.4835,1.4835,1.4835,1.4835,0
2009-02-23,1.5045,1.5045,1.5045,1.5045,0
2009-02-24,1.552,1.552,1.552,1.552,0
2009-02-25,1.581,1.581,1.581,1.581,0
2009-02-26,1.6235,1.6235,1.6235,1.6235,0
2009-02-27,1.5835,1.5835,1.5835,1.5835,0
2009-03-02,1.56,1.56,1.56,1.56,0
2009-03-03,1.6405,1.6405,1.6405,1.6405,0
2009-03-04,1.7215,1.7215,1.7215,1.7215,0
2009-03-05,1.683,1.683,1.683,1.683,0
2009-03-06,1.721,1.721,1.721,1.721,0
2009-03-09,1.685,1.685,1.685,1.685,0
2009-03-10,1.7265,1.7265,1.7265,1.7265,0
2009-03-11,1.668,1.668,1.668,1.668,0
2009-03-12,1.6735,1.6735,1.6735,1.6735,1
2009-03-13,1.7085,1.7085,1.7085,1.7085,0
2009-03-16,1.7835,1.7835,1.7835,1.7835,0
2009-03-17,1.7575,1.7575,1.7575,1.7575,0
2009-03-18,1.758,1.758,1.758,1.758,0
2009-03-19,1.8675,1.8675,1.8455,1.8455,2
2009-03-20,1.836,1.836,1.836,1.836,0
2009-03-23,1.8825,1.8825,1.8825,1.8825,0
2009-03-24,1.8535,1.8535,1.8535,1.8535,0
2009-03-25,1.8505,1.8505,1.8505,1.8505,0
2009-03-26,1.901,1.901,1.901,1.901,2
2009-03-27,1.8815,1.8815,1.8815,1.8815,0
2009-03-30,1.814,1.814,1.814,1.814,0
2009-03-31,1.889,1.889,1.889,1.889,0
2009-04-01,1.8905,1.8905,1.8905,1.8905,0
2009-04-02,1.926,1.926,1.926,1.926,0
2009-04-03,2.025,2.025,2.025,2.025,1
2009-04-06,1.989,1.989,1.989,1.989,0
2009-04-07,2.0265,2.0265,2.0265,2.0265,0
2009-04-08,2.0365,2.0365,2.0365,2.0365,0
2009-04-09,2.1085,2.1085,2.1085,2.1085,0
2009-04-13,2.1635,2.1635,2.1635,2.1635,0
2009-04-14,2.159,2.159,2.159,2.159,0
2009-04-15,2.231,2.231,2.231,2.231,1
2009-04-16,2.1965,2.1965,2.1965,2.1965,0
2009-04-17,2.181,2.1825,2.181,2.1825,75
2009-04-20,2.11,2.11,2.08,2.093,6
2009-04-21,2.056,2.056,2.056,2.056,0
2009-04-22,2.034,2.034,2.034,2.034,20
2009-04-23,1.9705,1.9705,1.9705,1.9705,39
2009-04-24,2.0305,2.0305,2.026,2.026,6
2009-04-27,1.9395,1.968,1.9395,1.968,21
2009-04-28,1.938,1.938,1.9105,1.912,68
2009-04-29,1.9975,1.9975,1.9975,1.9975,0
2009-04-30,2.035,2.035,2.035,2.035,0
2009-05-01,2.0895,2.0895,2.0895,2.0895,0
2009-05-04,2.1335,2.1335,2.1335,2.1335,0
2009-05-05,2.11,2.11,2.078,2.078,6
2009-05-06,2.176,2.176,2.176,2.176,0
2009-05-07,2.165,2.165,2.165,2.165,8
2009-05-08,2.1545,2.1545,2.1545,2.1545,26
2009-05-11,2.1075,2.1075,2.1075,2.1075,0
2009-05-12,2.1045,2.1045,2.1045,2.1045,0
2009-05-13,2.044,2.044,2.044,2.044,0
2009-05-14,2.0365,2.0365,2.0365,2.0365,0
2009-05-15,2.0305,2.0305,2.0305,2.0305,0
2009-05-18,2.084,2.084,2.084,2.084,0
2009-05-19,2.0895,2.0895,2.0895,2.0895,10
2009-05-20,2.125,2.125,2.125,2.125,1
2009-05-21,2.0685,2.0685,2.0685,2.0685,17
2009-05-22,2.1075,2.1075,2.1075,2.1075,0
2009-05-26,2.144,2.144,2.144,2.144,2
2009-05-27,2.1355,2.1355,2.1355,2.1355,0
2009-05-28,2.1535,2.1535,2.1535,2.1535,0
2009-05-29,2.2005,2.2005,2.2005,2.2005,4
2009-06-01,2.319,2.319,2.319,2.319,4
2009-06-02,2.303,2.303,2.303,2.303,0
2009-06-03,2.229,2.229,2.229,2.229,0
2009-06-04,2.318,2.318,2.318,2.318,0
2009-06-05,2.308,2.308,2.308,2.308,0
2009-06-08,2.2775,2.2775,2.2775,2.2775,22
2009-06-09,2.3855,2.3855,2.3855,2.3855,44
2009-06-10,2.383,2.383,2.383,2.383,22
2009-06-11,2.43,2.46,2.43,2.46,15
2009-06-12,2.393,2.393,2.393,2.393,0
2009-06-15,2.3,2.3085,2.3,2.3085,7
2009-06-16,2.2765,2.2765,2.2765,2.2765,2
2009-06-17,2.281,2.281,2.281,2.281,0
2009-06-18,2.294,2.294,2.294,2.294,0
2009-06-19,2.297,2.297,2.274,2.274,1
2009-06-22,2.173,2.1735,2.161,2.161,35
2009-06-23,2.2285,2.2285,2.2285,2.2285,0
2009-06-24,2.294,2.294,2.294,2.294,0
2009-06-25,2.325,2.325,2.325,2.325,0
2009-06-26,2.3205,2.3205,2.3205,2.3205,0
2009-06-29,2.3375,2.3375,2.3375,2.3375,0
2009-06-30,2.286,2.286,2.286,2.286,4
2009-07-01,2.345,2.345,2.345,2.345,0
2009-07-02,2.322,2.322,2.322,2.322,5
2009-07-06,2.27,2.284,2.27,2.284,1
2009-07-07,2.2505,2.2505,2.2505,2.2505,0
2009-07-08,2.23,2.23,2.186,2.186,2
2009-07-09,2.2595,2.2595,2.2595,2.2595,2
2009-07-10,2.2295,2.2295,2.2295,2.2295,0
2009-07-13,2.238,2.238,2.238,2.238,0
2009-07-14,2.31,2.313,2.31,2.313,46
2009-07-15,2.401,2.401,2.4005,2.4005,17
2009-07-16,2.399,2.399,2.399,2.399,16
2009-07-17,2.4325,2.4325,2.4325,2.4325,0
2009-07-20,2.4785,2.4785,2.4785,2.4785,0
2009-07-21,2.473,2.473,2.4425,2.461,4
2009-07-22,2.533,2.5335,2.533,2.5335,18
2009-07-23,2.5215,2.5215,2.5215,2.5215,17
2009-07-24,2.5215,2.523,2.514,2.523,47
2009-07-27,2.563,2.563,2.5465,2.5465,20
2009-07-28,2.5345,2.5345,2.5345,2.5345,7
2009-07-29,2.5,2.5025,2.4655,2.49,15
2009-07-30,2.5675,2.5675,2.5675,2.5675,1
2009-07-31,2.6275,2.6275,2.6275,2.6275,0
2009-08-03,2.7355,2.7445,2.7355,2.7445,4
2009-08-04,2.8005,2.8005,2.8005,2.8005,0
2009-08-05,2.8135,2.815,2.8125,2.815,2
2009-08-06,2.759,2.759,2.759,2.759,3
2009-08-07,2.794,2.794,2.794,2.794,2
2009-08-10,2.7825,2.7825,2.7825,2.7825,4
2009-08-11,2.75,2.75,2.75,2.75,0
2009-08-12,2.8325,2.8325,2.8325,2.8325,776
2009-08-13,2.919,2.919,2.919,2.919,40
2009-08-14,2.8555,2.8555,2.843,2.843,133
2009-08-17,2.7765,2.781,2.766,2.781,57
2009-08-18,2.798,2.798,2.7265,2.759,235
2009-08-19,2.743,2.755,2.743,2.755,30
2009-08-20,2.74,2.74,2.74,2.74,4
2009-08-21,2.8785,2.8785,2.8785,2.8785,4
2009-08-24,2.913,2.913,2.913,2.913,28
2009-08-25,2.8595,2.8595,2.8595,2.8595,0
2009-08-26,2.8605,2.8705,2.8605,2.8705,12
2009-08-27,2.868,2.868,2.868,2.868,0
2009-08-28,2.9,2.9495,2.9,2.9405,23
2009-08-31,2.8185,2.8185,2.8185,2.8185,15
2009-09-01,2.858,2.858,2.8195,2.8195,14
2009-09-02,2.7695,2.8285,2.7695,2.8285,3
2009-09-03,2.8635,2.8635,2.8635,2.8635,4
2009-09-04,2.88,2.88,2.8645,2.8645,2
2009-09-08,2.9485,2.9485,2.9485,2.9485,23
2009-09-09,2.9185,2.9185,2.9185,2.9185,24
2009-09-10,2.861,2.875,2.861,2.875,7
2009-09-11,2.8495,2.8495,2.8495,2.8495,0
2009-09-14,2.812,2.812,2.812,2.812,14
2009-09-15,2.8525,2.8525,2.8525,2.8525,21
2009-09-16,2.9075,2.952,2.902,2.9415,158
2009-09-17,2.899,2.901,2.899,2.901,15
2009-09-18,2.805,2.805,2.795,2.795,62
2009-09-21,2.8225,2.8225,2.8165,2.8165,5
2009-09-22,2.876,2.876,2.876,2.876,0
2009-09-23,2.8225,2.8225,2.82,2.8225,24
2009-09-24,2.727,2.729,2.723,2.723,3
2009-09-25,2.7,2.754,2.7,2.754,1
2009-09-28,2.74,2.74,2.74,2.74,0
2009-09-29,2.731,2.7435,2.731,2.7435,8
2009-09-30,2.8325,2.8325,2.8325,2.8325,11
2009-10-01,2.753,2.753,2.753,2.753,9
2009-10-02,2.7015,2.7015,2.6995,2.6995,3
2009-10-05,2.744,2.744,2.744,2.744,5
2009-10-06,2.8125,2.813,2.798,2.798,12
2009-10-07,2.794,2.794,2.794,2.794,5
2009-10-08,2.909,2.909,2.909,2.909,4
2009-10-09,2.8535,2.8535,2.853,2.853,454
2009-10-12,2.8675,2.877,2.86,2.87,58
2009-10-13,2.824,2.824,2.8025,2.81,26
2009-10-14,2.855,2.864,2.855,2.864,10
2009-10-15,2.83,2.884,2.83,2.8775,71
2009-10-16,2.847,2.8675,2.8325,2.8675,11
2009-10-19,2.83,2.986,2.83,2.986,5
2009-10-20,2.9365,2.955,2.9365,2.9525,11
2009-10-21,3.0545,3.0545,3.0545,3.0545,25
2009-10-22,3.0275,3.0275,3.0175,3.0175,47
2009-10-23,3.0525,3.0565,3.029,3.0565,30
2009-10-26,3.0365,3.0365,3.0365,3.0365,1
2009-10-27,2.99,3.045,2.99,3.029,91
2009-10-28,2.99,2.99,2.961,2.961,30
2009-10-29,3.019,3.058,3.019,3.058,106
2009-10-30,2.986,2.986,2.986,2.986,168
2009-11-02,2.992,3.008,2.976,2.976,10
2009-11-03,2.952,2.988,2.9365,2.986,23
2009-11-04,3.031,3.031,3.024,3.024,522
2009-11-05,2.991,2.991,2.991,2.991,16
2009-11-06,3.006,3.006,2.989,2.989,120
2009-11-09,3.004,3.019,3.0015,3.0065,239
2009-11-10,2.99,3.01,2.98,3.0,149
2009-11-11,3.049,3.049,3.0055,3.0055,143
2009-11-12,2.991,3.0055,2.9875,2.9875,102
2009-11-13,3.0105,3.015,2.9875,3.015,345
2009-11-16,3.0785,3.142,3.0785,3.142,259
2009-11-17,3.1435,3.1455,3.1435,3.1455,29
2009-11-18,3.14,3.195,3.14,3.1475,31
2009-11-19,3.1195,3.1195,3.1195,3.1195,9
2009-11-20,3.144,3.1545,3.144,3.15,533
2009-11-23,3.2125,3.213,3.1765,3.1765,42
2009-11-24,3.1545,3.1625,3.1475,3.1605,103
2009-11-25,3.2155,3.224,3.2155,3.2155,24
2009-11-27,3.18,3.184,3.125,3.1455,45
2009-11-30,3.2,3.2,3.194,3.1955,246
2009-12-01,3.231,3.248,3.231,3.248,900
2009-12-02,3.25,3.287,3.25,3.275,363
2009-12-03,3.2645,3.2645,3.2645,3.2645,149
2009-12-04,3.253,3.258,3.222,3.2575,119
2009-12-07,3.2295,3.2305,3.2295,3.2305,763
2009-12-08,3.187,3.1885,3.186,3.187,1091
2009-12-09,3.1935,3.1935,3.147,3.147,270
2009-12-10,3.146,3.146,3.1155,3.129,926
2009-12-11,3.1705,3.1705,3.15,3.16,620
2009-12-14,3.157,3.1825,3.157,3.179,283
2009-12-15,3.1405,3.1685,3.1405,3.167,811
2009-12-16,3.173,3.231,3.172,3.231,354
2009-12-17,3.227,3.227,3.155,3.155,231
2009-12-18,3.1435,3.1645,3.1395,3.1645,120
2009-12-21,3.1805,3.1825,3.1805,3.1825,411
2009-12-22,3.1625,3.1625,3.1625,3.1625,11
2009-12-23,3.203,3.2275,3.203,3.2275,382
2009-12-24,3.3105,3.317,3.3105,3.317,151
2009-12-28,3.3075,3.3605,3.3075,3.3605,61
2009-12-29,3.3325,3.3365,3.3305,3.3365,75
2009-12-30,3.3565,3.369,3.351,3.369,718
2009-12-31,3.3985,3.4015,3.3625,3.3705,406
2010-01-04,3.433,3.433,3.431,3.431,111
2010-01-05,3.44,3.4445,3.4235,3.4385,384
2010-01-06,3.4875,3.5385,3.4875,3.516,756
2010-01-07,3.476,3.4775,3.4495,3.4495,877
2010-01-08,3.4315,3.442,3.4215,3.422,1201
2010-01-11,3.5015,3.5015,3.455,3.461,701
2010-01-12,3.475,3.475,3.3675,3.37,784
2010-01-13,3.3735,3.44,3.34,3.42,1070
2010-01-14,3.4345,3.46,3.403,3.405,462
2010-01-15,3.413,3.413,3.377,3.3855,164
2010-01-19,3.4395,3.4665,3.435,3.463,204
2010-01-20,3.4,3.4115,3.373,3.373,342
2010-01-21,3.3755,3.395,3.3115,3.3145,641
2010-01-22,3.313,3.382,3.313,3.3665,91
2010-01-25,3.3985,3.418,3.3945,3.414,160
2010-01-26,3.38,3.38,3.3525,3.3605,542
2010-01-27,3.345,3.345,3.217,3.244,615
2010-01-28,3.24,3.2445,3.118,3.1215,552
2010-01-29,3.142,3.171,3.059,3.0755,955
2010-02-01,3.0575,3.119,3.0325,3.107,329
2010-02-02,3.13,3.131,3.08,3.113,343
2010-02-03,3.15,3.1515,2.9775,2.9955,3735
2010-02-04,3.015,3.0285,2.882,2.903,1086
2010-02-05,2.902,2.92,2.8525,2.883,1755
2010-02-08,2.95,2.95,2.9185,2.94,945
2010-02-09,2.958,3.0285,2.958,3.015,1604
2010-02-10,3.024,3.025,2.96,3.018,1796
2010-02-11,3.039,3.1675,3.039,3.1605,1482
2010-02-12,3.1425,3.145,3.07,3.112,1035
2010-02-16,3.125,3.25,3.1,3.247,2430
2010-02-17,3.2435,3.29,3.23,3.268,1108
2010-02-18,3.2425,3.353,3.2245,3.3155,875
2010-02-19,3.2855,3.391,3.245,3.389,1220
2010-02-22,3.3855,3.397,3.3195,3.3395,1168
2010-02-23,3.326,3.37,3.237,3.247,1371
2010-02-24,3.2455,3.2765,3.208,3.2665,515
2010-02-25,3.263,3.263,3.1805,3.224,1984
2010-02-26,3.2525,3.3025,3.2175,3.2985,1242
2010-03-01,3.38,3.4855,3.3425,3.365,2433
2010-03-02,3.36,3.427,3.314,3.425,1589
2010-03-03,3.391,3.486,3.3675,3.45,3013
2010-03-04,3.4405,3.4465,3.366,3.3895,1261
2010-03-05,3.4,3.471,3.385,3.4315,1457
2010-03-08,3.4445,3.4765,3.4055,3.4255,2843
2010-03-09,3.4185,3.43,3.3735,3.427,2716
2010-03-10,3.42,3.4595,3.3675,3.383,2271
2010-03-11,3.393,3.4075,3.3575,3.392,1133
2010-03-12,3.406,3.42,3.382,3.395,778
2010-03-15,3.3815,3.382,3.309,3.33,607
2010-03-16,3.333,3.3955,3.3295,3.3805,3752
2010-03-17,3.3955,3.451,3.3925,3.434,1919
2010-03-18,3.4345,3.4355,3.3945,3.4125,2189
2010-03-19,3.41,3.4405,3.3775,3.3895,938
2010-03-22,3.377,3.405,3.3305,3.3985,2451
2010-03-23,3.404,3.4255,3.3765,3.397,1169
2010-03-24,3.39,3.402,3.341,3.3635,2534
2010-03-25,3.345,3.4025,3.339,3.3985,3250
2010-03-26,3.3705,3.45,3.3625,3.421,2393
2010-03-29,3.439,3.5595,3.439,3.5535,4183
2010-03-30,3.558,3.594,3.5185,3.581,3663
2010-03-31,3.565,3.5885,3.539,3.572,5675
2010-04-01,3.5645,3.623,3.558,3.6025,5319
2010-04-05,3.6025,3.655,3.6025,3.6505,4682
2010-04-06,3.652,3.6565,3.62,3.6365,7971
2010-04-07,3.6415,3.6525,3.5865,3.617,7864
2010-04-08,3.599,3.6075,3.5595,3.6065,11386
2010-04-09,3.604,3.64,3.5975,3.6095,12383
2010-04-12,3.6645,3.691,3.5665,3.584,13867
2010-04-13,3.5705,3.622,3.5645,3.62,21205
2010-04-14,3.6055,3.638,3.6055,3.6295,13015
2010-04-15,3.6365,3.643,3.584,3.621,16563
2010-04-16,3.612,3.6295,3.5125,3.5355,12045
2010-04-19,3.536,3.538,3.4725,3.518,11263
2010-04-20,3.542,3.5735,3.513,3.5355,14908
2010-04-21,3.5395,3.5605,3.4935,3.5575,10322
2010-04-22,3.5335,3.553,3.483,3.5065,14157
2010-04-23,3.52,3.542,3.478,3.5305,16755
2010-04-26,3.5375,3.5805,3.5355,3.548,14711
2010-04-27,3.5445,3.551,3.368,3.3825,26385
2010-04-28,3.3865,3.407,3.344,3.3865,31576
2010-04-29,3.402,3.413,3.334,3.3505,30049
2010-04-30,3.3585,3.3935,3.3355,3.3535,31879
2010-05-03,3.356,3.3635,3.2735,3.2935,24515
2010-05-04,3.295,3.328,3.172,3.1785,44390
2010-05-05,3.1705,3.2055,3.0055,3.1515,61583
2010-05-06,3.1515,3.209,3.05,3.117,58525
2010-05-07,3.0775,3.179,3.062,3.1445,47858
2010-05-10,3.1905,3.2675,3.1665,3.228,32687
2010-05-11,3.227,3.2375,3.1285,3.2065,30458
2010-05-12,3.1725,3.244,3.135,3.188,31237
2010-05-13,3.176,3.259,3.1755,3.2315,28671
2010-05-14,3.22,3.228,3.117,3.134,34653
2010-05-17,3.114,3.123,2.914,2.932,46201
2010-05-18,2.966,3.069,2.941,3.031,38264
2010-05-19,2.9965,3.0135,2.9265,2.9595,41257
2010-05-20,2.993,3.0455,2.9005,2.9445,49105
2010-05-21,2.946,3.1145,2.9415,3.061,47969
2010-05-24,3.0905,3.151,3.0585,3.1475,31293
2010-05-25,3.119,3.1195,3.0075,3.042,37344
2010-05-26,3.0885,3.1185,3.053,3.0805,25892
2010-05-27,3.0515,3.181,3.045,3.1585,26106
2010-05-28,3.1675,3.187,3.089,3.1045,26738
2010-06-01,3.112,3.142,3.0185,3.063,27853
2010-06-02,3.04,3.065,2.9705,3.0405,30064
2010-06-03,3.062,3.0845,2.9255,2.9465,31480
2010-06-04,2.9505,2.992,2.79,2.8195,41912
2010-06-07,2.805,2.8095,2.72,2.766,36917
2010-06-08,2.7545,2.809,2.73,2.7795,39858
2010-06-09,2.8,2.879,2.7555,2.85,40822
2010-06-10,2.82,2.905,2.8015,2.8625,35294
2010-06-11,2.893,2.945,2.868,2.904,41735
2010-06-14,2.9275,3.023,2.9225,2.992,27162
2010-06-15,2.97,3.03,2.9495,3.0045,29010
2010-06-16,3.029,3.049,2.954,2.9955,25976
2010-06-17,2.9885,2.9945,2.8895,2.9055,33700
2010-06-18,2.9265,2.929,2.8445,2.884,28002
2010-06-21,2.92,3.033,2.9155,2.942,27759
2010-06-22,2.9335,2.997,2.9115,2.992,29826
2010-06-23,2.961,2.994,2.915,2.9355,35185
2010-06-24,2.9465,3.013,2.94,3.0055,30652
2010-06-25,3.003,3.1035,2.968,3.0955,38537
2010-06-28,3.0755,3.106,3.0525,3.0715,18038
2010-06-29,3.0755,3.0785,2.91,2.9155,10821
2010-06-30,2.924,2.9585,2.8575,2.936,2958
2010-07-01,2.8965,2.9195,2.8445,2.865,1728
2010-07-02,2.9045,2.94,2.8885,2.904,350
2010-07-06,2.95,3.0,2.904,2.96,447
2010-07-07,2.9615,3.026,2.938,3.0055,607
2010-07-08,3.026,3.042,2.9875,3.007,463
2010-07-09,3.032,3.0585,3.02,3.0445,302
2010-07-12,3.005,3.0205,2.9785,2.9995,448
2010-07-13,2.996,3.0255,2.97,3.0095,764
2010-07-14,3.0315,3.034,2.9805,3.001,445
2010-07-15,2.998,3.036,2.9895,3.005,456
2008-06-16,3.4875,3.4875,3.4875,3.4875,0
2008-06-17,3.494,3.494,3.494,3.494,0
2008-06-18,3.5445,3.5445,3.5445,3.5445,0
2008-06-19,3.5595,3.5595,3.5595,3.5595,0
2008-06-20,3.606,3.606,3.606,3.606,0
2008-06-23,3.5625,3.5625,3.5625,3.5625,0
2008-06-24,3.5395,3.5395,3.5395,3.5395,0
2008-06-25,3.545,3.545,3.545,3.545,0
2008-06-26,3.5715,3.5715,3.5715,3.5715,0
2008-06-27,3.615,3.615,3.615,3.615,0
2008-06-30,3.621,3.621,3.621,3.621,0
2008-07-01,3.648,3.648,3.648,3.648,0
2008-07-02,3.7545,3.7545,3.7545,3.7545,0
2008-07-03,3.6535,3.6535,3.6535,3.6535,0
2008-07-07,3.5815,3.5815,3.5815,3.5815,0
2008-07-08,3.46,3.46,3.46,3.46,0
2008-07-09,3.4955,3.4955,3.4955,3.4955,0
2008-07-10,3.476,3.476,3.476,3.476,0
2008-07-11,3.4995,3.4995,3.4995,3.4995,0
2008-07-14,3.5125,3.5125,3.5125,3.5125,0
2008-07-15,3.462,3.462,3.462,3.462,0
2008-07-16,3.3815,3.3815,3.3815,3.3815,0
2008-07-17,3.4015,3.4015,3.4015,3.4015,0
2008-07-18,3.386,3.386,3.386,3.386,0
2008-07-21,3.427,3.427,3.427,3.427,0
2008-07-22,3.4375,3.4375,3.4375,3.4375,0
2008-07-23,3.4155,3.4155,3.4155,3.4155,0
2008-07-24,3.345,3.345,3.345,3.345,0
2008-07-25,3.368,3.368,3.368,3.368,0
2008-07-28,3.378,3.378,3.378,3.378,0
2008-07-29,3.376,3.376,3.376,3.376,0
2008-07-30,3.4145,3.4145,3.4145,3.4145,0
2008-07-31,3.44,3.44,3.44,3.44,0
2008-08-01,3.3775,3.3775,3.3775,3.3775,0
2008-08-04,3.2875,3.2875,3.2875,3.2875,0
2008-08-05,3.2665,3.2665,3.2665,3.2665,0
2008-08-06,3.28,3.28,3.28,3.28,0
2008-08-07,3.275,3.275,3.275,3.275,0
2008-08-08,3.219,3.219,3.219,3.219,0
2008-08-11,3.1935,3.1935,3.1935,3.1935,0
2008-08-12,3.1345,3.1345,3.1345,3.1345,0
2008-08-13,3.2575,3.2575,3.2575,3.2575,0
2008-08-14,3.2265,3.2265,3.2265,3.2265,0
2008-08-15,3.233,3.233,3.233,3.233,0
2008-08-18,3.209,3.209,3.209,3.209,0
2008-08-19,3.317,3.317,3.317,3.317,0
2008-08-20,3.294,3.294,3.294,3.294,0
2008-08-21,3.4065,3.4065,3.4065,3.4065,0
2008-08-22,3.349,3.349,3.349,3.349,0
2008-08-25,3.337,3.337,3.337,3.337,0
2008-08-26,3.297,3.297,3.297,3.297,0
2008-08-27,3.325,3.325,3.325,3.325,0
2008-08-28,3.2965,3.2965,3.2965,3.2965,0
2008-08-29,3.2825,3.2825,3.2825,3.2825,0
2008-09-02,3.2035,3.2035,3.2035,3.2035,0
2008-09-03,3.242,3.242,3.242,3.242,0
2008-09-04,3.213,3.213,3.213,3.213,0
2008-09-05,3.0765,3.0765,3.0765,3.0765,0
2008-09-08,3.061,3.061,3.061,3.061,0
2008-09-09,3.051,3.051,3.051,3.051,0
2008-09-10,3.069,3.069,3.069,3.069,0
2008-09-11,3.0625,3.0625,3.0625,3.0625,0
2008-09-12,3.1235,3.1235,3.1235,3.1235,0
2008-09-15,3.084,3.084,3.084,3.084,0
2008-09-16,3.028,3.028,3.028,3.028,0
2008-09-17,2.983,2.983,2.983,2.983,0
2008-09-18,3.0155,3.0155,3.0155,3.0155,0
2008-09-19,3.116,3.116,3.116,3.116,0
2008-09-22,3.196,3.196,3.196,3.196,0
2008-09-23,3.115,3.115,3.115,3.115,0
2008-09-24,3.0725,3.0725,3.0725,3.0725,0
2008-09-25,3.093,3.093,3.093,3.093,0
2008-09-26,3.0465,3.0465,3.0465,3.0465,0
2008-09-29,2.96,2.96,2.8975,2.8975,7
2008-09-30,2.875,2.875,2.875,2.875,0
2008-10-01,2.7925,2.7925,2.7925,2.7925,0
2008-10-02,2.636,2.636,2.636,2.636,0
2008-10-03,2.684,2.684,2.684,2.684,0
2008-10-06,2.64,2.64,2.4995,2.4995,7
2008-10-07,2.532,2.532,2.532,2.532,0
2008-10-08,2.3605,2.3605,2.3605,2.3605,0
2008-10-09,2.41,2.41,2.41,2.41,0
2008-10-10,2.2585,2.2585,2.1545,2.1545,2
2008-10-13,2.3255,2.3255,2.3255,2.3255,0
2008-10-14,2.4275,2.4275,2.4275,2.4275,0
2008-10-15,2.2465,2.2465,2.2465,2.2465,0
2008-10-16,2.127,2.127,2.127,2.127,0
2008-10-17,2.218,2.218,2.218,2.218,0
2008-10-20,2.1575,2.1575,2.1575,2.1575,0
2008-10-21,2.0565,2.0565,2.0565,2.0565,0
2008-10-22,1.923,1.923,1.923,1.923,0
2008-10-23,1.848,1.848,1.848,1.848,0
2008-10-24,1.729,1.729,1.729,1.729,0
2008-10-27,1.849,1.849,1.849,1.849,0
2008-10-28,1.9015,1.9015,1.9015,1.9015,0
2008-10-29,2.126,2.126,2.126,2.126,0
2008-10-30,1.9295,1.9295,1.9295,1.9295,0
2008-10-31,1.8775,1.8775,1.8775,1.8775,3
2008-11-03,1.8935,1.8935,1.8935,1.8935,0
2008-11-04,2.01,2.01,2.01,2.01,0
2008-11-05,1.8685,1.8685,1.8685,1.8685,0
2008-11-06,1.776,1.776,1.776,1.776,0
2008-11-07,1.755,1.755,1.755,1.755,0
2008-11-10,1.8085,1.8085,1.8085,1.8085,0
2008-11-11,1.713,1.713,1.713,1.713,0
2008-11-12,1.7195,1.7195,1.7195,1.7195,0
2008-11-13,1.689,1.689,1.689,1.689,0
2008-11-14,1.774,1.774,1.774,1.774,0
2008-11-17,1.7265,1.7265,1.7265,1.7265,0
2008-11-18,1.738,1.738,1.738,1.738,10
2008-11-19,1.6815,1.6815,1.6815,1.6815,0
2008-11-20,1.6505,1.6505,1.6505,1.6505,0
2008-11-21,1.6445,1.6445,1.6445,1.6445,0
2008-11-24,1.7285,1.7285,1.7285,1.7285,0
2008-11-25,1.713,1.713,1.713,1.713,0
2008-11-26,1.749,1.749,1.749,1.749,0
2008-11-28,1.761,1.765,1.7065,1.7065,4
2008-12-01,1.688,1.688,1.688,1.688,0
2008-12-02,1.6515,1.6515,1.6515,1.6515,0
2008-12-03,1.6045,1.6045,1.6045,1.6045,0
2008-12-04,1.5185,1.5185,1.5185,1.5185,0
2008-12-05,1.461,1.465,1.42,1.42,3
2008-12-08,1.537,1.537,1.537,1.537,0
2008-12-09,1.484,1.484,1.484,1.484,0
2008-12-10,1.5355,1.5355,1.5355,1.5355,0
2008-12-11,1.555,1.555,1.555,1.555,2
2008-12-12,1.4765,1.4765,1.4765,1.4765,0
2008-12-15,1.454,1.454,1.454,1.454,0
2008-12-16,1.4265,1.4265,1.4265,1.4265,0
2008-12-17,1.4205,1.4205,1.4205,1.4205,0
2008-12-18,1.4,1.4,1.35,1.35,4
2008-12-19,1.372,1.372,1.372,1.372,0
2008-12-22,1.393,1.393,1.393,1.393,0
2008-12-23,1.337,1.337,1.337,1.337,0
2008-12-24,1.3325,1.3325,1.3325,1.3325,0
2008-12-26,1.3585,1.3585,1.3585,1.3585,0
2008-12-29,1.365,1.365,1.365,1.365,0
2008-12-30,1.372,1.372,1.372,1.372,0
2008-12-31,1.452,1.452,1.452,1.452,0
2009-01-02,1.5035,1.5035,1.5035,1.5035,0
2009-01-05,1.5045,1.5045,1.5045,1.5045,0
2009-01-06,1.624,1.624,1.624,1.624,0
2009-01-07,1.553,1.553,1.553,1.553,0
2009-01-08,1.525,1.525,1.525,1.525,0
2009-01-09,1.5655,1.5945,1.5655,1.5945,13
2009-01-12,1.5125,1.526,1.5125,1.526,2
2009-01-13,1.5915,1.5915,1.5915,1.5915,0
2009-01-14,1.5365,1.5365,1.5365,1.5365,0
2009-01-15,1.501,1.501,1.501,1.501,0
2009-01-16,1.5725,1.5725,1.5725,1.5725,126
2009-01-20,1.54,1.5455,1.54,1.5455,1
2009-01-21,1.4745,1.4745,1.4745,1.4745,122
2009-01-22,1.46,1.46,1.4395,1.4395,1
2009-01-23,1.517,1.517,1.517,1.517,0
2009-01-26,1.628,1.628,1.628,1.628,1
2009-01-27,1.527,1.527,1.527,1.527,0
2009-01-28,1.537,1.537,1.537,1.537,0
2009-01-29,1.5045,1.5045,1.5045,1.5045,0
2009-01-30,1.47,1.5175,1.47,1.5175,11
2009-02-02,1.485,1.485,1.485,1.485,3
2009-02-03,1.57,1.57,1.57,1.57,0
2009-02-04,1.5715,1.5715,1.5715,1.5715,0
2009-02-05,1.542,1.542,1.542,1.542,0
2009-02-06,1.6745,1.6745,1.6745,1.6745,0
2009-02-09,1.663,1.663,1.663,1.663,0
2009-02-10,1.6285,1.6285,1.6285,1.6285,0
2009-02-11,1.5935,1.5935,1.5935,1.5935,2
2009-02-12,1.57,1.591,1.57,1.591,3
2009-02-13,1.591,1.591,1.591,1.591,0
2009-02-17,1.55,1.55,1.489,1.489,3
2009-02-18,1.501,1.501,1.501,1.501,0
2009-02-19,1.5295,1.5295,1.5295,1.5295,0
2009-02-20,1.4795,1.4795,1.4795,1.4795,1
2009-02-23,1.4995,1.4995,1.4995,1.4995,0
2009-02-24,1.547,1.547,1.547,1.547,0
2009-02-25,1.577,1.577,1.577,1.577,0
2009-02-26,1.6245,1.6245,1.6195,1.6195,1
2009-02-27,1.5795,1.5795,1.5795,1.5795,0
2009-03-02,1.556,1.556,1.556,1.556,0
2009-03-03,1.6315,1.6375,1.6315,1.6375,8
2009-03-04,1.7195,1.7195,1.7195,1.7195,0
2009-03-05,1.681,1.681,1.681,1.681,0
2009-03-06,1.7355,1.7355,1.719,1.719,2
2009-03-09,1.681,1.681,1.681,1.681,0
2009-03-10,1.7225,1.7225,1.7225,1.7225,0
2009-03-11,1.664,1.664,1.664,1.664,0
2009-03-12,1.6685,1.6685,1.6685,1.6685,0
2009-03-13,1.7035,1.7035,1.7035,1.7035,0
2009-03-16,1.7795,1.7795,1.7795,1.7795,2
2009-03-17,1.7545,1.7545,1.7545,1.7545,0
2009-03-18,1.754,1.754,1.754,1.754,0
2009-03-19,1.8535,1.8535,1.8415,1.8415,3
2009-03-20,1.832,1.832,1.832,1.832,0
2009-03-23,1.8785,1.8785,1.8785,1.8785,0
2009-03-24,1.8485,1.8485,1.8485,1.8485,0
2009-03-25,1.8455,1.8455,1.8455,1.8455,0
2009-03-26,1.915,1.915,1.896,1.896,10
2009-03-27,1.8675,1.8765,1.866,1.8765,2
2009-03-30,1.809,1.809,1.809,1.809,0
2009-03-31,1.885,1.885,1.885,1.885,0
2009-04-01,1.8865,1.8865,1.8865,1.8865,2
2009-04-02,1.935,1.935,1.923,1.923,27
2009-04-03,1.935,2.024,1.93,2.024,28
2009-04-06,1.987,1.987,1.987,1.987,0
2009-04-07,2.0245,2.0245,2.0245,2.0245,1
2009-04-08,2.0345,2.0345,2.0345,2.0345,0
2009-04-09,2.09,2.1065,2.09,2.1065,23
2009-04-13,2.1615,2.1615,2.1615,2.1615,1
2009-04-14,2.1325,2.157,2.1325,2.156,56
2009-04-15,2.1635,2.229,2.163,2.229,32
2009-04-16,2.2,2.2175,2.178,2.1955,10
2009-04-17,2.187,2.1895,2.1855,2.1855,87
2009-04-20,2.14,2.14,2.09,2.096,8
2009-04-21,2.06,2.061,2.0175,2.061,3
2009-04-22,2.039,2.039,2.039,2.039,0
2009-04-23,1.9795,1.986,1.9735,1.9735,33
2009-04-24,2.029,2.029,2.029,2.029,3
2009-04-27,1.97,1.97,1.97,1.97,0
2009-04-28,1.92,1.9205,1.913,1.913,32
2009-04-29,1.9985,1.9985,1.9985,1.9985,0
2009-04-30,2.037,2.037,2.037,2.037,0
2009-05-01,2.0625,2.0915,2.0625,2.0915,2
2009-05-04,2.1355,2.1355,2.1355,2.1355,2
2009-05-05,2.0705,2.079,2.0705,2.079,6
2009-05-06,2.178,2.178,2.178,2.178,1
2009-05-07,2.166,2.166,2.166,2.166,0
2009-05-08,2.1545,2.1545,2.1545,2.1545,19
2009-05-11,2.1065,2.1065,2.1065,2.1065,10
2009-05-12,2.1035,2.1035,2.1035,2.1035,1
2009-05-13,2.044,2.044,2.044,2.044,0
2009-05-14,2.0365,2.0365,2.0365,2.0365,0
2009-05-15,2.0305,2.0305,2.0305,2.0305,0
2009-05-18,2.084,2.084,2.084,2.084,0
2009-05-19,2.0885,2.1095,2.0885,2.0885,3
2009-05-20,2.124,2.124,2.124,2.124,0
2009-05-21,2.0675,2.0675,2.0675,2.0675,0
2009-05-22,2.1075,2.1075,2.1075,2.1075,0
2009-05-26,2.145,2.145,2.145,2.145,4
2009-05-27,2.1345,2.1345,2.1345,2.1345,0
2009-05-28,2.1525,2.1525,2.1525,2.1525,0
2009-05-29,2.185,2.2015,2.185,2.2015,18
2009-06-01,2.321,2.321,2.321,2.321,14
2009-06-02,2.305,2.305,2.305,2.305,2
2009-06-03,2.229,2.229,2.229,2.229,0
2009-06-04,2.318,2.318,2.318,2.318,0
2009-06-05,2.307,2.307,2.307,2.307,0
2009-06-08,2.2765,2.2765,2.2765,2.2765,22
2009-06-09,2.3855,2.3855,2.3855,2.3855,64
2009-06-10,2.388,2.389,2.376,2.383,44
2009-06-11,2.41,2.46,2.41,2.46,19
2009-06-12,2.416,2.416,2.393,2.393,4
2009-06-15,2.32,2.32,2.3085,2.3085,109
2009-06-16,2.3,2.33,2.2765,2.2765,26
2009-06-17,2.28,2.28,2.28,2.28,0
2009-06-18,2.293,2.293,2.293,2.293,0
2009-06-19,2.297,2.297,2.273,2.273,1
2009-06-22,2.1705,2.1735,2.16,2.16,29
2009-06-23,2.2275,2.2275,2.2275,2.2275,2
2009-06-24,2.293,2.293,2.293,2.293,15
2009-06-25,2.3465,2.3465,2.32,2.3245,12
2009-06-26,2.32,2.32,2.32,2.32,0
2009-06-29,2.365,2.365,2.337,2.337,1
2009-06-30,2.299,2.299,2.285,2.285,6
2009-07-01,2.357,2.357,2.344,2.344,2
2009-07-02,2.321,2.321,2.321,2.321,5
2009-07-06,2.27,2.282,2.24,2.282,4
2009-07-07,2.249,2.249,2.2485,2.2485,2
2009-07-08,2.2385,2.243,2.184,2.184,98
2009-07-09,2.211,2.2585,2.211,2.2585,34
2009-07-10,2.2295,2.2295,2.2295,2.2295,181
2009-07-13,2.238,2.238,2.238,2.238,8
2009-07-14,2.3135,2.3135,2.313,2.313,63
2009-07-15,2.4,2.401,2.4,2.401,36
2009-07-16,2.4065,2.41,2.3995,2.3995,48
2009-07-17,2.4335,2.4335,2.4335,2.4335,4
2009-07-20,2.447,2.479,2.447,2.479,1
2009-07-21,2.461,2.461,2.461,2.461,2
2009-07-22,2.5335,2.5335,2.5335,2.5335,5
2009-07-23,2.5,2.5255,2.5,2.5255,41
2009-07-24,2.5235,2.526,2.5225,2.526,103
2009-07-27,2.551,2.551,2.5495,2.5495,32
2009-07-28,2.5345,2.5345,2.5345,2.5345,4
2009-07-29,2.467,2.491,2.467,2.491,9
2009-07-30,2.5695,2.5695,2.5695,2.5695,19
2009-07-31,2.616,2.6295,2.6075,2.6295,3
2009-08-03,2.736,2.754,2.734,2.747,39
2009-08-04,2.7075,2.8025,2.703,2.8025,80
2009-08-05,2.81,2.829,2.81,2.818,7
2009-08-06,2.785,2.785,2.761,2.761,7
2009-08-07,2.809,2.809,2.797,2.797,13
2009-08-10,2.84,2.84,2.7855,2.7855,17
2009-08-11,2.753,2.753,2.753,2.753,0
2009-08-12,2.752,2.8365,2.737,2.8365,55
2009-08-13,2.9255,2.9255,2.9255,2.9255,183
2009-08-14,2.8535,2.858,2.8445,2.849,104
2009-08-17,2.7525,2.786,2.7485,2.786,78
2009-08-18,2.77,2.774,2.768,2.768,164
2009-08-19,2.6825,2.763,2.6825,2.763,55
2009-08-20,2.73,2.748,2.73,2.747,49
2009-08-21,2.8,2.8855,2.8,2.8855,33
2009-08-24,2.903,2.921,2.885,2.921,30
2009-08-25,2.856,2.8665,2.856,2.8665,15
2009-08-26,2.874,2.8785,2.868,2.8765,63
2009-08-27,2.8775,2.8775,2.8705,2.874,6
2009-08-28,2.905,2.958,2.905,2.9485,29
2009-08-31,2.827,2.827,2.827,2.827,14
2009-09-01,2.81,2.83,2.81,2.828,79
2009-09-02,2.8365,2.8365,2.8365,2.8365,6
2009-09-03,2.842,2.88,2.8325,2.8725,56
2009-09-04,2.8605,2.8745,2.849,2.8745,7
2009-09-08,2.949,2.9705,2.946,2.9585,219
2009-09-09,2.945,2.945,2.905,2.9265,299
2009-09-10,2.9335,2.9335,2.8695,2.883,361
2009-09-11,2.8755,2.895,2.837,2.8555,81
2009-09-14,2.81,2.819,2.81,2.818,186
2009-09-15,2.8325,2.8575,2.83,2.8575,93
2009-09-16,2.901,2.9575,2.901,2.9465,349
2009-09-17,2.9375,2.9375,2.9005,2.906,53
2009-09-18,2.867,2.867,2.799,2.799,150
2009-09-21,2.79,2.8235,2.775,2.8205,102
2009-09-22,2.89,2.89,2.876,2.88,40
2009-09-23,2.8715,2.8715,2.7945,2.8255,145
2009-09-24,2.7555,2.7555,2.7195,2.726,41
2009-09-25,2.7,2.757,2.7,2.757,54
2009-09-28,2.7235,2.753,2.7235,2.743,10
2009-09-29,2.7265,2.765,2.7215,2.746,177
2009-09-30,2.819,2.835,2.7825,2.8345,75
2009-10-01,2.8105,2.8105,2.74,2.754,171
2009-10-02,2.678,2.7105,2.676,2.6995,55
2009-10-05,2.714,2.744,2.695,2.744,37
2009-10-06,2.79,2.809,2.79,2.7985,53
2009-10-07,2.8035,2.8035,2.787,2.7945,37
2009-10-08,2.883,2.911,2.8625,2.911,164
2009-10-09,2.861,2.874,2.8475,2.8515,648
2009-10-12,2.8775,2.8785,2.8595,2.871,139
2009-10-13,2.8225,2.8225,2.78,2.811,409
2009-10-14,2.856,2.8645,2.856,2.863,98
2009-10-15,2.867,2.885,2.8005,2.8765,217
2009-10-16,2.8455,2.8665,2.8365,2.8665,301
2009-10-19,2.885,2.985,2.885,2.985,290
2009-10-20,2.9735,3.01,2.9335,2.9515,36
2009-10-21,2.9155,3.054,2.9155,3.054,188
2009-10-22,3.0035,3.0355,3.0,3.0165,176
2009-10-23,3.055,3.071,3.0355,3.054,83
2009-10-26,3.055,3.087,3.0265,3.033,51
2009-10-27,2.993,3.0455,2.993,3.0245,310
2009-10-28,3.0235,3.0235,2.954,2.9565,725
2009-10-29,2.9605,3.054,2.9575,3.054,75
2009-10-30,3.0195,3.0195,2.978,2.9815,644
2009-11-02,2.99,3.005,2.97,2.9715,582
2009-11-03,2.947,2.986,2.9335,2.9815,173
2009-11-04,3.0155,3.0335,3.012,3.0195,473
2009-11-05,2.998,3.0135,2.9855,2.986,469
2009-11-06,2.98,3.0305,2.959,2.984,1079
2009-11-09,3.0235,3.027,2.9985,3.001,885
2009-11-10,2.9875,3.006,2.985,2.995,1583
2009-11-11,3.037,3.0505,2.997,3.0,1142
2009-11-12,3.0075,3.0075,2.9675,2.982,667
2009-11-13,3.001,3.0095,2.969,3.0095,470
2009-11-16,3.053,3.154,3.053,3.137,570
2009-11-17,3.118,3.1505,3.111,3.1405,748
2009-11-18,3.14,3.1965,3.14,3.1425,529
2009-11-19,3.16,3.16,3.1,3.1145,341
2009-11-20,3.141,3.144,3.091,3.144,1264
2009-11-23,3.1725,3.2095,3.1585,3.171,396
2009-11-24,3.13,3.17,3.13,3.1535,498
2009-11-25,3.1675,3.217,3.1675,3.2085,739
2009-11-27,3.178,3.22,3.0425,3.1375,301
2009-11-30,3.1645,3.1915,3.1325,3.1885,423
2009-12-01,3.1995,3.245,3.195,3.241,1173
2009-12-02,3.25,3.275,3.2305,3.2685,1201
2009-12-03,3.27,3.27,3.2465,3.257,1136
2009-12-04,3.243,3.282,3.205,3.25,1103
2009-12-07,3.219,3.225,3.1805,3.223,2621
2009-12-08,3.2145,3.2545,3.16,3.1795,3081
2009-12-09,3.1775,3.198,3.1255,3.1385,2285
2009-12-10,3.1215,3.139,3.0995,3.119,3041
2009-12-11,3.143,3.1605,3.13,3.1495,2474
2009-12-14,3.151,3.18,3.137,3.1685,1115
2009-12-15,3.172,3.1725,3.1345,3.1575,1409
2009-12-16,3.159,3.228,3.154,3.2215,894
2009-12-17,3.207,3.207,3.132,3.144,967
2009-12-18,3.155,3.1665,3.12,3.154,731
2009-12-21,3.16,3.187,3.155,3.1725,414
2009-12-22,3.1435,3.1525,3.1295,3.1525,179
2009-12-23,3.157,3.2225,3.157,3.218,879
2009-12-24,3.25,3.31,3.2295,3.3065,293
2009-12-28,3.309,3.354,3.309,3.3505,612
2009-12-29,3.328,3.341,3.3115,3.3275,754
2009-12-30,3.341,3.375,3.34,3.359,803
2009-12-31,3.359,3.3935,3.355,3.3605,643
2010-01-04,3.38,3.44,3.377,3.421,1308
2010-01-05,3.425,3.4425,3.4,3.4285,1437
2010-01-06,3.43,3.5355,3.43,3.5085,3118
2010-01-07,3.515,3.55,3.44,3.441,1843
2010-01-08,3.4525,3.4605,3.408,3.4145,3697
2010-01-11,3.45,3.516,3.4485,3.454,2017
2010-01-12,3.454,3.4695,3.32,3.362,2511
2010-01-13,3.3425,3.4315,3.3325,3.412,2502
2010-01-14,3.44,3.451,3.3945,3.398,4488
2010-01-15,3.426,3.4315,3.36,3.3775,2280
2010-01-19,3.383,3.4625,3.383,3.4565,2147
2010-01-20,3.461,3.4735,3.35,3.3655,1529
2010-01-21,3.3705,3.411,3.2945,3.307,2604
2010-01-22,3.309,3.384,3.28,3.359,2725
2010-01-25,3.3365,3.412,3.336,3.406,3919
2010-01-26,3.396,3.406,3.324,3.3535,3166
2010-01-27,3.349,3.3685,3.189,3.2375,3013
2010-01-28,3.2245,3.256,3.1075,3.1135,4287
2010-01-29,3.1315,3.1685,3.05,3.067,4261
2010-02-01,3.051,3.124,3.01,3.0985,3930
2010-02-02,3.113,3.1385,3.07,3.104,3785
2010-02-03,3.11,3.156,2.969,2.9875,8790
2010-02-04,3.002,3.033,2.872,2.894,5446
2010-02-05,2.8875,2.909,2.829,2.8735,9918
2010-02-08,2.8925,2.9455,2.8795,2.9305,12287
2010-02-09,2.903,3.0215,2.902,3.0055,13633
2010-02-10,3.011,3.0335,2.949,3.0085,13519
2010-02-11,2.999,3.1635,2.999,3.1515,13431
2010-02-12,3.15,3.157,3.0535,3.102,8781
2010-02-16,3.1125,3.243,3.0825,3.2395,17148
2010-02-17,3.223,3.2865,3.211,3.259,11376
2010-02-18,3.25,3.347,3.1985,3.3055,11674
2010-02-19,3.3075,3.3855,3.2305,3.379,14170
2010-02-22,3.375,3.388,3.3075,3.3285,14533
2010-02-23,3.3195,3.365,3.211,3.2345,17744
2010-02-24,3.242,3.2695,3.191,3.2535,22898
2010-02-25,3.2375,3.2875,3.166,3.21,35261
2010-02-26,3.23,3.295,3.203,3.284,32369
2010-03-01,3.383,3.487,3.322,3.35,46161
2010-03-02,3.3455,3.415,3.29,3.4115,31176
2010-03-03,3.4055,3.472,3.351,3.435,40084
2010-03-04,3.422,3.435,3.3485,3.3755,34228
2010-03-05,3.3755,3.4585,3.3655,3.4175,29959
2010-03-08,3.418,3.465,3.3855,3.4105,26183
2010-03-09,3.425,3.425,3.355,3.4115,25369
2010-03-10,3.399,3.446,3.3505,3.368,34927
2010-03-11,3.38,3.3995,3.3385,3.377,31163
2010-03-12,3.39,3.4065,3.3585,3.38,23204
2010-03-15,3.383,3.3915,3.29,3.315,25628
2010-03-16,3.322,3.384,3.31,3.365,25246
2010-03-17,3.374,3.436,3.3715,3.418,22361
2010-03-18,3.4245,3.428,3.3755,3.3955,19925
2010-03-19,3.3945,3.424,3.3565,3.3725,24594
2010-03-22,3.377,3.389,3.3105,3.3805,30277
2010-03-23,3.3855,3.4095,3.358,3.379,22111
2010-03-24,3.375,3.3875,3.321,3.3455,24150
2010-03-25,3.33,3.387,3.3205,3.3805,25096
2010-03-26,3.3535,3.434,3.3375,3.403,29708
2010-03-29,3.4115,3.5425,3.4115,3.5355,34567
2010-03-30,3.544,3.5775,3.5005,3.5635,29787
2010-03-31,3.549,3.5735,3.5215,3.5535,30979
2010-04-01,3.552,3.606,3.536,3.584,23320
2010-04-05,3.5835,3.636,3.5755,3.6315,14551
2010-04-06,3.636,3.6385,3.6005,3.617,24737
2010-04-07,3.62,3.635,3.563,3.5975,31829
2010-04-08,3.585,3.59,3.535,3.5865,27979
2010-04-09,3.585,3.6235,3.573,3.59,27969
2010-04-12,3.6485,3.68,3.547,3.5645,37306
2010-04-13,3.56,3.603,3.544,3.6005,41629
2010-04-14,3.594,3.619,3.5875,3.6105,29876
2010-04-15,3.616,3.6255,3.564,3.6005,35335
2010-04-16,3.5925,3.61,3.4915,3.5145,46358
2010-04-19,3.518,3.519,3.452,3.497,35262
2010-04-20,3.5245,3.5525,3.4925,3.5135,38561
2010-04-21,3.518,3.539,3.47,3.535,35047
2010-04-22,3.52,3.532,3.4615,3.4865,39780
2010-04-23,3.5035,3.5245,3.46,3.513,37926
2010-04-26,3.519,3.562,3.515,3.528,26304
2010-04-27,3.529,3.5305,3.3485,3.3635,45913
2010-04-28,3.36,3.3875,3.324,3.3685,33828
2010-04-29,3.3835,3.394,3.316,3.3335,13944
2010-04-30,3.34,3.375,3.319,3.3375,3137
2010-05-03,3.322,3.3225,3.26,3.2785,924
2010-05-04,3.2715,3.3085,3.16,3.1645,953
2010-05-05,3.1565,3.1875,2.9955,3.138,988
2010-05-06,3.1625,3.181,3.0475,3.1035,585
2010-05-07,3.0705,3.146,3.05,3.131,302
2010-05-10,3.177,3.2455,3.171,3.215,241
2010-05-11,3.213,3.213,3.1205,3.194,306
2010-05-12,3.1695,3.2105,3.13,3.176,268
2010-05-13,3.1805,3.245,3.169,3.2195,404
2010-05-14,3.2085,3.2085,3.106,3.123,639
2008-11-17,1.739,1.739,1.739,1.739,0
2008-11-18,1.753,1.753,1.753,1.753,10
2008-11-19,1.699,1.699,1.699,1.699,0
2008-11-20,1.668,1.668,1.668,1.668,0
2008-11-21,1.662,1.662,1.662,1.662,0
2008-11-24,1.7435,1.7435,1.7435,1.7435,0
2008-11-25,1.7255,1.7255,1.7255,1.7255,0
2008-11-26,1.7615,1.7615,1.7615,1.7615,0
2008-11-28,1.8095,1.811,1.719,1.719,11
2008-12-01,1.7005,1.7005,1.7005,1.7005,0
2008-12-02,1.664,1.664,1.664,1.664,0
2008-12-03,1.617,1.617,1.617,1.617,0
2008-12-04,1.531,1.531,1.531,1.531,0
2008-12-05,1.43,1.43,1.43,1.43,0
2008-12-08,1.5445,1.5445,1.5445,1.5445,0
2008-12-09,1.4915,1.4915,1.4915,1.4915,0
2008-12-10,1.543,1.543,1.543,1.543,0
2008-12-11,1.565,1.565,1.565,1.565,2
2008-12-12,1.4865,1.4865,1.4865,1.4865,0
2008-12-15,1.464,1.464,1.464,1.464,0
2008-12-16,1.4365,1.4365,1.4365,1.4365,0
2008-12-17,1.4305,1.4305,1.4305,1.4305,0
2008-12-18,1.4,1.4,1.36,1.36,4
2008-12-19,1.382,1.382,1.382,1.382,0
2008-12-22,1.403,1.403,1.403,1.403,0
2008-12-23,1.3495,1.3495,1.3495,1.3495,0
2008-12-24,1.345,1.345,1.345,1.345,0
2008-12-26,1.371,1.371,1.371,1.371,0
2008-12-29,1.3775,1.3775,1.3775,1.3775,0
2008-12-30,1.3845,1.3845,1.3845,1.3845,0
2008-12-31,1.4645,1.4645,1.4645,1.4645,0
2009-01-02,1.516,1.516,1.516,1.516,0
2009-01-05,1.517,1.517,1.517,1.517,0
2009-01-06,1.634,1.634,1.634,1.634,0
2009-01-07,1.563,1.563,1.563,1.563,0
2009-01-08,1.535,1.535,1.535,1.535,0
2009-01-09,1.5995,1.5995,1.5995,1.5995,0
2009-01-12,1.531,1.531,1.531,1.531,0
2009-01-13,1.599,1.599,1.599,1.599,0
2009-01-14,1.544,1.544,1.544,1.544,0
2009-01-15,1.5085,1.5085,1.5085,1.5085,0
2009-01-16,1.58,1.58,1.58,1.58,0
2009-01-20,1.5505,1.5505,1.5505,1.5505,0
2009-01-21,1.4795,1.4795,1.4795,1.4795,0
2009-01-22,1.4445,1.4445,1.4445,1.4445,0
2009-01-23,1.522,1.522,1.522,1.522,0
2009-01-26,1.633,1.633,1.633,1.633,0
2009-01-27,1.532,1.532,1.532,1.532,0
2009-01-28,1.542,1.542,1.542,1.542,0
2009-01-29,1.512,1.512,1.512,1.512,0
2009-01-30,1.525,1.525,1.525,1.525,0
2009-02-02,1.495,1.495,1.495,1.495,0
2009-02-03,1.5775,1.5775,1.5775,1.5775,0
2009-02-04,1.5765,1.5765,1.5765,1.5765,0
2009-02-05,1.5495,1.5495,1.5495,1.5495,0
2009-02-06,1.682,1.682,1.682,1.682,0
2009-02-09,1.673,1.673,1.673,1.673,0
2009-02-10,1.6385,1.6385,1.6385,1.6385,0
2009-02-11,1.6035,1.6035,1.6035,1.6035,0
2009-02-12,1.601,1.601,1.601,1.601,0
2009-02-13,1.5985,1.5985,1.5985,1.5985,0
2009-02-17,1.499,1.499,1.499,1.499,0
2009-02-18,1.511,1.511,1.511,1.511,0
2009-02-19,1.537,1.537,1.537,1.537,0
2009-02-20,1.4895,1.4895,1.4895,1.4895,0
2009-02-23,1.512,1.512,1.512,1.512,0
2009-02-24,1.5595,1.5595,1.5595,1.5595,0
2009-02-25,1.587,1.587,1.587,1.587,0
2009-02-26,1.6295,1.6295,1.6295,1.6295,0
2009-02-27,1.5895,1.5895,1.5895,1.5895,0
2009-03-02,1.566,1.566,1.566,1.566,0
2009-03-03,1.645,1.645,1.645,1.645,0
2009-03-04,1.7245,1.7245,1.7245,1.7245,0
2009-03-05,1.686,1.686,1.686,1.686,0
2009-03-06,1.724,1.724,1.724,1.724,0
2009-03-09,1.691,1.691,1.691,1.691,0
2009-03-10,1.7325,1.7325,1.7325,1.7325,0
2009-03-11,1.674,1.674,1.674,1.674,0
2009-03-12,1.681,1.681,1.681,1.681,0
2009-03-13,1.716,1.716,1.716,1.716,0
2009-03-16,1.7895,1.7895,1.7895,1.7895,0
2009-03-17,1.762,1.762,1.762,1.762,0
2009-03-18,1.764,1.764,1.764,1.764,0
2009-03-19,1.88,1.88,1.8515,1.8515,1
2009-03-20,1.842,1.842,1.842,1.842,0
2009-03-23,1.8885,1.8885,1.8885,1.8885,0
2009-03-24,1.861,1.861,1.861,1.861,0
2009-03-25,1.858,1.858,1.858,1.858,0
2009-03-26,1.9085,1.9085,1.9085,1.9085,0
2009-03-27,1.889,1.889,1.889,1.889,0
2009-03-30,1.8215,1.8215,1.8215,1.8215,0
2009-03-31,1.895,1.895,1.895,1.895,0
2009-04-01,1.8965,1.8965,1.8965,1.8965,0
2009-04-02,1.9305,1.9305,1.9305,1.9305,0
2009-04-03,2.0265,2.0265,2.0265,2.0265,0
2009-04-06,1.992,1.992,1.992,1.992,0
2009-04-07,2.0295,2.0295,2.0295,2.0295,0
2009-04-08,2.0395,2.0395,2.0395,2.0395,0
2009-04-09,2.1115,2.1115,2.1115,2.1115,0
2009-04-13,2.1665,2.1665,2.1665,2.1665,0
2009-04-14,2.1635,2.1635,2.1635,2.1635,0
2009-04-15,2.165,2.234,2.165,2.234,11
2009-04-16,2.198,2.198,2.198,2.198,0
2009-04-17,2.184,2.184,2.178,2.178,13
2009-04-20,2.0885,2.0885,2.0885,2.0885,0
2009-04-21,2.0485,2.0485,2.0485,2.0485,0
2009-04-22,2.0265,2.0265,2.0265,2.0265,0
2009-04-23,1.966,1.966,1.966,1.966,0
2009-04-24,2.0215,2.0215,2.0215,2.0215,0
2009-04-27,1.965,1.965,1.965,1.965,0
2009-04-28,1.9105,1.9105,1.9105,1.9105,0
2009-04-29,1.996,1.996,1.996,1.996,0
2009-04-30,2.032,2.032,2.032,2.032,0
2009-05-01,2.0865,2.0865,2.0865,2.0865,0
2009-05-04,2.1305,2.1305,2.1305,2.1305,0
2009-05-05,2.0765,2.0765,2.0765,2.0765,0
2009-05-06,2.173,2.173,2.173,2.173,0
2009-05-07,2.1635,2.1635,2.1635,2.1635,0
2009-05-08,2.1545,2.1545,2.1545,2.1545,0
2009-05-11,2.109,2.109,2.109,2.109,0
2009-05-12,2.12,2.12,2.106,2.106,5
2009-05-13,2.044,2.044,2.044,2.044,0
2009-05-14,2.0365,2.0365,2.0365,2.0365,0
2009-05-15,2.0305,2.0305,2.0305,2.0305,0
2009-05-18,2.084,2.084,2.084,2.084,0
2009-05-19,2.091,2.091,2.091,2.091,0
2009-05-20,2.1265,2.1265,2.1265,2.1265,0
2009-05-21,2.07,2.07,2.07,2.07,0
2009-05-22,2.1075,2.1075,2.1075,2.1075,0
2009-05-26,2.1425,2.1425,2.1425,2.1425,0
2009-05-27,2.137,2.137,2.137,2.137,0
2009-05-28,2.155,2.155,2.155,2.155,0
2009-05-29,2.199,2.199,2.199,2.199,0
2009-06-01,2.316,2.316,2.316,2.316,0
2009-06-02,2.3,2.3,2.3,2.3,0
2009-06-03,2.229,2.229,2.229,2.229,0
2009-06-04,2.318,2.318,2.318,2.318,0
2009-06-05,2.3095,2.3095,2.3095,2.3095,0
2009-06-08,2.279,2.279,2.279,2.279,22
2009-06-09,2.3855,2.3855,2.3855,2.3855,44
2009-06-10,2.383,2.383,2.383,2.383,22
2009-06-11,2.4,2.46,2.4,2.46,4
2009-06-12,2.393,2.393,2.393,2.393,0
2009-06-15,2.3085,2.3085,2.3085,2.3085,0
2009-06-16,2.3,2.3,2.2765,2.2765,1
2009-06-17,2.2825,2.2825,2.2825,2.2825,0
2009-06-18,2.2955,2.2955,2.2955,2.2955,0
2009-06-19,2.2755,2.2755,2.2755,2.2755,0
2009-06-22,2.1625,2.1625,2.1625,2.1625,0
2009-06-23,2.23,2.23,2.23,2.23,0
2009-06-24,2.2955,2.2955,2.2955,2.2955,0
2009-06-25,2.326,2.326,2.326,2.326,0
2009-06-26,2.3215,2.3215,2.3215,2.3215,0
2009-06-29,2.3385,2.3385,2.3385,2.3385,0
2009-06-30,2.288,2.288,2.288,2.288,0
2009-07-01,2.3465,2.3465,2.3465,2.3465,0
2009-07-02,2.3235,2.3235,2.3235,2.3235,0
2009-07-06,2.287,2.287,2.287,2.287,0
2009-07-07,2.2535,2.2535,2.2535,2.2535,0
2009-07-08,2.189,2.189,2.189,2.189,0
2009-07-09,2.261,2.261,2.261,2.261,0
2009-07-10,2.229,2.229,2.229,2.229,0
2009-07-13,2.2375,2.2375,2.2375,2.2375,0
2009-07-14,2.313,2.313,2.313,2.313,44
2009-07-15,2.401,2.401,2.399,2.399,11
2009-07-16,2.3975,2.3975,2.3975,2.3975,0
2009-07-17,2.431,2.431,2.431,2.431,0
2009-07-20,2.478,2.478,2.478,2.478,0
2009-07-21,2.4605,2.4605,2.4605,2.4605,0
2009-07-22,2.533,2.533,2.533,2.533,0
2009-07-23,2.514,2.514,2.514,2.514,0
2009-07-24,2.517,2.517,2.517,2.517,0
2009-07-27,2.5405,2.5405,2.5405,2.5405,0
2009-07-28,2.5345,2.5345,2.5345,2.5345,0
2009-07-29,2.4865,2.4865,2.4865,2.4865,0
2009-07-30,2.5645,2.5645,2.5645,2.5645,0
2009-07-31,2.579,2.6245,2.579,2.6245,18
2009-08-03,2.727,2.741,2.727,2.741,11
2009-08-04,2.7975,2.7975,2.7975,2.7975,0
2009-08-05,2.8105,2.8105,2.8105,2.8105,0
2009-08-06,2.756,2.756,2.756,2.756,0
2009-08-07,2.789,2.789,2.789,2.789,0
2009-08-10,2.7765,2.7765,2.7765,2.7765,0
2009-08-11,2.744,2.744,2.744,2.744,0
2009-08-12,2.825,2.825,2.825,2.825,0
2009-08-13,2.9075,2.9075,2.9075,2.9075,0
2009-08-14,2.8335,2.8335,2.8335,2.8335,0
2009-08-17,2.772,2.772,2.772,2.772,0
2009-08-18,2.7475,2.7475,2.7475,2.7475,0
2009-08-19,2.7435,2.7435,2.7435,2.7435,0
2009-08-20,2.73,2.73,2.73,2.73,0
2009-08-21,2.868,2.868,2.868,2.868,2
2009-08-24,2.9,2.9,2.9,2.9,11
2009-08-25,2.8485,2.8485,2.8485,2.8485,0
2009-08-26,2.861,2.861,2.861,2.861,0
2009-08-27,2.859,2.859,2.859,2.859,0
2009-08-28,2.9285,2.9285,2.9285,2.9285,0
2009-08-31,2.8055,2.8055,2.8055,2.8055,0
2009-09-01,2.8065,2.8065,2.8065,2.8065,0
2009-09-02,2.8165,2.8165,2.8165,2.8165,0
2009-09-03,2.85,2.85,2.85,2.85,0
2009-09-04,2.851,2.851,2.851,2.851,0
2009-09-08,2.88,2.9355,2.88,2.9355,1
2009-09-09,2.9325,2.9325,2.908,2.908,22
2009-09-10,2.864,2.864,2.864,2.864,0
2009-09-11,2.84,2.84,2.84,2.84,0
2009-09-14,2.8015,2.8015,2.8015,2.8015,0
2009-09-15,2.8415,2.8415,2.8415,2.8415,0
2009-09-16,2.9305,2.9305,2.9305,2.9305,0
2009-09-17,2.9035,2.9035,2.8915,2.8915,1
2009-09-18,2.7855,2.7855,2.7855,2.7855,1
2009-09-21,2.8065,2.8065,2.8065,2.8065,0
2009-09-22,2.866,2.866,2.866,2.866,0
2009-09-23,2.814,2.814,2.814,2.814,0
2009-09-24,2.7155,2.7155,2.7155,2.7155,0
2009-09-25,2.7465,2.7465,2.7465,2.7465,0
2009-09-28,2.7325,2.7325,2.7325,2.7325,0
2009-09-29,2.7375,2.7375,2.7375,2.7375,0
2009-09-30,2.8275,2.8275,2.8275,2.8275,0
2009-10-01,2.749,2.749,2.749,2.749,1
2009-10-02,2.69,2.6965,2.69,2.6965,1
2009-10-05,2.741,2.741,2.741,2.741,0
2009-10-06,2.795,2.795,2.795,2.795,0
2009-10-07,2.791,2.791,2.791,2.791,0
2009-10-08,2.906,2.906,2.906,2.906,0
2009-10-09,2.847,2.847,2.847,2.847,0
2009-10-12,2.864,2.864,2.864,2.864,0
2009-10-13,2.804,2.804,2.804,2.804,0
2009-10-14,2.8595,2.8595,2.8595,2.8595,4
2009-10-15,2.873,2.873,2.873,2.873,1
2009-10-16,2.863,2.863,2.863,2.863,0
2009-10-19,2.9815,2.9815,2.9815,2.9815,0
2009-10-20,2.948,2.948,2.948,2.948,0
2009-10-21,3.05,3.05,3.05,3.05,0
2009-10-22,3.013,3.013,3.013,3.013,0
2009-10-23,3.0535,3.0535,3.0535,3.0535,3
2009-10-26,3.035,3.035,3.035,3.035,8
2009-10-27,3.029,3.029,3.029,3.029,0
2009-10-28,2.961,2.961,2.961,2.961,0
2009-10-29,3.0575,3.0575,3.0575,3.0575,0
2009-10-30,2.9855,2.9855,2.9855,2.9855,0
2009-11-02,2.9755,2.9755,2.9755,2.9755,0
2009-11-03,2.9865,2.9865,2.9865,2.9865,0
2009-11-04,3.024,3.024,3.024,3.024,0
2009-11-05,2.9915,2.9915,2.9915,2.9915,0
2009-11-06,2.9895,2.9895,2.9895,2.9895,0
2009-11-09,3.0075,3.0075,3.0075,3.0075,0
2009-11-10,3.0005,3.0075,3.0005,3.0005,0
2009-11-11,3.0075,3.0075,3.0005,3.0075,0
2009-11-12,3.0005,3.0075,2.991,2.991,2
2009-11-13,3.019,3.019,2.991,3.019,0
2009-11-16,3.145,3.145,3.145,3.145,0
2009-11-17,3.1485,3.1485,3.1485,3.1485,0
2009-11-18,3.1505,3.1505,3.1505,3.1505,0
2009-11-19,3.123,3.123,3.123,3.123,0
2009-11-20,3.154,3.154,3.154,3.154,0
2009-11-23,3.181,3.181,3.181,3.181,0
2009-11-24,3.1775,3.1775,3.163,3.1665,7
2009-11-25,3.2205,3.2205,3.2205,3.2205,0
2009-11-27,3.151,3.151,3.151,3.151,0
2009-11-30,3.2015,3.2015,3.2015,3.2015,0
2009-12-01,3.254,3.254,3.254,3.254,0
2009-12-02,3.281,3.281,3.281,3.281,0
2009-12-03,3.271,3.271,3.271,3.271,0
2009-12-04,3.24,3.265,3.24,3.265,1
2009-12-07,3.238,3.238,3.238,3.238,0
2009-12-08,3.1955,3.1955,3.1955,3.1955,0
2009-12-09,3.1925,3.1925,3.154,3.154,11
2009-12-10,3.1365,3.1365,3.1365,3.1365,0
2009-12-11,3.1675,3.1675,3.1675,3.1675,0
2009-12-14,3.1865,3.1865,3.1865,3.1865,0
2009-12-15,3.179,3.179,3.1745,3.1745,1
2009-12-16,3.2385,3.2385,3.2385,3.2385,0
2009-12-17,3.1635,3.1635,3.1635,3.1635,0
2009-12-18,3.157,3.173,3.157,3.173,1
2009-12-21,3.19,3.191,3.19,3.191,1
2009-12-22,3.171,3.171,3.171,3.171,0
2009-12-23,3.235,3.235,3.235,3.235,0
2009-12-24,3.324,3.324,3.324,3.324,0
2009-12-28,3.3675,3.368,3.3675,3.3675,0
2009-12-29,3.3485,3.3485,3.3435,3.3435,1
2009-12-30,3.376,3.376,3.376,3.376,0
2009-12-31,3.378,3.378,3.378,3.378,0
2010-01-04,3.4375,3.4375,3.4375,3.4375,0
2010-01-05,3.445,3.445,3.445,3.445,12
2010-01-06,3.525,3.525,3.5205,3.5205,2
2010-01-07,3.4545,3.4545,3.4545,3.4545,3
2010-01-08,3.426,3.426,3.426,3.426,0
2010-01-11,3.464,3.464,3.464,3.464,0
2010-01-12,3.372,3.372,3.372,3.372,0
2010-01-13,3.4215,3.4215,3.4215,3.4215,0
2010-01-14,3.405,3.405,3.405,3.405,0
2010-01-15,3.386,3.386,3.386,3.386,0
2010-01-19,3.4625,3.4625,3.45,3.4625,8
2010-01-20,3.373,3.373,3.373,3.373,0
2010-01-21,3.3145,3.3145,3.3145,3.3145,0
2010-01-22,3.367,3.367,3.367,3.367,0
2010-01-25,3.4155,3.4155,3.4155,3.4155,0
2010-01-26,3.3605,3.3605,3.3605,3.3605,0
2010-01-27,3.2445,3.2445,3.2445,3.2445,0
2010-01-28,3.122,3.2465,3.122,3.122,1
2010-01-29,3.1345,3.1355,3.06,3.075,18
2010-02-01,3.06,3.1185,3.06,3.1085,17
2010-02-02,3.115,3.115,3.115,3.115,0
2010-02-03,3.15,3.15,3.0005,3.0005,26
2010-02-04,2.9665,2.9665,2.895,2.909,10
2010-02-05,2.8895,2.8905,2.8895,2.8905,2
2010-02-08,2.935,2.947,2.935,2.947,31
2010-02-09,2.9775,3.0205,2.9775,3.0205,1
2010-02-10,3.022,3.022,3.022,3.022,0
2010-02-11,3.072,3.1635,3.072,3.1635,3
2010-02-12,3.117,3.117,3.117,3.117,20
2010-02-16,3.175,3.252,3.175,3.252,12
2010-02-17,3.249,3.2745,3.249,3.2745,3
2010-02-18,3.251,3.322,3.2495,3.322,11
2010-02-19,3.396,3.396,3.096,3.396,0
2010-02-22,3.338,3.346,3.338,3.346,3
2010-02-23,3.254,3.254,3.254,3.254,4
2010-02-24,3.274,3.274,3.274,3.274,0
2010-02-25,3.22,3.2325,3.22,3.2325,4
2010-02-26,3.307,3.307,3.307,3.307,0
2010-03-01,3.3955,3.3955,3.374,3.374,3
2010-03-02,3.432,3.432,3.4315,3.432,0
2010-03-03,3.457,3.457,3.457,3.457,0
2010-03-04,3.3985,3.3985,3.3985,3.3985,0
2010-03-05,3.4415,3.4415,3.4415,3.4415,0
2010-03-08,3.437,3.437,3.437,3.437,0
2010-03-09,3.4385,3.4385,3.4385,3.4385,0
2010-03-10,3.4385,3.4385,3.3945,3.3945,1
2010-03-11,3.4045,3.4045,3.4045,3.4045,0
2010-03-12,3.405,3.408,3.405,3.408,14
2010-03-15,3.3435,3.3435,3.3435,3.3435,0
2010-03-16,3.394,3.394,3.394,3.394,0
2010-03-17,3.4475,3.4475,3.4475,3.4475,1
2010-03-18,3.4185,3.427,3.4185,3.427,9
2010-03-19,3.404,3.404,3.404,3.404,9
2010-03-22,3.413,3.413,3.413,3.413,0
2010-03-23,3.4115,3.4115,3.4115,3.4115,0
2010-03-24,3.378,3.378,3.378,3.378,0
2010-03-25,3.402,3.4135,3.396,3.413,8
2010-03-26,3.462,3.462,3.436,3.436,3
2010-03-29,3.568,3.568,3.568,3.568,0
2010-03-30,3.596,3.596,3.594,3.594,7
2010-03-31,3.5845,3.5845,3.5845,3.5845,1
2010-04-01,3.615,3.615,3.615,3.615,11
2010-04-05,3.663,3.6635,3.663,3.6635,3
2010-04-06,3.648,3.6555,3.648,3.648,2
2010-04-07,3.6395,3.6395,3.6295,3.6295,18
2010-04-08,3.623,3.623,3.621,3.621,1
2010-04-09,3.6295,3.6295,3.625,3.625,3
2010-04-12,3.602,3.602,3.6005,3.6005,6
2010-04-13,3.6385,3.6385,3.636,3.636,18
2010-04-14,3.6355,3.649,3.6355,3.645,4
2010-04-15,3.6315,3.645,3.6315,3.638,111
2010-04-16,3.555,3.559,3.553,3.553,5
2010-04-19,3.537,3.537,3.5365,3.5365,2
2010-04-20,3.556,3.556,3.5545,3.5545,1
2010-04-21,3.5775,3.5775,3.5765,3.5765,1
2010-04-22,3.5265,3.5265,3.5255,3.5255,1
2010-04-23,3.5105,3.55,3.5105,3.549,9
2010-04-26,3.5685,3.5685,3.567,3.567,1
2010-04-27,3.4065,3.4065,3.4025,3.4025,6
2010-04-28,3.4045,3.4075,3.4045,3.4065,3
2010-04-29,3.3915,3.392,3.3725,3.3725,5
2010-04-30,3.3865,3.388,3.376,3.376,25
2010-05-03,3.318,3.321,3.3165,3.3165,8
2010-05-04,3.3405,3.3405,3.2,3.2035,38
2010-05-05,3.15,3.196,3.0415,3.176,90
2010-05-06,3.233,3.233,3.142,3.142,86
2010-05-07,3.1515,3.169,3.1515,3.169,8
2010-05-10,3.262,3.2655,3.2445,3.254,33
2010-05-11,3.1755,3.235,3.1695,3.2315,16
2010-05-12,3.1915,3.247,3.1915,3.214,11
2010-05-13,3.22,3.258,3.22,3.256,21
2010-05-14,3.2,3.2,3.152,3.159,16
2010-05-17,3.06,3.06,2.9555,2.959,69
2010-05-18,3.0605,3.0805,3.0345,3.058,12
2010-05-19,2.99,3.0105,2.974,2.9855,38
2010-05-20,2.999,3.012,2.935,2.97,29
2010-05-21,3.104,3.112,3.085,3.085,63
2010-05-24,3.1635,3.1715,3.1535,3.1715,7
2010-05-25,3.0505,3.0725,3.05,3.069,5
2010-05-26,3.125,3.125,3.096,3.1075,27
2010-05-27,3.1785,3.1995,3.177,3.186,14
2010-05-28,3.1785,3.1885,3.132,3.132,21
2010-06-01,3.138,3.138,3.0545,3.091,1659
2010-06-02,3.041,3.087,3.0,3.069,1418
2010-06-03,3.042,3.0425,2.975,2.975,550
2010-06-04,2.9805,2.9805,2.8475,2.8475,691
2010-06-07,2.815,2.815,2.764,2.7945,410
2010-06-08,2.7835,2.83,2.7835,2.8085,180
2010-06-09,2.829,2.893,2.829,2.8775,27
2010-06-10,2.928,2.928,2.887,2.89,492
2010-06-11,2.931,2.9565,2.919,2.9335,54
2010-06-14,3.0325,3.0365,3.0055,3.022,25
2010-06-15,3.0055,3.0555,3.0055,3.033,133
2010-06-16,3.049,3.049,3.004,3.0225,655
2010-06-17,2.998,2.998,2.9315,2.933,39
2010-06-18,2.9,2.93,2.9,2.9105,605
2010-06-21,3.0355,3.059,2.9685,2.9685,705
2010-06-22,2.9825,3.019,2.982,3.019,99
2010-06-23,2.99,2.994,2.963,2.963,13
2010-06-24,3.003,3.032,3.003,3.032,31
2010-06-25,3.0355,3.12,3.021,3.119,149
2010-06-28,3.079,3.1225,3.079,3.097,37
2010-06-29,3.0775,3.0775,2.938,2.938,36
2010-06-30,2.9305,2.96,2.9305,2.9585,29
2010-07-01,2.9295,2.9295,2.882,2.8845,34
2010-07-02,2.923,2.965,2.916,2.924,16
2010-07-06,2.9425,3.02,2.939,2.9795,68
2010-07-07,3.0045,3.04,3.0045,3.023,82
2010-07-08,3.04,3.046,3.0175,3.0235,88
2010-07-09,3.0375,3.07,3.033,3.0615,26
2010-07-12,3.0405,3.0405,3.0125,3.017,55
2010-07-13,3.017,3.036,2.9935,3.0255,522
2010-07-14,3.035,3.045,3.0,3.0165,15
2010-07-15,3.014,3.0355,3.0125,3.0195,210
2010-07-16,3.005,3.005,2.9375,2.9375,19
2010-07-19,2.9655,2.9655,2.9445,2.9465,755
2010-07-20,2.963,3.0235,2.963,3.01,386
2010-07-21,3.0145,3.1115,3.0145,3.101,1907
2010-07-22,3.0615,3.191,3.056,3.1715,2046
2010-07-23,3.1745,3.2145,3.174,3.192,81
2010-07-26,3.188,3.242,3.181,3.23,258
2010-07-27,3.2275,3.2375,3.19,3.2155,945
2010-07-28,3.256,3.266,3.2,3.2545,661
2010-07-29,3.2575,3.3035,3.2575,3.299,671
2010-07-30,3.278,3.323,3.267,3.32,155
2010-08-02,3.322,3.3995,3.322,3.398,1056
2010-08-03,3.3745,3.3745,3.348,3.3665,390
2010-08-04,3.3635,3.4125,3.3615,3.4125,83
2010-08-05,3.412,3.412,3.3545,3.3615,110
2010-08-06,3.36,3.38,3.3505,3.3515,673
2010-08-09,3.3795,3.3965,3.356,3.3625,68
2010-08-10,3.3605,3.3605,3.2835,3.3215,188
2010-08-11,3.3195,3.322,3.2565,3.263,157
2010-08-12,3.257,3.3005,3.243,3.293,113
2010-08-13,3.288,3.3105,3.248,3.2605,199
2010-08-16,3.268,3.3045,3.26,3.288,81
2010-08-17,3.288,3.358,3.288,3.3465,157
2010-08-18,3.3365,3.361,3.32,3.358,60
2010-08-19,3.351,3.389,3.3015,3.3275,138
2010-08-20,3.3285,3.3285,3.263,3.2995,277
2010-08-23,3.308,3.308,3.285,3.3005,134
2010-08-24,3.28,3.28,3.2235,3.251,789
2010-08-25,3.231,3.2655,3.193,3.2205,337
2010-08-26,3.2365,3.32,3.235,3.3145,961
2010-08-27,3.299,3.3925,3.299,3.374,1447
2010-08-30,3.4335,3.4405,3.392,3.42,1189
2010-08-31,3.3985,3.401,3.355,3.365,1156
2010-09-01,3.379,3.4795,3.3755,3.4725,405
2010-09-02,3.466,3.493,3.462,3.4905,159
2010-09-03,3.4755,3.5275,3.47,3.4965,155
2010-09-07,3.489,3.5275,3.42,3.466,357
2010-09-08,3.4595,3.5075,3.448,3.4935,498
2010-09-09,3.484,3.488,3.391,3.4365,252
2010-09-10,3.4235,3.4415,3.3945,3.3995,224
2010-09-13,3.4335,3.483,3.4335,3.4735,203
2010-09-14,3.465,3.4875,3.4275,3.4625,728
2010-09-15,3.4515,3.4675,3.44,3.4605,202
2010-09-16,3.468,3.507,3.44,3.4865,579
2010-09-17,3.519,3.545,3.497,3.517,246
2010-09-20,3.53,3.549,3.499,3.499,250
2010-09-21,3.5105,3.5135,3.4755,3.4755,519
2010-09-22,3.5005,3.585,3.4905,3.559,657
2010-09-23,3.581,3.5885,3.5625,3.585,628
2010-09-24,3.5795,3.631,3.5795,3.6135,587
2010-09-27,3.623,3.623,3.58,3.5935,464
2010-09-28,3.5775,3.633,3.568,3.633,488
2010-09-29,3.6475,3.6665,3.629,3.6565,308
2010-09-30,3.6295,3.66,3.627,3.646,339
2010-10-01,3.6775,3.699,3.6735,3.6835,328
2010-10-04,3.675,3.678,3.648,3.6575,189
2010-10-05,3.6485,3.735,3.645,3.719,212
2010-10-06,3.73,3.7775,3.73,3.746,270
2010-10-07,3.75,3.7585,3.66,3.6735,267
2010-10-08,3.66,3.781,3.66,3.7665,140
2010-10-11,3.774,3.781,3.774,3.7795,158
2010-10-12,3.7275,3.8,3.7255,3.781,165
2010-10-13,3.8275,3.8275,3.807,3.814,161
2010-10-14,3.849,3.849,3.799,3.809,180
2010-10-15,3.833,3.8345,3.8,3.8345,219
